# .PCD v0.7 - Point Cloud Data file format
VERSION 0.7
FIELDS x y z intensity
SIZE 4 4 4 4
TYPE F F F F
COUNT 1 1 1 1
WIDTH 11065
HEIGHT 1
VIEWPOINT 0 0 0 1 0 0 0
POINTS 11065
DATA ascii
-13.058591 -39.192295 -8.0112829 0
-12.793844 -38.983261 -8.0087214 0
-3.2467833 -35.414791 -8.180891 0
-2.9702187 -35.214394 -8.1852455 0
1.6431284 -31.457634 -8.0238304 0
1.9076176 -31.246529 -8.0179253 0
-11.884202 -37.697083 -7.8740473 0
-11.616066 -37.491512 -7.8702807 0
-8.0506477 -36.68716 -7.8474898 0
-7.7704029 -36.491177 -7.8486757 0
-0.37910557 -32.814426 -7.9678946 0
-0.097075462 -32.618885 -7.968277 0
3.3564138 -30.137524 -7.9786401 0
3.630209 -29.93364 -7.9791107 0
4.940783 -28.714899 -7.9269295 0
5.2066445 -28.503843 -7.9302206 0
6.3427029 -27.263111 -7.8787856 0
6.588398 -27.035881 -7.8777857 0
7.4258161 -25.903427 -7.8326483 0
7.6800361 -25.683758 -7.8311038 0
-12.332309 -39.274231 -7.6202984 0
-2.5492239 -35.456158 -7.7430563 0
8.443985 -23.600391 -7.6809878 0
8.7071266 -23.389729 -7.6712966 0
-11.162107 -37.783257 -7.4754457 0
-7.3456888 -36.754871 -7.4209237 0
0.32169342 -32.866417 -7.5175238 0
2.3246508 -31.487003 -7.5680103 0
4.0421848 -30.164484 -7.5270967 0
5.6411052 -28.73731 -7.4854641 0
7.0287209 -27.26458 -7.4351802 0
-4.5277214 -34.790771 -7.2279143 0
-6.4089069 -34.341805 -7.2372403 0
-5.869812 -34.186588 -7.3076181 0
-1.0165977 -30.253529 -7.2059984 0
8.1187096 -25.923439 -7.3904548 0
9.1364069 -23.653358 -7.2377481 0
9.8386164 -21.348251 -7.3879595 0
10.106145 -21.14146 -7.3785725 0
-3.1253862 -35.402905 -7.062645 0
-1.6682405 -32.195187 -7.057744 0
-3.5587015 -31.732811 -7.1139083 0
-3.0137196 -31.583084 -7.1729803 0
0.31892872 -30.834824 -7.0930347 0
-1.5609989 -30.409174 -7.1453209 0
2.1466475 -29.541307 -7.0719199 0
0.16851616 -29.104893 -7.0993748 0
0.70349407 -28.94022 -7.1595836 0
1.7515483 -27.702358 -7.0250154 0
2.2909331 -27.539005 -7.0954885 0
3.6655884 -26.079544 -7.0270081 0
10.280117 -20.087097 -7.1640644 0
10.556471 -19.886553 -7.1651325 0
-12.884562 -39.259453 -6.899807 0
-14.194399 -38.647156 -6.9670515 0
-16.14904 -38.189953 -6.8180246 0
-15.624862 -38.020702 -6.8991871 0
-13.013042 -37.154705 -6.8514957 0
-9.2166166 -36.09956 -6.8819213 0
-11.193327 -35.603733 -6.8272877 0
-10.641289 -35.464375 -6.9046702 0
-5.5776043 -34.365196 -6.9368124 0
-0.27906036 -32.802567 -6.850317 0
1.7207737 -31.430819 -6.8968387 0
-0.72762299 -30.432331 -6.8300447 0
3.4590006 -30.11956 -6.859612 0
5.0535274 -28.682301 -6.8084922 0
3.6254277 -28.093891 -6.988781 0
5.0437298 -26.65741 -6.9404459 0
3.1354809 -26.252579 -6.9550791 0
6.1413693 -25.301525 -6.8957777 0
4.2337546 -24.872208 -6.909977 0
4.7675576 -24.705769 -6.9793806 0
10.534075 -21.411007 -6.9491348 0
-21.538864 -42.552349 -6.7709308 0
-11.714919 -37.768875 -6.7644267 0
-14.985116 -36.66748 -6.7148366 0
-7.9215584 -36.711815 -6.7293205 0
-14.452185 -36.508694 -6.7948618 0
-6.4777117 -34.358322 -6.7730017 0
-6.3840752 -34.089714 -6.7254066 0
-3.6367483 -31.749268 -6.6529741 0
-2.7240191 -31.766899 -6.7966304 0
-3.5366735 -31.487694 -6.6072779 0
-1.648098 -30.418816 -6.6797118 0
-1.549963 -30.157665 -6.6331692 0
0.090837479 -29.119186 -6.6361933 0
0.98759842 -29.109821 -6.7815709 0
2.577002 -27.698423 -6.7168179 0
6.4447546 -27.208748 -6.7546721 0
3.9825716 -26.258446 -6.6599264 0
7.5294795 -25.865086 -6.7097206 0
5.0748706 -24.886028 -6.6107101 0
7.1681061 -23.016859 -6.7286272 0
5.2685146 -22.552429 -6.7349772 0
5.8016748 -22.389675 -6.792871 0
10.983891 -20.142786 -6.7366152 0
-15.307537 -38.234261 -6.5637445 0
-14.131866 -36.730778 -6.459681 0
-10.351815 -35.655109 -6.5414057 0
-3.7994823 -35.300072 -6.4057274 0
-3.4419413 -35.194672 -6.4292698 0
-5.5093098 -34.522362 -6.5115623 0
-3.5596485 -30.954311 -6.4681215 0
-0.67435455 -30.582813 -6.4009447 0
0.18440151 -28.853323 -6.5900545 0
1.675674 -27.709114 -6.5594988 0
1.781527 -27.455212 -6.5227647 0
3.066452 -26.260431 -6.490665 0
3.1607809 -25.996361 -6.4524369 0
4.1727538 -24.893276 -6.4496346 0
2.0794373 -24.611198 -6.5002275 0
4.3346343 -24.632238 -6.4204693 0
8.5498819 -23.616749 -6.5604463 0
6.1121092 -22.598211 -6.4342852 0
8.5461092 -20.746765 -6.4113178 0
6.6787882 -20.297382 -6.4153614 0
7.2179794 -20.141298 -6.4766397 0
10.461423 -18.393652 -6.579937 0
10.728663 -18.185602 -6.5811286 0
11.330453 -16.262972 -6.4344926 0
-13.519288 -39.205635 -6.2013664 0
-13.158691 -39.103615 -6.2383633 0
-16.190323 -38.243835 -6.3540611 0
-16.091084 -37.980621 -6.2918081 0
-15.034643 -36.716919 -6.2500587 0
-11.249676 -35.643196 -6.3670535 0
-11.141397 -35.388092 -6.3162084 0
-6.3799334 -34.179367 -6.3048468 0
-0.97329521 -32.691704 -6.2109375 0
-0.60694504 -32.593895 -6.2278676 0
-2.6712961 -31.917862 -6.3673115 0
-3.4580784 -31.598816 -6.2018747 0
1.0376282 -31.340485 -6.2571087 0
1.3945751 -31.231613 -6.2726755 0
-1.4671259 -30.271706 -6.2295718 0
2.7662096 -30.017405 -6.2142019 0
3.1305428 -29.913986 -6.2339458 0
1.0462484 -29.260181 -6.3534727 0
-0.72402287 -28.349712 -6.2919517 0
2.6432014 -27.844908 -6.2879543 0
1.234767 -26.99502 -6.3110018 0
4.0293427 -26.381481 -6.2223701 0
2.9469776 -25.672346 -6.2947621 0
4.5038362 -24.232662 -6.2871361 0
5.8763361 -22.764742 -6.2601595 0
5.2012539 -22.588135 -6.275054 0
5.3103085 -22.3363 -6.2257781 0
4.9092302 -22.021021 -6.2120762 0
9.9545937 -21.381485 -6.2691813 0
6.8107424 -20.595581 -6.2137966 0
8.5017538 -19.26268 -6.2608714 0
7.6740775 -18.899384 -6.2260189 0
10.006199 -17.769178 -6.3848982 0
10.657121 -17.355135 -6.358377 0
10.920356 -17.143797 -6.3570967 0
12.535494 -14.97977 -6.2641983 0
-20.758774 -40.271515 -6.1457477 0
-15.223914 -38.417576 -6.1528053 0
-19.859594 -38.256126 -6.0957413 0
-12.358724 -37.707867 -6.0722775 0
-11.990167 -37.613823 -6.1082597 0
-17.775612 -37.123207 -6.1060047 0
-14.058266 -36.909592 -6.0449429 0
-14.931076 -36.457912 -6.1893702 0
-8.2272873 -36.52285 -6.0860691 0
-10.288317 -35.820786 -6.1196661 0
-6.5815439 -31.817234 -6.142035 0
-3.5209055 -30.99419 -6.0234737 0
-3.7463055 -29.210041 -6.0416794 0
0.26514721 -28.960789 -6.1845083 0
4.3647161 -28.578026 -6.1563206 0
4.7293859 -28.472601 -6.1814766 0
-1.7848186 -27.888241 -6.0524507 0
1.7571244 -27.512398 -6.0909481 0
5.7609291 -27.105949 -6.0991278 0
6.1312542 -27.003372 -6.1290665 0
-0.05653286 -26.578247 -6.0214329 0
3.1412296 -26.052364 -6.0211363 0
6.8469834 -25.763042 -6.0556631 0
7.2134852 -25.660328 -6.0822248 0
5.1382461 -25.031139 -6.1809058 0
6.1736403 -22.765013 -6.0116682 0
7.0088277 -21.421394 -6.1712523 0
7.5116253 -20.339922 -6.1137524 0
10.418581 -20.115009 -6.0498266 0
9.01544 -19.501534 -6.1799598 0
7.1193061 -19.041321 -6.1460228 0
11.172836 -18.444046 -6.154726 0
10.779387 -16.33708 -6.0653882 0
11.034757 -16.119768 -6.0612769 0
-22.699957 -40.941227 -5.8395519 0
-20.153601 -40.612 -5.8242655 0
-19.221661 -39.019516 -5.9447203 0
-18.939602 -38.826275 -5.9452043 0
-15.981398 -38.124088 -5.9039011 0
-15.985913 -35.779427 -5.9363999 0
-11.064595 -35.501209 -5.9120197 0
-3.9651575 -35.334614 -5.8706727 0
-13.250178 -34.871559 -5.9446545 0
-6.4239798 -34.279701 -5.8831186 0
-12.071477 -33.370998 -5.8212752 0
-8.2944088 -32.283615 -5.9748878 0
-5.5520735 -31.919767 -5.9378729 0
-2.7208128 -29.314163 -5.810699 0
-7.5808849 -28.570095 -5.8044538 0
-0.67704487 -28.395966 -5.85079 0
-0.75096893 -27.985714 -5.82798 0
1.2739391 -27.039221 -5.8679948 0
-2.5842876 -26.017616 -5.8509822 0
2.9999475 -25.718761 -5.8546867 0
1.5177102 -25.167952 -5.9737563 0
4.3464866 -24.724539 -5.9990067 0
4.5579629 -24.271997 -5.8462081 0
0.17924595 -23.879343 -5.9118299 0
2.8866777 -23.711121 -5.9172277 0
7.8573341 -23.522659 -5.9039426 0
8.2460451 -23.442091 -5.9302855 0
5.9280872 -22.798588 -5.8179169 0
5.3865767 -22.452297 -5.8216701 0
4.0101113 -22.339108 -5.8468108 0
6.6102171 -20.334543 -5.9533758 0
6.7029648 -20.066317 -5.893609 0
7.9676232 -19.0867 -5.8630919 0
8.1138134 -19.193521 -5.8449206 0
11.344741 -17.389282 -5.9242401 0
8.0949955 -17.122858 -5.8359151 0
9.4166069 -15.626474 -5.876523 0
-13.656096 -39.279854 -5.6622448 0
-14.828443 -36.599174 -5.7993736 0
-14.392144 -34.641579 -5.6353855 0
-11.325721 -33.116272 -5.6421556 0
-1.1522932 -32.723251 -5.6806011 0
-11.304116 -32.151924 -5.6415172 0
-3.5941715 -31.677364 -5.7662449 0
0.85913467 -31.376068 -5.7258387 0
-7.0788288 -30.699203 -5.7820807 0
-1.6009216 -30.354298 -5.794106 0
2.5915852 -30.051384 -5.6825638 0
-8.4811954 -29.535166 -5.6621342 0
-10.933077 -29.035 -5.6508884 0
0.14454174 -29.051813 -5.7511244 0
4.1989484 -28.610138 -5.6231079 0
-6.5104408 -28.273228 -5.6578512 0
-6.379756 -28.187771 -5.6179032 0
-4.3117013 -28.166182 -5.710166 0
-4.1963925 -28.007523 -5.6900234 0
1.7230659 -27.617069 -5.6716232 0
-6.3517895 -27.106096 -5.6382499 0
-4.7769027 -26.980583 -5.6069746 0
-2.3523884 -26.859648 -5.7149897 0
-2.2391586 -26.699512 -5.6941538 0
0.97211838 -26.66732 -5.7988582 0
3.1197748 -26.163067 -5.6039181 0
-0.62258482 -25.550718 -5.6888227 0
-0.51875496 -25.384729 -5.6667171 0
2.5372882 -25.236837 -5.7574892 0
0.93387556 -24.134645 -5.6428671 0
1.0407014 -23.970079 -5.6250534 0
3.9193859 -23.779119 -5.7108507 0
5.0503373 -22.426157 -5.6407871 0
7.0753608 -21.467356 -5.733181 0
3.0085993 -21.334513 -5.6924 0
9.2654009 -21.290607 -5.6073065 0
9.6396551 -21.199747 -5.6301689 0
7.5683098 -20.50633 -5.6911736 0
4.8818932 -19.937592 -5.6789055 0
7.0719676 -19.089046 -5.6902189 0
7.1784263 -18.834015 -5.6407318 0
6.601841 -18.550869 -5.7140212 0
7.8395753 -17.19099 -5.6569929 0
11.478764 -16.378555 -5.6353583 0
10.824539 -15.386501 -5.6840072 0
11.096523 -15.18248 -5.6871252 0
10.613419 -14.225263 -5.6778922 0
13.750515 -12.849417 -5.6415586 0
-27.49057 -41.960373 -5.4547486 0
-18.491035 -39.124168 -5.5510263 0
-16.087997 -38.232773 -5.4637012 0
-12.495349 -37.785606 -5.5367432 0
-8.7397938 -36.680943 -5.5285869 0
-16.259796 -35.741276 -5.5154581 0
-11.186833 -35.594532 -5.4749107 0
-13.182595 -34.947594 -5.5091467 0
-6.3070984 -34.420769 -5.4881735 0
-15.07675 -34.229744 -5.4292636 0
-12.91455 -33.229725 -5.406002 0
-10.288574 -33.243679 -5.4566755 0
-8.2301216 -32.349049 -5.5385113 0
-11.838533 -31.573162 -5.4583149 0
-10.500237 -31.238686 -5.559866 0
-9.4155827 -31.188927 -5.4524164 0
-7.6833558 -28.61566 -5.5620842 0
-5.7235484 -27.345995 -5.5550809 0
5.6149044 -27.148876 -5.5682216 0
-3.9893379 -26.05131 -5.5139856 0
6.6897082 -25.802025 -5.5235729 0
-3.222333 -25.620775 -5.5019283 0
-3.5361261 -25.581402 -5.5370498 0
4.2239852 -24.80484 -5.5606265 0
-2.4187331 -24.670895 -5.4294109 0
-1.6256218 -24.261129 -5.523138 0
-1.8146553 -24.187922 -5.4161005 0
0.93801403 -23.977989 -5.5094519 0
0.10569859 -22.949081 -5.5179343 0
2.3128223 -22.68926 -5.5937462 0
2.4229827 -22.52614 -5.5789685 0
1.6403985 -21.526447 -5.5091205 0
3.444952 -21.313354 -5.5138865 0
2.984252 -20.068827 -5.4760094 0
5.0783176 -20.058861 -5.5683661 0
6.7896681 -20.196014 -5.4954453 0
10.112196 -19.930634 -5.407681 0
8.0969982 -19.251923 -5.4229755 0
10.590745 -18.39316 -5.4621062 0
9.1741352 -17.778826 -5.5975924 0
7.3054376 -17.352787 -5.5839572 0
8.8479347 -17.255301 -5.4391932 0
9.5383329 -16.955837 -5.4968672 0
8.0345926 -16.149607 -5.4248676 0
10.178019 -15.695664 -5.4723673 0
-14.946013 -36.700302 -5.3580995 0
-15.19674 -35.833115 -5.3738308 0
-14.026516 -34.320358 -5.2708421 0
-11.994783 -33.452705 -5.3897405 0
-11.861336 -32.086136 -5.2498507 0
-11.744866 -31.928988 -5.2272224 0
-3.5099926 -31.794279 -5.3621273 0
-12.945 -31.357132 -5.318078 0
-12.93162 -31.025875 -5.2188873 0
-10.520714 -31.139227 -5.2705407 0
-1.4923973 -30.493576 -5.3964305 0
0.24612141 -29.179646 -5.3503428 0
-10.127691 -28.739504 -5.3872337 0
-10.118732 -28.400782 -5.287087 0
-7.7018518 -28.525784 -5.2782545 0
-8.3004284 -28.183613 -5.2102184 0
-6.2552929 -28.153185 -5.3022947 0
1.8320394 -27.741287 -5.2717638 0
-8.1656532 -27.49612 -5.3704262 0
-5.7413797 -27.259035 -5.2710767 0
-8.1581278 -27.164442 -5.2705364 0
-9.717947 -26.967731 -5.374619 0
3.2410145 -26.292294 -5.2060304 0
-6.4388781 -26.195469 -5.3134203 0
-6.4320593 -25.862759 -5.2154617 0
-4.019278 -25.947166 -5.2242556 0
-3.4022579 -25.581841 -5.229311 0
-4.4529667 -25.230967 -5.2032743 0
-4.8658233 -24.836555 -5.2012758 0
-1.4695082 -24.267237 -5.2210689 0
7.6999693 -23.583733 -5.3760257 0
-1.044404 -23.239202 -5.3509274 0
-0.70858479 -22.750299 -5.3564205 0
5.2491598 -22.537758 -5.3838224 0
0.073591232 -21.818634 -5.2817154 0
1.7926106 -21.523331 -5.2070303 0
3.7731905 -21.432177 -5.2729793 0
6.1180696 -20.175228 -5.361865 0
9.7393723 -20.024153 -5.3784571 0
5.6493196 -19.974157 -5.2491369 0
7.2577777 -18.946236 -5.2366085 0
4.1475558 -18.703136 -5.3682027 0
7.3587399 -18.691463 -5.3113661 0
6.9615364 -18.107254 -5.3513355 0
6.5043697 -17.809563 -5.2158008 0
8.1509218 -17.3857 -5.2986526 0
10.78328 -17.355442 -5.2380209 0
9.477272 -16.767136 -5.3980026 0
7.4998875 -16.310913 -5.3515921 0
9.9823093 -15.688538 -5.305366 0
11.538746 -15.439602 -5.2576017 0
11.393776 -14.463407 -5.31357 0
10.859684 -14.269588 -5.3204455 0
15.200963 -10.649879 -5.2487907 0
-32.398952 -44.818558 -5.0224276 0
-31.283661 -43.18866 -5.0842533 0
-20.693371 -40.598938 -5.0938506 0
-24.92815 -40.059242 -5.0606241 0
-21.932964 -40.030933 -5.1678476 0
-24.651417 -39.863316 -5.0578704 0
-23.412418 -39.34362 -5.0375013 0
-15.960623 -38.394146 -5.0833769 0
-11.069394 -35.748642 -5.0859318 0
-16.77483 -34.738853 -5.0613832 0
-16.655333 -34.583466 -5.0385113 0
-16.035883 -33.417381 -5.1023412 0
-10.313287 -31.316319 -5.087369 0
-12.267292 -30.157276 -5.0992665 0
-12.167598 -30.042122 -5.0868044 0
-11.051995 -29.520519 -5.0012817 0
-7.5028872 -28.698109 -5.087193 0
-6.0875444 -28.193665 -5.0078492 0
-9.4223804 -27.927971 -5.0787168 0
-8.2260284 -27.873552 -5.145257 0
-9.4655037 -27.517647 -5.1489911 0
-9.3554058 -27.419876 -5.1418023 0
-5.5375519 -27.432587 -5.0827842 0
-7.5079508 -26.286402 -5.1342134 0
-7.4122615 -26.166801 -5.1179037 0
-3.8208647 -26.111313 -5.0335512 0
-5.476594 -25.569668 -5.1769748 0
-5.4055095 -25.258356 -5.111228 0
-5.7362432 -24.922592 -5.0798292 0
4.3303609 -24.927631 -5.160346 0
-4.861443 -24.501745 -5.1067462 0
-2.4469647 -24.563354 -5.1402316 0
-3.5368156 -24.283417 -5.1632428 0
1.5400963 -24.223209 -5.0739636 0
-3.4853091 -23.96656 -5.0913401 0
-3.4882281 -23.41647 -5.1043873 0
-3.4862936 -23.079563 -5.0114241 0
-1.0675797 -23.13455 -5.0641179 0
-1.8229251 -22.969149 -5.1448412 0
0.21266079 -22.908344 -5.1972165 0
-1.7600465 -22.655317 -5.0783687 0
-2.3645797 -21.979252 -5.0471807 0
-0.27921104 -21.561827 -5.116622 0
-0.22045994 -21.246117 -5.0537853 0
9.1002264 -21.348104 -5.0760717 0
0.3666575 -20.423971 -5.1291232 0
6.6580286 -20.289537 -5.0593858 0
1.0892715 -20.120787 -5.0766087 0
3.1473341 -20.064903 -5.1774912 0
1.1376419 -19.801472 -5.0136385 0
1.1631923 -19.504456 -5.0098867 0
4.537118 -19.043062 -5.1993484 0
4.3075242 -18.703505 -5.0686417 0
7.5398254 -17.931248 -5.0145111 0
7.2423949 -17.376545 -5.1196733 0
7.3542943 -17.126785 -5.0777888 0
9.5896177 -17.020275 -5.0579081 0
8.3441648 -16.344389 -5.066608 0
10.784427 -15.858555 -5.0184093 0
9.4682236 -15.700792 -5.0723543 0
7.6264939 -15.297056 -5.0697789 0
8.157382 -15.132053 -5.1411757 0
10.475436 -13.750227 -5.0637779 0
10.751278 -13.550991 -5.0718918 0
11.839421 -12.239865 -5.0788317 0
15.615118 -9.3410301 -5.1955819 0
-23.939922 -39.505978 -4.9466829 0
-19.045139 -39.11145 -4.8408279 0
-20.440502 -38.460365 -4.8936234 0
-21.76593 -37.831352 -4.8680692 0
-14.801868 -36.883652 -4.9853244 0
-15.600348 -33.215744 -4.9788775 0
-15.498325 -33.050148 -4.9474168 0
-15.227055 -32.508526 -4.9939194 0
-10.257364 -31.388514 -4.8495841 0
-12.14902 -30.062773 -4.904911 0
-7.4739199 -28.744362 -4.8409867 0
-8.2931938 -28.178608 -4.9500556 0
-8.2198277 -27.972281 -4.9119921 0
-9.34128 -27.43998 -4.9594913 0
-5.4981098 -27.490543 -4.8398991 0
-8.1992426 -26.399427 -4.9166465 0
-7.3943753 -26.192158 -4.9378996 0
-3.2473736 -25.619883 -4.927927 0
-6.9830527 -25.575092 -4.8191175 0
-5.5017195 -25.554363 -4.9105258 0
-3.6854038 -25.45756 -4.8453388 0
-5.4150634 -25.352882 -4.8750138 0
-5.6610155 -24.900272 -4.8974333 0
-2.2455363 -24.722818 -4.9494996 0
-3.5572829 -24.271395 -4.8969989 0
-1.309968 -24.306101 -4.9208255 0
-3.49195 -24.062933 -4.8560185 0
-4.2210889 -23.612213 -4.9946861 0
-4.1139355 -23.505688 -4.893198 0
-0.85387421 -23.302694 -4.8773522 0
1.5969219 -23.200922 -4.8164458 0
-1.8479967 -22.953672 -4.8774576 0
0.36164284 -22.941692 -4.8969059 0
-1.7735977 -22.747948 -4.8403215 0
5.358429 -22.686161 -4.9908094 0
-2.8569145 -22.179544 -4.9064837 0
-2.7472038 -22.08242 -4.9054666 0
0.26815557 -21.896435 -4.8117876 0
-2.35251 -21.660862 -4.9572854 0
0.062358856 -21.730453 -4.99964 0
4.3533487 -21.622541 -4.8060412 0
-0.29938173 -21.544313 -4.849659 0
1.9461493 -21.552414 -4.9064364 0
-0.2122798 -21.341444 -4.818964 0
-1.6639661 -20.706537 -4.8347659 0
1.0593691 -20.098106 -4.8063798 0
3.3041677 -20.091291 -4.8780651 0
9.5859718 -20.0814 -4.8454041 0
-1.2777498 -19.643227 -4.8000288 0
7.9294786 -18.875216 -4.8475466 0
2.2382665 -18.734222 -4.9708433 0
2.301456 -18.419884 -4.9078116 0
10.288361 -18.202272 -4.8251038 0
8.2139244 -17.538422 -4.8721695 0
9.4663258 -17.368374 -4.9713416 0
5.9812088 -16.800652 -4.8356428 0
5.2852621 -16.454657 -4.9428139 0
6.9796071 -16.575123 -4.9787354 0
7.431694 -16.330709 -4.8843713 0
10.906466 -16.334763 -4.9462409 0
7.5400629 -16.077496 -4.8398685 0
10.04026 -15.748967 -4.8667874 0
11.456032 -14.57975 -4.9374628 0
11.974594 -14.585826 -4.843956 0
15.746114 -7.5908284 -4.8070636 0
-23.969593 -40.350922 -4.7525539 0
-24.196808 -40.182861 -4.6902852 0
-23.097612 -39.557411 -4.705873 0
-22.316389 -37.970402 -4.7807641 0
-20.934723 -36.110928 -4.7888565 0
-20.131496 -35.193958 -4.6739368 0
-19.771515 -34.561493 -4.7489548 0
-18.955259 -33.659698 -4.6334195 0
-15.22516 -32.441208 -4.7112036 0
-17.64485 -32.284557 -4.6206679 0
-15.985334 -32.172955 -4.7345767 0
-10.219029 -31.439651 -4.6040077 0
-14.791092 -30.655718 -4.6524577 0
-10.896309 -29.537685 -4.7021236 0
-13.321974 -29.328823 -4.6125741 0
-8.2227783 -28.221142 -4.7140579 0
-8.6441383 -28.115118 -4.7467575 0
-8.1793251 -28.055874 -4.6814995 0
-10.522067 -26.698801 -4.7004743 0
-3.7668562 -26.183191 -4.7954268 0
-9.0975838 -25.662056 -4.7765422 0
-8.6474419 -25.5203 -4.6728468 0
-8.5159187 -25.414347 -4.6667295 0
-5.4366226 -25.595909 -4.67342 0
-5.3694377 -25.438761 -4.645339 0
-2.1990018 -24.779285 -4.7077188 0
-6.9163113 -24.233017 -4.6323423 0
-3.5047626 -24.309093 -4.6569958 0
-6.796648 -24.101158 -4.6174984 0
-3.4473953 -24.148802 -4.6265831 0
-5.1312981 -23.936487 -4.7992058 0
-0.80714273 -23.35527 -4.6343913 0
-4.166204 -22.958317 -4.7658753 0
-1.7478006 -22.915272 -4.6268902 0
-2.7277975 -22.099026 -4.7233515 0
-2.2589588 -21.654085 -4.7382932 0
-0.22700357 -21.582294 -4.6134253 0
-2.3190317 -21.322979 -4.7062359 0
-1.5837586 -20.686327 -4.65518 0
6.7630777 -20.437716 -4.6670055 0
-0.54931259 -20.335833 -4.7423434 0
6.2274294 -20.215658 -4.7988439 0
-0.45832729 -20.000919 -4.6707225 0
1.1323786 -19.890879 -4.7744274 0
1.137423 -19.410465 -4.7169943 0
-1.2675159 -19.309196 -4.6888752 0
7.1291614 -19.032932 -4.7965007 0
0.96285439 -18.912359 -4.7547107 0
1.2569809 -18.67584 -4.6941848 0
2.2248034 -18.719505 -4.7052083 0
4.4743981 -18.737415 -4.7713017 0
2.291151 -18.510691 -4.668735 0
9.9333248 -18.311277 -4.7993708 0
1.7848465 -18.141769 -4.7509193 0
2.3084865 -17.457197 -4.7373962 0
2.598578 -17.24395 -4.6325216 0
2.7582326 -17.235325 -4.7452126 0
7.4310279 -17.228218 -4.6705327 0
8.0120831 -16.682348 -4.789227 0
5.4009066 -16.427647 -4.6237679 0
8.4117537 -16.502804 -4.6422482 0
9.4735317 -16.344704 -4.7276673 0
3.4934506 -16.091938 -4.6035624 0
4.1102552 -15.763196 -4.7532887 0
7.5606446 -15.317997 -4.6038265 0
8.4664593 -15.324991 -4.7818084 0
10.792291 -14.832891 -4.782033 0
9.5495472 -14.777195 -4.716763 0
7.675487 -14.343458 -4.7112637 0
8.2125378 -14.184723 -4.7839093 0
10.142411 -13.962975 -4.7999291 0
11.189554 -13.806162 -4.6390686 0
12.591374 -12.354351 -4.6735578 0
13.312407 -9.8278036 -4.6106472 0
-20.946007 -40.454174 -4.4299507 0
-23.993385 -39.543571 -4.4703145 0
-23.883095 -39.290195 -4.4120026 0
-21.462681 -38.045959 -4.5261879 0
-15.023827 -32.619793 -4.5333323 0
-15.844254 -32.162899 -4.4242258 0
-16.973341 -31.421671 -4.4749241 0
-16.852444 -31.340149 -4.4752703 0
-12.960987 -29.510239 -4.5737314 0
-10.724464 -29.59123 -4.4098582 0
-13.102614 -29.321226 -4.5103245 0
-12.878252 -29.203846 -4.499774 0
-7.4261303 -28.813164 -4.5994062 0
-14.848848 -28.593693 -4.5674038 0
-8.1506615 -28.264519 -4.4762487 0
-12.89119 -27.438023 -4.5389957 0
-5.4543848 -27.553562 -4.5968914 0
-10.29617 -26.704067 -4.5251393 0
-7.4355888 -26.589783 -4.572854 0
-3.7301817 -26.234989 -4.5499516 0
-11.153768 -26.134712 -4.4606004 0
-5.3564 -25.643005 -4.4364691 0
-3.0894203 -25.672333 -4.4087539 0
-8.3471241 -25.487133 -4.5010881 0
-2.1501465 -24.838432 -4.4649472 0
-3.4274125 -24.355297 -4.4198494 0
-6.6369634 -24.160547 -4.520618 0
-5.161376 -23.971668 -4.4379478 0
-1.7055635 -23.037636 -4.4028854 0
-5.3567219 -22.866203 -4.5351014 0
-5.2238998 -22.762344 -4.5343904 0
-5.073947 -22.795677 -4.4292574 0
0.30912447 -21.946812 -4.5679741 0
-3.9879522 -21.447031 -4.4479475 0
-0.17065811 -21.420744 -4.5866966 0
-3.8596709 -21.33515 -4.4459529 0
4.3991003 -20.60013 -4.5526047 0
1.1245098 -20.131214 -4.5685263 0
1.1834497 -19.970415 -4.5439777 0
1.3395047 -19.58831 -4.5357485 0
6.2809038 -19.191332 -4.5404043 0
7.1993251 -19.194927 -4.4037085 0
2.2930083 -18.757124 -4.4682045 0
-0.61275768 -18.430346 -4.531754 0
2.3614836 -18.599344 -4.4434109 0
-0.5035727 -18.331047 -4.5223284 0
7.9858007 -17.848799 -4.5961676 0
0.15565217 -17.376089 -4.4130335 0
10.105288 -17.257204 -4.566896 0
10.480102 -17.165054 -4.5989056 0
2.2593937 -16.935787 -4.4365921 0
3.2919173 -16.414898 -4.5253773 0
3.4414415 -16.157158 -4.4809318 0
7.6222191 -16.185467 -4.435318 0
6.4250216 -15.547208 -4.5870161 0
10.947128 -15.37866 -4.5654383 0
7.7222419 -15.056364 -4.5685182 0
7.1316657 -14.847696 -4.4512954 0
5.3112721 -14.419041 -4.5968704 0
8.5192814 -14.375465 -4.4216952 0
6.7011995 -14.171409 -4.5299988 0
9.5878296 -13.941404 -4.431458 0
12.019629 -13.558885 -4.5997796 0
8.1208782 -13.292624 -4.4640045 0
10.345422 -12.92659 -4.5575819 0
10.296812 -11.897389 -4.5201135 0
10.558066 -11.68675 -4.5217643 0
13.724752 -8.6831236 -4.5780754 0
15.947931 -6.5601354 -4.5441623 0
-21.31142 -40.549454 -4.3855495 0
-23.010767 -39.743408 -4.2971606 0
-22.357422 -38.033752 -4.3226471 0
-22.18148 -37.78545 -4.2781067 0
-22.553289 -35.328228 -4.310286 0
-20.127279 -35.126755 -4.3828163 0
-21.389599 -33.770054 -4.2915568 0
-18.961468 -33.582172 -4.3369961 0
-14.982288 -32.68124 -4.2919817 0
-17.8869 -32.19141 -4.2192163 0
-17.652586 -31.250717 -4.3819327 0
-16.84473 -31.347279 -4.284452 0
-10.225673 -31.398029 -4.3415976 0
-14.64108 -30.680483 -4.3546195 0
-12.975769 -29.505737 -4.3058376 0
-13.078535 -29.351734 -4.3773208 0
-12.912945 -29.297855 -4.2578058 0
-7.4339209 -28.77668 -4.3387947 0
-8.0273762 -28.289963 -4.3280411 0
-5.4648786 -27.515076 -4.3351507 0
-10.304854 -26.701221 -4.3100104 0
-3.6417089 -26.269861 -4.3046722 0
-12.803724 -26.032946 -4.2101407 0
-12.641501 -25.955639 -4.2078638 0
-8.3076124 -25.541498 -4.231884 0
-9.5774422 -24.815281 -4.299336 0
-2.1518173 -24.801798 -4.2052631 0
-6.6137724 -24.192175 -4.3877697 0
-9.1076794 -23.726616 -4.2669196 0
-0.76885986 -23.398245 -4.3878536 0
-5.0546761 -22.81502 -4.2928247 0
-7.2103767 -22.484991 -4.2209435 0
3.2161827 -22.542862 -4.2012849 0
0.36247063 -22.011528 -4.3266087 0
-0.14075565 -21.625017 -4.3771982 0
-3.6749878 -21.411283 -4.2142835 0
-3.7071388 -21.370871 -4.3434963 0
-2.3490887 -21.354115 -4.3466105 0
-5.4817371 -21.178087 -4.2029328 0
-2.8419216 -20.017746 -4.3743315 0
-0.47159481 -20.031445 -4.3132973 0
1.2160387 -20.17292 -4.3335972 0
-2.7186556 -19.894087 -4.365644 0
-2.5602913 -19.945765 -4.2682648 0
1.3868022 -19.659655 -4.2977281 0
1.2331285 -18.706856 -4.3350267 0
2.3675003 -18.797028 -4.2303324 0
-0.48816323 -18.354689 -4.3397574 0
9.7677708 -18.349014 -4.2614312 0
2.7554221 -17.258678 -4.387682 0
7.3143315 -17.318626 -4.2329316 0
0.16155446 -17.023548 -4.2896175 0
2.5763044 -17.15472 -4.3386621 0
3.3538051 -16.461845 -4.2901216 0
5.5681887 -16.477064 -4.3296776 0
3.431026 -16.258352 -4.2466483 0
10.231381 -16.23756 -4.2776918 0
3.0587392 -16.016739 -4.3310618 0
10.597584 -16.13829 -4.3069825 0
4.0765324 -15.792169 -4.3905478 0
8.5352802 -15.483131 -4.357492 0
8.1770792 -14.955757 -4.2651458 0
5.2666659 -14.453475 -4.2336164 0
10.86225 -14.510778 -4.2449694 0
6.8897991 -14.230423 -4.2489424 0
7.6150899 -14.36932 -4.2489257 0
7.7140508 -14.106483 -4.2021542 0
10.203066 -14.016232 -4.3610687 0
7.329833 -13.807287 -4.2069807 0
7.5913219 -13.455622 -4.3945251 0
7.1762576 -12.958839 -4.3365312 0
13.197409 -12.502852 -4.2097836 0
10.474391 -11.909262 -4.2872534 0
9.8635073 -11.026037 -4.2698784 0
10.293208 -10.887875 -4.3254008 0
14.0776 -10.048821 -4.2412271 0
16.059162 -5.5351901 -4.2886925 0
-23.761478 -39.444901 -4.0316029 0
-19.700323 -39.041954 -4.1448998 0
-19.334009 -38.948593 -4.1781373 0
-21.387676 -38.232784 -4.1151991 0
-21.002174 -36.218895 -4.0887723 0
-19.990124 -35.2621 -4.1919003 0
-22.530962 -35.008476 -4.1883731 0
-21.859047 -34.146099 -4.035346 0
-21.748295 -34.048447 -4.0287399 0
-18.828764 -33.716045 -4.1433063 0
-21.372429 -33.432949 -4.1618443 0
-14.935536 -32.749104 -4.0517406 0
-20.686632 -32.597343 -4.0154591 0
-20.581791 -32.489449 -4.0018177 0
-15.63026 -32.266079 -4.162343 0
-17.795103 -31.890867 -4.1393166 0
-16.700857 -30.660549 -4.1572728 0
-14.452996 -30.746965 -4.0727887 0
-16.607578 -30.360254 -4.0772166 0
-12.861731 -29.481796 -4.0582561 0
-13.04293 -29.396458 -4.1773338 0
-16.553129 -29.139933 -4.0643048 0
-15.591551 -28.666279 -4.0581985 0
-15.429566 -28.588802 -4.0596972 0
-14.659205 -27.87731 -4.0358133 0
-14.507036 -27.788105 -4.0340753 0
-11.607375 -26.927048 -4.1052384 0
-10.216877 -26.822487 -4.0593705 0
-6.8159561 -26.819426 -4.1663747 0
-10.241779 -26.784336 -4.1924429 0
-11.888595 -26.373974 -4.1214752 0
-12.622009 -26.006416 -4.1219311 0
-12.757594 -25.991474 -4.0439873 0
-11.84288 -25.839586 -4.0786657 0
-8.2702913 -25.596796 -4.0327244 0
-11.83567 -25.27339 -4.1436148 0
-11.683805 -25.219662 -4.0774407 0
-11.554864 -25.281004 -4.0229936 0
-9.7600069 -25.315552 -4.0450125 0
-11.715036 -25.17374 -4.1702795 0
-10.865239 -24.831163 -4.1667662 0
-10.686523 -24.815018 -4.0825324 0
-10.821116 -24.797846 -4.0027137 0
-10.708391 -24.770031 -4.170155 0
-3.0121517 -24.659906 -4.1169467 0
-9.00805 -24.237879 -4.1246853 0
-6.5790329 -24.239496 -4.1881104 0
-10.090807 -24.013475 -4.1353664 0
-9.9162521 -24.037636 -4.0719566 0
-9.7785883 -24.014179 -4.0697584 0
-9.7898722 -23.959539 -4.1247373 0
-5.2931585 -23.993797 -4.0648384 0
-9.070034 -23.76638 -4.1161623 0
-9.1407232 -23.535229 -4.116528 0
-8.9727917 -23.496338 -4.0770483 0
-8.1889553 -23.424847 -4.1731424 0
-9.1007614 -23.222797 -4.1389046 0
-0.76438713 -23.365278 -4.1295629 0
-5.0159197 -22.862547 -4.094039 0
-8.7511377 -22.65007 -4.0916009 0
-8.2192898 -22.744707 -4.0857058 0
-8.06112 -22.68446 -4.0556612 0
-7.1665325 -22.5259 -4.0722451 0
-7.502264 -22.14632 -4.0051832 0
0.44215155 -22.029804 -4.0794401 0
-7.1002607 -21.952492 -4.1161242 0
-6.860189 -21.407728 -4.0421786 0
-3.6376753 -21.451483 -4.0131879 0
-5.43682 -21.218107 -4.0537338 0
-5.4727888 -20.67396 -4.0770402 0
-5.1459827 -20.097942 -4.0287762 0
-3.9000423 -19.832302 -4.0061598 0
-2.5400486 -19.966759 -4.1325531 0
-3.9283047 -19.796652 -4.1610122 0
1.4314847 -19.728012 -4.0569935 0
-3.8966773 -19.276148 -4.0447845 0
-2.588836 -18.369701 -4.1006818 0
-1.7325567 -17.679434 -4.0400248 0
-1.6025107 -17.568733 -4.0300465 0
2.6939261 -17.305441 -4.0861588 0
9.9556122 -17.309572 -4.0337029 0
3.4223185 -16.511173 -4.0552769 0
3.4780841 -16.351135 -4.0203805 0
0.61778402 -16.149895 -4.0670385 0
0.87855399 -16.105408 -4.1226988 0
3.0428414 -15.928507 -4.0391817 0
3.9416533 -15.810635 -4.016696 0
11.077425 -15.639126 -4.1123304 0
7.7471528 -15.167459 -4.1535678 0
7.5736113 -14.296749 -4.1405878 0
4.7326555 -14.161201 -4.1171856 0
12.395597 -14.11258 -4.1821246 0
4.6830225 -13.865528 -4.0769386 0
4.8999758 -13.909873 -4.0754414 0
6.5954537 -13.830784 -4.0862322 0
8.3508854 -13.901902 -4.0149202 0
8.4397612 -13.495327 -4.1069613 0
9.1906214 -13.082897 -4.0911632 0
7.3474154 -12.977038 -4.0415678 0
10.39211 -12.97537 -4.1148338 0
7.3378477 -12.631264 -4.0894918 0
7.8851147 -12.490501 -4.1712537 0
9.1443701 -11.818613 -4.0326576 0
10.9851 -11.936853 -4.0853486 0
14.508083 -8.7392225 -4.1757693 0
13.862091 -6.7731762 -4.1607318 0
-21.425442 -40.640194 -3.850456 0
-24.740425 -40.176006 -3.9526768 0
-29.02227 -39.926926 -3.9747782 0
-28.752644 -39.727375 -3.9731693 0
-26.027178 -39.519966 -3.9631186 0
-27.428429 -38.854744 -3.8373718 0
-22.152828 -37.920238 -3.8695154 0
-19.852638 -35.396976 -3.9925201 0
-19.368036 -34.716663 -3.855895 0
-21.726099 -34.073185 -3.8446879 0
-18.694199 -33.851429 -3.9421506 0
-14.843798 -32.792561 -3.8099513 0
-20.560219 -32.516327 -3.8188281 0
-17.869003 -32.205177 -3.9590628 0
-17.789566 -32.003601 -3.9103894 0
-18.074448 -30.655674 -3.9531989 0
-17.778503 -30.620792 -3.8582561 0
-16.686941 -30.673397 -3.8963494 0
-17.940756 -30.551743 -3.9475338 0
-16.611935 -30.470497 -3.8456039 0
-15.278196 -29.973898 -3.9861319 0
-12.828995 -29.609859 -3.8377039 0
-12.99992 -29.455624 -3.9799509 0
-15.475273 -28.636116 -3.9347353 0
-14.602942 -27.87319 -3.9295118 0
-14.472206 -27.842869 -3.9465358 0
-7.939312 -27.289513 -3.9981284 0
-10.185163 -26.86853 -3.8549089 0
-11.824334 -26.446558 -3.8439529 0
-12.709619 -25.972191 -3.8924837 0
-11.803912 -25.878084 -3.9280763 0
-6.7329845 -25.819649 -3.8369799 0
-8.2388763 -25.640713 -3.8283551 0
-11.548623 -25.213724 -3.8204534 0
-12.255497 -25.138994 -3.8909912 0
-10.775418 -24.789612 -3.8532884 0
-6.5580873 -24.269175 -3.91361 0
-9.7379761 -23.993353 -3.9945574 0
-9.0304775 -23.817928 -3.911839 0
-9.094058 -23.493643 -3.9511685 0
-9.0507908 -23.254543 -3.991014 0
-4.9744987 -22.914837 -3.89468 0
-8.680891 -22.678061 -3.8849087 0
-8.0885391 -22.716667 -3.9663363 0
-9.6186523 -22.573444 -3.8508282 0
-9.4665508 -22.508593 -3.9761167 0
-8.790596 -22.560261 -3.8141379 0
-7.1265364 -22.577995 -3.8688838 0
-7.5371065 -22.154623 -3.8423581 0
-7.3976364 -22.144987 -3.9174778 0
-7.1145115 -22.009083 -3.951179 0
-3.6083188 -21.477043 -3.8086519 0
-7.6780162 -21.336765 -3.8092968 0
-7.5780468 -21.276659 -3.9227929 0
-6.8678322 -21.342575 -3.8378689 0
-6.6414289 -21.366596 -3.9326472 0
-6.4918914 -21.333883 -3.9331758 0
-5.3996019 -21.268421 -3.8487473 0
-2.4978256 -21.375357 -3.9761372 0
-6.2113667 -20.783241 -3.908361 0
-6.040319 -20.725395 -3.868525 0
-5.3961382 -20.698948 -3.9335101 0
-5.1531439 -20.031563 -3.8247852 0
-2.4960165 -20.024162 -3.9367819 0
-0.62085724 -20.057369 -3.9423194 0
-6.0080576 -19.814722 -3.8343754 0
-5.8598409 -19.967051 -3.9080629 0
-5.301826 -19.986656 -3.9107149 0
-5.145565 -19.911613 -3.8802633 0
6.0116186 -19.939802 -3.9000971 0
1.5201621 -19.770628 -3.8135052 0
-5.9834118 -19.532238 -3.8961501 0
-5.0625153 -19.338305 -3.8346169 0
-4.9019113 -19.258358 -3.8367038 0
-3.8610771 -19.311472 -3.892529 0
-3.6213031 -18.709791 -3.9962113 0
1.0847073 -18.731062 -3.9634619 0
-4.1430626 -18.539335 -3.822114 0
-3.9919872 -18.445084 -3.8202672 0
-2.5559235 -18.404469 -3.9473908 0
7.8841658 -18.51606 -3.8888683 0
-2.5332499 -17.867069 -3.9150939 0
-1.4500941 -17.61808 -3.9301271 0
7.4372163 -17.465242 -3.8415499 0
-2.2745678 -17.281174 -3.9491429 0
2.8104692 -17.391073 -3.9162498 0
-2.9757602 -17.155556 -3.8215804 0
9.5890112 -17.165352 -3.9556689 0
-1.4075627 -16.957096 -3.9916503 0
-1.3729064 -16.994146 -3.8392804 0
-1.353965 -16.437811 -3.8792453 0
3.5032477 -16.565062 -3.8205731 0
7.5016661 -16.273182 -3.9963641 0
0.94789386 -16.079151 -3.9343147 0
3.2491713 -16.107079 -3.8625331 0
-1.0785995 -15.871664 -3.8285048 0
0.62648201 -15.807227 -3.9509583 0
2.4263868 -15.226977 -3.90485 0
10.281572 -15.287233 -3.9045353 0
10.650776 -15.19059 -3.9335246 0
1.2943921 -14.952024 -3.8148928 0
5.1336045 -14.47361 -3.8612082 0
8.5826664 -14.528278 -3.9948256 0
3.2232747 -14.305565 -3.8174338 0
4.7958055 -14.211283 -3.8832347 0
7.0527601 -14.283182 -3.9533839 0
4.8777952 -14.010057 -3.8387933 0
10.61967 -13.738638 -3.9509244 0
7.5392075 -13.487572 -3.9360952 0
7.6374969 -13.222971 -3.8896959 0
5.1905789 -12.922655 -3.8773384 0
13.641611 -12.859646 -3.988348 0
5.3333187 -12.662813 -3.8327475 0
6.7777433 -12.779556 -3.8304298 0
7.4575906 -12.792068 -3.9369559 0
8.1786394 -12.668608 -3.8021798 0
6.5111895 -12.230084 -3.9886265 0
10.523952 -11.957752 -3.8448522 0
13.248749 -11.48864 -3.9222324 0
7.3187232 -11.227879 -3.8773675 0
10.569473 -11.093859 -3.8447485 0
10.507269 -10.948336 -3.9302487 0
14.672797 -10.315221 -3.8128994 0
14.628165 -7.085403 -3.8258557 0
14.05661 -5.9515038 -3.9462771 0
16.112818 -4.5880032 -3.9463322 0
-28.286251 -40.063469 -3.6264558 0
-19.829838 -39.13113 -3.6139798 0
-27.974424 -38.991192 -3.738605 0
-24.001354 -37.071648 -3.6195629 0
-20.910267 -36.307705 -3.6618659 0
-19.795362 -35.47401 -3.7572994 0
-18.636131 -33.932934 -3.7078185 0
-22.352243 -32.475208 -3.7362499 0
-17.780333 -32.267818 -3.7332959 0
-17.725534 -32.108288 -3.6931686 0
-17.757584 -30.647461 -3.7228332 0
-16.610334 -30.732876 -3.6665869 0
-16.553925 -30.574059 -3.6266136 0
-16.52776 -29.626295 -3.704632 0
-12.960646 -29.50703 -3.7771888 0
-15.479516 -28.615513 -3.6959579 0
-13.610075 -28.507692 -3.6001918 0
-15.329084 -28.100632 -3.6341853 0
-14.651557 -27.997879 -3.6652932 0
-10.153433 -26.914402 -3.6477175 0
-11.81024 -26.488571 -3.6349688 0
-12.660598 -26.032347 -3.6102474 0
-11.769698 -25.929775 -3.72364 0
-8.1946869 -25.708387 -3.6232862 0
-12.407315 -25.205816 -3.7615089 0
-12.380695 -25.237463 -3.6347237 0
-9.7651567 -25.358738 -3.687942 0
-10.730026 -24.828236 -3.6164763 0
-12.490999 -24.666584 -3.6696739 0
-13.914293 -24.543167 -3.6797802 0
-12.56135 -24.415569 -3.6481154 0
-6.5022154 -24.341379 -3.7142677 0
-9.0022469 -23.867794 -3.7045279 0
-9.0242882 -23.501488 -3.6834116 0
2.8930454 -23.504753 -3.7768281 0
-11.996569 -23.367092 -3.6250579 0
-8.9970512 -23.299171 -3.7904274 0
-4.941484 -22.951265 -3.6897891 0
-9.6109219 -22.609016 -3.7209773 0
-7.0912747 -22.629719 -3.6630428 0
-8.7578392 -22.278 -3.624469 0
-9.7784948 -22.094452 -3.7076838 0
-7.4740968 -22.12801 -3.6423173 0
-7.0822263 -22.060562 -3.7464559 0
-9.7743597 -21.781351 -3.7458549 0
-3.5577931 -21.540884 -3.6081476 0
-7.6954675 -21.372725 -3.6716747 0
-5.3903074 -21.309 -3.638685 0
-7.8907986 -20.867662 -3.6514854 0
-7.7634974 -20.753544 -3.7609637 0
-6.1635451 -20.741796 -3.7453091 0
-5.3725867 -20.749243 -3.727366 0
-7.8790398 -20.546539 -3.6893635 0
-6.0108109 -20.034441 -3.7815781 0
-5.9930158 -20.067146 -3.6535013 0
-2.4579682 -20.07003 -3.7359898 0
-5.248282 -19.956076 -3.7963898 0
-5.0933809 -19.932516 -3.7843175 0
-3.870218 -19.878534 -3.7990031 0
-6.1037693 -19.496704 -3.6941614 0
-6.1644363 -19.237457 -3.6773553 0
-5.0119662 -19.288755 -3.6682644 0
-4.8793907 -19.307917 -3.7507427 0
-3.8220723 -19.358871 -3.6880023 0
-4.4671121 -18.665146 -3.6776919 0
-3.6096935 -18.637047 -3.7961996 0
-4.0884447 -18.521227 -3.7112856 0
-3.9570684 -18.494364 -3.7301342 0
-2.5142283 -18.450441 -3.7429872 0
-4.523138 -18.060177 -3.7141242 0
-4.6389217 -17.852325 -3.644599 0
-2.4793274 -17.930132 -3.6336148 0
-1.4025183 -17.690414 -3.6671929 0
-1.470764 -17.597294 -3.7756591 0
2.8618307 -17.469402 -3.6789494 0
-3.1379042 -17.22817 -3.6877222 0
-2.2711535 -17.209223 -3.7476881 0
-1.3439496 -17.041077 -3.6322708 0
-1.3358963 -16.474808 -3.7225046 0
7.6247368 -16.421398 -3.6059084 0
10.808401 -16.595268 -3.675555 0
10.085213 -16.291504 -3.745549 0
3.2999182 -16.177427 -3.6247582 0
-1.7995396 -15.745884 -3.6964302 0
-1.0838666 -15.798129 -3.6232765 0
-0.27542639 -15.398853 -3.6228776 0
-0.15894389 -15.290865 -3.609911 0
7.6265655 -15.254002 -3.7145412 0
12.144277 -15.066063 -3.7379415 0
1.3932207 -14.835949 -3.7991929 0
1.4186347 -14.869812 -3.6216955 0
4.8907309 -14.272388 -3.6555634 0
10.574572 -14.32469 -3.616416 0
2.6224613 -14.181213 -3.6544468 0
4.947391 -14.112552 -3.6189487 0
7.6903281 -14.169601 -3.770149 0
8.4951591 -13.639805 -3.6767793 0
7.5099616 -13.024998 -3.7465835 0
5.2731318 -12.975653 -3.6480546 0
8.4916582 -12.893033 -3.7469583 0
5.3351045 -12.766932 -3.6009169 0
7.2795382 -12.648468 -3.6268475 0
6.4929142 -12.272429 -3.6308484 0
6.1636024 -11.627698 -3.6523199 0
9.2771101 -10.801842 -3.7697079 0
7.696238 -10.59518 -3.6202307 0
10.440094 -10.073944 -3.6301742 0
15.104012 -8.9991608 -3.7532473 0
9.4130373 -8.7095852 -3.6160474 0
14.179799 -4.8202982 -3.6704516 0
16.087847 -3.742939 -3.677768 0
-23.865803 -39.552338 -3.5886409 0
-27.108282 -39.096832 -3.5209827 0
-22.26667 -38.029987 -3.4319386 0
-22.955252 -37.208828 -3.5044217 0
-22.380829 -35.552078 -3.4777935 0
-19.7799 -35.46143 -3.4956005 0
-19.305534 -34.797333 -3.4208777 0
-18.625435 -33.917343 -3.4450135 0
-22.941925 -33.410507 -3.4337645 0
-22.805593 -33.312855 -3.4332404 0
-17.704268 -32.326591 -3.5015635 0
-21.774323 -31.850498 -3.4258125 0
-21.644157 -31.737631 -3.4158459 0
-17.720142 -30.699865 -3.5246096 0
-16.522724 -30.796528 -3.4377999 0
-12.913757 -29.564342 -3.5002079 0
-15.454261 -28.657963 -3.5574081 0
-16.545704 -27.66823 -3.45051 0
-16.697435 -27.187449 -3.4919736 0
-10.127386 -26.95421 -3.5072274 0
-6.2746735 -26.684662 -3.426194 0
-13.479462 -26.490524 -3.5711055 0
-11.757532 -26.537346 -3.4835467 0
-12.63658 -26.019676 -3.5139375 0
-11.736551 -25.981558 -3.518712 0
-8.1837111 -25.718678 -3.4813247 0
-12.352232 -25.281557 -3.4652019 0
-10.691986 -24.801544 -3.4719446 0
-12.536503 -24.759514 -3.4841096 0
-6.4537787 -24.407375 -3.4360595 0
-6.4753451 -24.379414 -3.5766318 0
-13.683516 -24.149555 -3.5694537 0
-1.3632336 -24.040987 -3.4989333 0
-13.403124 -23.812288 -3.5362492 0
-8.9837236 -23.904902 -3.5478637 0
-13.180943 -23.565565 -3.5089157 0
-8.9656181 -23.50614 -3.4221776 0
-13.056413 -23.388498 -3.4934213 0
-12.92077 -23.227901 -3.4768372 0
-8.9532356 -23.349808 -3.5862076 0
-11.782905 -22.977556 -3.5141611 0
-4.9079385 -22.988369 -3.4823971 0
-11.46935 -22.621054 -3.4761746 0
-9.5834646 -22.65094 -3.5517504 0
-7.0593271 -22.669853 -3.5073779 0
-11.288102 -22.383591 -3.4515805 0
-11.071739 -22.129715 -3.4269471 0
-10.250798 -22.053391 -3.5752726 0
-9.7618427 -22.128782 -3.5783651 0
-7.4288235 -22.179552 -3.4080293 0
-7.0779552 -22.11735 -3.5404689 0
-10.058041 -21.676445 -3.4706168 0
-7.6733809 -21.417664 -3.5010972 0
-3.5238366 -21.574207 -3.4002457 0
-9.7634735 -21.32077 -3.436193 0
-9.5811863 -21.338047 -3.4348333 0
-5.397768 -21.335554 -3.4801714 0
-9.5647316 -21.081352 -3.4138277 0
-7.8683939 -20.899883 -3.5231688 0
-1.3280203 -20.845108 -3.4236116 0
5.6955538 -20.895952 -3.4787817 0
-8.7197981 -20.721167 -3.4697065 0
-6.0891428 -20.744396 -3.4786797 0
-5.3294973 -20.79933 -3.5231175 0
-7.7012768 -20.171053 -3.444782 0
-5.9516873 -20.105444 -3.4847069 0
-2.4248319 -20.106449 -3.5312219 0
-3.8158443 -19.928619 -3.5950575 0
-3.7947731 -19.963457 -3.4376569 0
-6.1493235 -19.588089 -3.5093114 0
-3.7952349 -19.406736 -3.481142 0
7.5767889 -19.4799 -3.4723568 0
-4.9619303 -19.27108 -3.5189109 0
-5.9905014 -18.863146 -3.43575 0
-4.4229822 -18.719488 -3.4438264 0
-2.4585214 -18.49884 -3.5388556 0
-4.6341119 -18.210081 -3.4707787 0
-4.6585369 -18.180355 -3.598947 0
9.2819128 -18.127855 -3.5319419 0
-2.4349561 -17.976015 -3.4288359 0
-1.4242237 -17.667936 -3.5170798 0
-1.3511665 -17.769926 -3.4042196 0
-4.898469 -17.449129 -3.5117359 0
-4.4796095 -17.484594 -3.4077082 0
2.9624 -17.528242 -3.4395881 0
-4.5675545 -17.265753 -3.4849205 0
-3.0799873 -17.250566 -3.5671654 0
-1.2951615 -17.091085 -3.428494 0
-3.9412305 -16.982193 -3.4848433 0
-3.7717342 -16.899992 -3.4917214 0
-3.2914498 -16.765612 -3.4853578 0
-3.2946534 -16.427462 -3.5963635 0
-1.3043768 -16.523251 -3.517633 0
-3.0093181 -16.201096 -3.4341273 0
-2.8570232 -16.109392 -3.4273651 0
-1.9146434 -15.823675 -3.5080919 0
-2.1089303 -15.335111 -3.4251332 0
-1.9732287 -15.214698 -3.5408309 0
-0.0017428398 -15.351566 -3.5153704 0
-2.0919363 -15.008195 -3.469064 0
-0.23961854 -14.667657 -3.5273314 0
10.203141 -14.418142 -3.5866079 0
3.2019587 -14.20601 -3.5246229 0
4.9565601 -14.323982 -3.4181738 0
0.79216051 -14.105074 -3.4420743 0
13.340464 -13.821937 -3.5530853 0
3.4225814 -13.262739 -3.5652363 0
7.7117357 -13.320744 -3.481221 0
5.3392806 -13.023385 -3.4124694 0
7.3924103 -12.396219 -3.5891273 0
7.4986625 -11.828938 -3.5912364 0
8.5473137 -11.940295 -3.4012566 0
6.9062796 -11.764156 -3.5658154 0
7.4905543 -11.240154 -3.5826688 0
9.0292015 -11.227957 -3.552906 0
5.3383894 -11.193456 -3.4195037 0
10.570612 -11.001376 -3.492167 0
7.1603484 -10.7434 -3.5437694 0
6.5813713 -10.373643 -3.4468813 0
7.451952 -10.107193 -3.5792456 0
7.9991255 -10.002844 -3.5540509 0
9.3340549 -9.8475943 -3.4315324 0
14.741729 -9.3029957 -3.514838 0
8.9213305 -8.8649931 -3.5497184 0
15.169645 -7.9838371 -3.4638338 0
14.827511 -6.0036678 -3.5437403 0
15.918869 -3.0057869 -3.5293322 0
-38.875095 -44.730133 -3.3333375 0
-25.354212 -40.135918 -3.2396674 0
-24.984924 -40.049755 -3.2834563 0
-23.724781 -39.72731 -3.2164223 0
-27.998163 -39.074532 -3.2836647 0
-27.89196 -38.814632 -3.2098484 0
-21.313137 -35.665783 -3.3256376 0
-22.618341 -33.403084 -3.2143946 0
-22.651339 -33.358555 -3.3412256 0
-21.482618 -31.802643 -3.3312747 0
-17.683308 -30.751028 -3.3259296 0
-21.222425 -30.390163 -3.3576078 0
-20.260244 -29.937862 -3.3487985 0
-20.088213 -29.897202 -3.3103857 0
-17.086998 -29.371588 -3.242914 0
-19.289219 -29.162981 -3.257622 0
-19.156113 -29.121521 -3.2888675 0
-15.435905 -28.631001 -3.3083773 0
-14.661053 -28.060459 -3.3063474 0
-16.511747 -27.713194 -3.3002639 0
-16.469027 -27.158245 -3.316788 0
-16.463568 -26.792639 -3.3850226 0
-16.170483 -26.603636 -3.2453594 0
-16.174088 -26.45109 -3.3564856 0
-13.474771 -26.548117 -3.2160277 0
-15.962801 -26.207012 -3.3342571 0
-15.804182 -26.026243 -3.3188398 0
-12.675427 -26.006207 -3.2570949 0
-15.693091 -25.879499 -3.3091743 0
-12.69956 -25.973358 -3.3989024 0
-12.338312 -25.325184 -3.2937722 0
-9.9084539 -25.395353 -3.3125052 0
-5.0896435 -25.227268 -3.2468574 0
-12.495852 -24.813856 -3.2710893 0
-10.734689 -24.812185 -3.2160969 0
-10.757871 -24.771019 -3.357523 0
-15.767042 -24.352436 -3.2477489 0
-12.333517 -23.95927 -3.3432584 0
-9.0318336 -23.477205 -3.3073256 0
-4.8723354 -23.036936 -3.3427701 0
-9.5268955 -22.710751 -3.2949781 0
-9.7282257 -22.182463 -3.3646736 0
-7.4005594 -22.151627 -3.3119292 0
-9.4851246 -21.706213 -3.3314133 0
-3.4939034 -21.609201 -3.2598743 0
-7.6513801 -21.462549 -3.3307753 0
-9.702795 -21.212997 -3.2121933 0
-9.4096556 -20.897505 -3.3965735 0
-8.5377674 -20.955212 -3.240257 0
-7.828095 -20.951996 -3.3094957 0
-9.2918463 -20.751661 -3.3856933 0
-6.0261211 -20.74509 -3.2178869 0
-8.5008583 -20.323027 -3.3681891 0
-7.6920981 -20.04121 -3.3022909 0
-5.9198818 -20.146879 -3.3139365 0
-2.4269776 -20.106007 -3.3204565 0
-8.2106371 -19.971243 -3.342494 0
-8.0262833 -19.728592 -3.3242605 0
-6.1128268 -19.64131 -3.2953463 0
-7.8663836 -19.541815 -3.3102465 0
-7.7496805 -19.383097 -3.2996078 0
-7.3426342 -19.314688 -3.3743987 0
-4.9048634 -19.325827 -3.2373238 0
-7.1361799 -18.922094 -3.2781522 0
-6.025692 -18.757269 -3.2915499 0
-4.3938179 -18.759972 -3.2731862 0
-6.8477507 -18.568434 -3.2565875 0
-2.4472349 -18.530712 -3.3806598 0
-6.6625776 -18.324329 -3.2409773 0
-4.5852365 -18.255043 -3.2581108 0
-6.5105743 -18.137918 -3.229625 0
-6.3913393 -17.98139 -3.2211871 0
-6.1792355 -17.857824 -3.2871051 0
-1.3153868 -17.824036 -3.2022889 0
-4.4470243 -17.332806 -3.2687702 0
-3.0495906 -17.310154 -3.3063228 0
-1.2659485 -17.127892 -3.2722414 0
-3.8919799 -16.944321 -3.3175874 0
-3.2300055 -16.824614 -3.2075415 0
-1.2676094 -16.571667 -3.3131227 0
3.3484836 -16.245245 -3.3845196 0
-3.1357458 -16.056528 -3.3627455 0
-2.8665607 -16.176973 -3.3359783 0
-3.114779 -15.913779 -3.2245951 0
-1.8755281 -15.878927 -3.2721565 0
-2.0908377 -15.369283 -3.2960744 0
0.022570372 -15.38946 -3.3842652 0
7.7429833 -15.394365 -3.321466 0
10.138809 -15.343184 -3.374095 0
-1.9263394 -14.638196 -3.2308464 0
-0.2114799 -14.710983 -3.3745637 0
3.4097853 -14.381285 -3.3454957 0
7.6763816 -14.299715 -3.3588805 0
-0.17602646 -14.175772 -3.3135841 0
0.1893692 -14.185295 -3.2919362 0
0.31231451 -14.092042 -3.2886126 0
9.9408941 -13.6105 -3.2823601 0
0.11681461 -13.592188 -3.3194571 0
10.325002 -13.531507 -3.318624 0
1.4551975 -13.240948 -3.3202968 0
1.5572134 -13.129807 -3.3094192 0
2.7414904 -13.159386 -3.3849814 0
3.3946264 -13.15559 -3.2681139 0
5.4127192 -12.868488 -3.382144 0
8.243722 -12.816963 -3.3742232 0
3.5399411 -12.240253 -3.2983325 0
6.3520651 -12.306515 -3.2592382 0
10.420246 -11.866017 -3.3993049 0
7.6598916 -11.283703 -3.288661 0
5.4995627 -10.937907 -3.3856573 0
6.9577608 -10.805973 -3.2321506 0
7.4282875 -10.937706 -3.2880013 0
14.852621 -10.849425 -3.2727218 0
8.0090752 -10.794683 -3.2600372 0
8.4972 -10.297758 -3.2643037 0
7.6547203 -10.159969 -3.3045492 0
6.7653761 -9.8351107 -3.2840381 0
7.3081465 -9.6998997 -3.3639555 0
10.23571 -9.2757072 -3.3833771 0
7.6428323 -9.1670265 -3.3605437 0
8.4198971 -8.7350712 -3.3923841 0
15.219272 -7.227119 -3.3693523 0
14.945299 -4.974844 -3.2934394 0
14.224804 -3.9210954 -3.3528306 0
-27.026272 -39.297462 -3.117887 0
-22.134033 -38.208748 -3.0566757 0
-24.50445 -36.06525 -3.1436934 0
-24.386795 -35.908978 -3.1197057 0
-27.198263 -35.277565 -3.1093416 0
-22.896399 -34.537518 -3.0189307 0
-26.048048 -33.682919 -3.140141 0
-22.563595 -33.480392 -3.0274835 0
-21.433739 -31.868052 -3.1023088 0
-17.644102 -30.80666 -3.1255331 0
-20.208521 -29.906864 -3.1839027 0
-19.105495 -29.138397 -3.1901419 0
-15.439484 -28.648079 -3.1088934 0
-16.462177 -27.77375 -3.1014078 0
-6.585762 -27.6763 -3.0586405 0
-16.471233 -27.208321 -3.1597216 0
-18.391979 -26.933161 -3.01246 0
-16.87348 -26.458399 -3.0989709 0
-16.170307 -26.545332 -3.0381486 0
-12.280001 -25.36681 -3.1232371 0
-11.451202 -25.271118 -3.0463421 0
-1.6991177 -25.014658 -3.1039917 0
-12.478772 -24.85014 -3.1430981 0
-15.785741 -24.259871 -3.0802059 0
-12.472589 -23.846817 -3.1135993 0
-9.0066299 -23.512163 -3.1655502 0
-13.817985 -23.136408 -3.1004105 0
-8.6650982 -22.638123 -3.0471532 0
-9.6872616 -22.249123 -3.1056395 0
-7.4525137 -22.139069 -3.1253257 0
-12.1322 -21.906319 -3.1306252 0
-7.601717 -21.501204 -3.1565378 0
-6.7862072 -21.399479 -3.0620592 0
-9.7381525 -21.099892 -3.0608816 0
-7.7926545 -21.036381 -3.0085387 0
-7.8172636 -20.990108 -3.1813881 0
-6.088716 -20.705023 -3.1024172 0
-7.8362913 -20.001043 -3.1522019 0
-5.8887901 -20.189287 -3.1404974 0
-5.0609393 -20.081875 -3.0490997 0
-2.3533616 -20.196321 -3.1855106 0
-6.1089358 -19.702826 -3.1271141 0
-4.9098492 -19.289684 -3.0835705 0
-6.1114731 -18.679834 -3.1432338 0
-4.349967 -18.797258 -3.0995905 0
-3.5300188 -18.682871 -3.0186217 0
-0.23486233 -18.580351 -3.1181312 0
-4.5612907 -18.285282 -3.1291499 0
-5.9575462 -17.462357 -3.1853378 0
-4.5886087 -17.290352 -3.1166878 0
-2.9955578 -17.367613 -3.0468895 0
-5.6782951 -17.11326 -3.1587675 0
-5.4988728 -16.878016 -3.1422372 0
-3.8416917 -16.930468 -3.1667237 0
-3.2195723 -16.861485 -3.0788071 0
-5.3308406 -16.690384 -3.1276135 0
-5.2159004 -16.541149 -3.1189461 0
3.4281001 -16.271976 -3.1387534 0
-4.0805969 -16.079279 -3.0740161 0
-3.2481072 -15.864752 -3.0721514 0
-1.8425086 -15.919526 -3.1010113 0
-2.0522835 -15.421187 -3.0830679 0
0.057255149 -15.442758 -3.1861711 0
-3.4598837 -15.1786 -3.0793524 0
-2.4870572 -14.691495 -3.0440388 0
-2.3303716 -14.635926 -3.0490413 0
-0.17965078 -14.767627 -3.1706603 0
-1.9538074 -14.526009 -3.0869589 0
3.4617887 -14.44812 -3.1071091 0
10.031223 -14.445976 -3.0484407 0
-0.12568831 -14.25475 -3.0352654 0
0.47514182 -14.149475 -3.1222086 0
-0.75225329 -13.526922 -3.0606203 0
-0.59824657 -13.455901 -3.1873145 0
0.094165087 -13.530852 -3.1077325 0
7.5952578 -13.408619 -3.0442858 0
3.6050045 -13.335018 -3.0914311 0
0.99095476 -13.060612 -3.1853766 0
1.574586 -13.147635 -3.125598 0
5.4166689 -13.075206 -3.1776218 0
-0.78527021 -12.93646 -3.0060642 0
1.2234352 -12.406965 -3.0820787 0
7.4735813 -12.495724 -3.1818628 0
0.80937099 -12.30862 -3.1626933 0
2.7671413 -12.2116 -3.0616953 0
1.7024331 -12.134056 -3.051723 0
3.5946767 -12.193197 -3.0337236 0
5.4176493 -11.240735 -3.1884618 0
5.4822106 -11.032209 -3.1461182 0
8.4799776 -11.055898 -3.09847 0
9.990304 -11.000244 -3.1494172 0
6.6530819 -10.735859 -3.0230703 0
7.1011147 -10.757974 -3.0806522 0
7.1972175 -10.487464 -3.0355909 0
7.8259354 -10.205019 -3.0130086 0
5.5503616 -10.155331 -3.1593759 0
7.2132273 -10.102098 -3.0148263 0
7.9565067 -10.054555 -3.19344 0
10.517836 -10.131798 -3.1957886 0
5.684309 -9.8918486 -3.116096 0
7.7728286 -9.1368866 -3.0465109 0
9.2800598 -8.9684124 -3.1394389 0
9.6891546 -8.911932 -3.1345406 0
6.7346239 -8.631176 -3.0394773 0
8.397747 -8.7811909 -3.0328586 0
7.6661067 -8.1676493 -3.0203936 0
8.5645027 -6.9817834 -3.0145044 0
15.281962 -6.207325 -3.0987434 0
15.440428 -6.1997185 -3.1064863 0
14.215772 -3.061841 -3.0903764 0
15.847247 -1.1849055 -3.0161176 0
-39.948944 -45.531105 -2.8214021 0
-28.797388 -40.053211 -2.8761654 0
-30.043915 -39.394051 -2.8602648 0
-27.780275 -38.977749 -2.8309898 0
-28.67263 -37.399963 -2.8097572 0
-27.080326 -35.845898 -2.8085778 0
-22.794868 -34.372009 -2.9849334 0
-23.688358 -33.5093 -2.8044009 0
-22.521708 -33.531513 -2.8293443 0
-21.364584 -31.965036 -2.8129153 0
-17.597864 -30.875954 -2.9240334 0
-21.399357 -30.435051 -2.8769751 0
-20.145763 -29.909054 -2.9881968 0
-16.300879 -29.412834 -2.8716257 0
-20.240713 -28.874434 -2.8490882 0
-14.793022 -28.115082 -2.9261627 0
-16.417412 -27.833963 -2.8995645 0
-15.454344 -27.893583 -2.9110773 0
-16.396 -27.262005 -2.9644399 0
-18.549129 -26.907349 -2.841413 0
-16.981283 -26.543734 -2.9153078 0
-13.595804 -26.597744 -2.8393497 0
-5.3836403 -26.211266 -2.882359 0
-17.173855 -26.053263 -2.8014278 0
-17.046862 -25.937681 -2.911624 0
-17.169218 -25.7397 -2.8267393 0
-11.430379 -25.278097 -2.9229927 0
-12.442228 -24.892735 -2.9695051 0
3.5224934 -24.86441 -2.8531232 0
-12.515927 -23.745926 -2.9621813 0
-12.075863 -21.780466 -2.9661894 0
-6.7674379 -21.406233 -2.9382417 0
-9.8919353 -20.996353 -2.8357253 0
-6.0501204 -20.743204 -2.9133596 0
-10.501745 -20.488338 -2.9247837 0
-5.0250773 -20.084251 -2.9232118 0
-7.8607826 -19.878729 -2.9992628 0
-6.0616851 -19.731333 -2.9496601 0
-8.3943634 -19.505266 -2.8162832 0
-4.9138732 -19.304907 -2.8837259 0
-9.1768684 -19.118187 -2.8174968 0
-3.5066977 -18.686632 -2.8947625 0
-6.1425409 -18.562952 -2.9913485 0
-4.537787 -18.33032 -2.9562564 0
-1.2652975 -17.900366 -2.928009 0
-8.0286026 -17.706688 -2.8165517 0
-2.1594114 -17.24752 -2.9099934 0
-4.6307993 -17.183889 -2.9672024 0
-3.1854117 -16.900644 -2.9050431 0
-1.8083572 -15.960498 -2.9275224 0
-3.2807825 -15.748201 -2.9221671 0
-5.0513973 -15.51962 -2.886596 0
-2.0142853 -15.44503 -2.954124 0
0.090558767 -15.493294 -2.9866381 0
-0.11417627 -14.849721 -2.891459 0
-2.4427323 -14.676199 -2.8827567 0
-2.3058949 -14.677224 -2.9613657 0
-2.0315602 -14.441589 -2.9372056 0
3.5124373 -14.513386 -2.8664727 0
7.7799258 -14.427185 -2.9612203 0
-0.10018468 -14.312272 -2.8314517 0
0.5323081 -14.230697 -2.8629866 0
-1.5238535 -13.916266 -2.9355361 0
-1.3814864 -13.860128 -2.9414341 0
-0.7284863 -13.562898 -2.9337056 0
3.6507227 -13.395135 -2.8509686 0
-0.96067929 -13.088918 -2.8936148 0
-0.90304947 -12.732971 -2.9262443 0
0.34372258 -12.462681 -2.8076336 0
1.2485175 -12.451622 -2.929249 0
0.463274 -12.3631 -2.8035016 0
3.7256844 -12.315185 -2.8261173 0
1.1063178 -12.030317 -2.9191682 0
1.7734532 -12.100954 -2.8642118 0
1.2728605 -11.89595 -2.9379227 0
14.543743 -11.820363 -2.8796778 0
1.5806231 -11.338325 -2.8625112 0
3.5782137 -11.265339 -2.9714146 0
5.4956594 -11.287792 -2.9551101 0
1.7287056 -11.180128 -2.8014953 0
5.548789 -11.12585 -2.9230235 0
8.06534 -10.935055 -2.8285229 0
5.6299973 -10.203745 -2.9282765 0
8.2466211 -10.217182 -2.8234606 0
7.8350143 -10.088469 -2.8233457 0
5.6938295 -9.9947996 -2.8847795 0
6.7027292 -9.8452253 -2.818027 0
6.8902712 -9.9093962 -2.9334009 0
7.6028671 -9.8903904 -2.9981184 0
10.300326 -9.3222809 -2.9445758 0
5.6630716 -9.1317921 -2.9024191 0
5.7925887 -8.8670702 -2.8588104 0
16.356754 -8.6799774 -2.8663745 0
10.091111 -7.4124131 -2.8486145 0
6.8128791 -7.3502226 -2.9249594 0
16.789562 -7.3440986 -2.8447452 0
6.9882684 -7.0626049 -2.8881619 0
15.514082 -5.1766596 -2.8409748 0
15.011927 -3.9648285 -2.9474843 0
14.065045 -2.1931911 -2.9168854 0
-25.476852 -40.234581 -2.7035117 0
-31.451389 -38.674641 -2.67031 0
-27.849401 -36.504501 -2.707624 0
-24.931442 -35.828556 -2.7944593 0
-26.254751 -34.955212 -2.684473 0
-22.470219 -33.601532 -2.6350656 0
-25.100861 -32.726093 -2.7013569 0
-24.929619 -32.690678 -2.6709201 0
-21.319183 -32.027824 -2.6160145 0
-24.088894 -31.917755 -2.6780019 0
-23.996998 -31.937237 -2.6309257 0
-22.067066 -31.987747 -2.6665344 0
-23.944796 -31.160515 -2.7217536 0
-23.768387 -31.110332 -2.6836648 0
-17.57707 -30.901924 -2.7843189 0
-21.367094 -30.484945 -2.7270558 0
-22.89221 -30.348328 -2.6671951 0
-21.333828 -29.929066 -2.7199225 0
-20.064262 -29.941793 -2.6589463 0
-21.030495 -29.374477 -2.6397882 0
-20.188871 -28.926926 -2.7068009 0
-21.325171 -28.456751 -2.7164557 0
-20.202276 -28.383184 -2.6880002 0
-21.114067 -28.085022 -2.6017232 0
-19.847754 -27.81778 -2.6181931 0
-16.379896 -27.880445 -2.7464414 0
-16.352631 -27.321564 -2.7624252 0
-16.970251 -26.615587 -2.6764319 0
-17.149509 -26.091335 -2.6746116 0
-12.637603 -23.623466 -2.7290292 0
-10.075056 -20.913593 -2.6130872 0
-8.0415545 -19.800228 -2.7774315 0
-6.2774305 -18.448381 -2.7621803 0
11.436203 -17.92963 -2.7244051 0
-8.0566998 -17.616632 -2.6483393 0
-4.7525887 -17.056068 -2.7364583 0
-3.8271599 -16.962845 -2.6747925 0
-3.7605512 -16.982395 -2.7912042 0
1.2044418 -16.317703 -2.7176099 0
12.767968 -16.391998 -2.7828581 0
-0.97239852 -15.851357 -2.7871375 0
-3.4072213 -15.624749 -2.691555 0
-1.9846587 -15.488355 -2.780246 0
0.13344216 -15.56241 -2.7886777 0
-4.8257113 -15.131681 -2.7669239 0
13.979984 -15.160558 -2.6099868 0
-4.5314841 -14.783281 -2.723537 0
-2.3800349 -14.668664 -2.6834044 0
-4.322392 -14.545442 -2.6942048 0
3.5229893 -14.49254 -2.60748 0
-4.1111064 -14.28595 -2.6632223 0
-2.1202178 -14.299675 -2.7102365 0
0.56916189 -14.279669 -2.6634026 0
-2.981802 -13.980608 -2.7010016 0
-0.7030189 -13.612368 -2.7647526 0
9.8009567 -13.656155 -2.7504892 0
-2.0193212 -13.503524 -2.6896772 0
-1.847555 -13.459146 -2.6509757 0
0.13696241 -13.516155 -2.6761408 0
3.7092621 -13.470519 -2.6136665 0
7.7053356 -13.541954 -2.6480947 0
-0.90494108 -13.097565 -2.7688785 0
-1.0871965 -12.718314 -2.6540644 0
-0.92554569 -12.642607 -2.6592603 0
0.61554682 -12.405581 -2.7044468 0
1.2961059 -12.513145 -2.7296228 0
7.3441772 -12.562609 -2.7382379 0
-0.71661091 -12.364171 -2.6732562 0
1.2876167 -11.941347 -2.7837472 0
9.753808 -11.740046 -2.734622 0
10.133736 -11.660237 -2.7698426 0
0.77077198 -11.262668 -2.6121826 0
0.85194612 -11.205235 -2.7213595 0
1.5686119 -11.282993 -2.6534014 0
1.7073176 -11.226802 -2.6470494 0
2.7208409 -11.283712 -2.7604775 0
5.5707006 -11.334143 -2.7186861 0
1.1377636 -11.082145 -2.612493 0
1.8849362 -11.074406 -2.6987233 0
3.561492 -11.171138 -2.6825414 0
1.7334056 -10.670074 -2.66223 0
7.1896253 -10.557133 -2.6088142 0
3.5099516 -10.349421 -2.6712062 0
5.692647 -10.246636 -2.6910558 0
5.7424202 -10.083922 -2.6575651 0
6.8055668 -9.5783195 -2.7730074 0
5.7381968 -9.1777859 -2.6700296 0
6.68293 -9.0596943 -2.6681385 0
7.9473224 -9.1815329 -2.7553396 0
5.8024616 -8.9691277 -2.6275418 0
8.2714672 -8.8153849 -2.6594133 0
7.8579717 -8.21593 -2.7396448 0
8.5393085 -8.0256729 -2.6965671 0
6.4176989 -7.5016403 -2.6459947 0
6.9100351 -7.5951924 -2.7611518 0
7.6195421 -7.2777586 -2.7367544 0
8.5398378 -7.0221825 -2.6533656 0
4.3087683 -6.3389349 -2.7283382 0
8.7602501 -5.9498663 -2.7365861 0
14.983907 -3.1100059 -2.681102 0
15.600025 -0.42349643 -2.7439654 0
-31.987743 -38.809624 -2.5609794 0
-22.419336 -33.669724 -2.436213 0
-23.505608 -33.544556 -2.5201237 0
-25.047073 -32.716923 -2.5429783 0
-21.272257 -32.09325 -2.4166725 0
-24.104187 -31.95295 -2.5687275 0
-23.948692 -31.933004 -2.5623937 0
-23.857025 -31.128397 -2.4815257 0
-21.32061 -30.551619 -2.5294974 0
-22.939299 -30.379475 -2.5754495 0
-22.781881 -30.369972 -2.5714507 0
-21.330971 -29.98612 -2.5635004 0
-20.113047 -29.940018 -2.4711051 0
-19.036779 -29.731817 -2.506115 0
-15.677103 -29.702871 -2.503453 0
-21.025925 -29.325985 -2.4296689 0
-20.137701 -28.994637 -2.51016 0
-20.109659 -28.421021 -2.5540357 0
-14.680742 -28.043739 -2.5535831 0
-20.799622 -27.739429 -2.5630703 0
-19.839287 -27.767345 -2.4091907 0
-20.604477 -27.507862 -2.5374649 0
-20.43465 -27.323416 -2.5156627 0
-20.317738 -27.237196 -2.518532 0
-20.31776 -27.181284 -2.5027912 0
-16.931429 -26.663881 -2.5086956 0
-17.099686 -26.149992 -2.4641325 0
-16.927952 -25.292126 -2.5070317 0
3.5272255 -23.825043 -2.5695724 0
-12.831778 -23.55356 -2.5036178 0
6.2814169 -22.253736 -2.5311649 0
8.1828051 -20.837 -2.5354755 0
-10.130705 -20.791504 -2.4380193 0
-9.4124393 -19.784601 -2.5626962 0
-8.1523323 -19.659697 -2.5375662 0
9.9043818 -19.476173 -2.5892854 0
-6.4678192 -18.368526 -2.5368466 0
-4.8915548 -16.928637 -2.4973738 0
-3.798779 -16.993612 -2.5340505 0
11.402449 -16.887449 -2.458267 0
0.1860196 -15.645076 -2.5156808 0
-3.6073842 -15.560027 -2.4687696 0
-6.8140011 -15.311461 -2.417273 0
-6.7972941 -15.395427 -2.5844843 0
12.764125 -15.344172 -2.5220811 0
1.7000349 -15.103441 -2.4062543 0
-2.3539171 -14.710299 -2.545342 0
-3.9226069 -14.391655 -2.5593791 0
0.61235607 -14.340689 -2.4641891 0
-2.2321212 -14.161031 -2.4738989 0
-0.65535557 -13.684732 -2.5095749 0
-1.9678532 -13.470631 -2.5246034 0
-3.579123 -13.232232 -2.4246514 0
-0.84968078 -13.173346 -2.4943008 0
-1.027073 -12.709406 -2.5458181 0
-0.90439242 -12.673202 -2.5593009 0
0.64814913 -12.451248 -2.5774832 0
1.311378 -12.564345 -2.521445 0
-0.80998802 -12.300348 -2.5228169 0
3.7748468 -12.3787 -2.5867293 0
1.3392437 -12.000748 -2.5859241 0
0.54694462 -11.421828 -2.5442963 0
0.72239041 -11.327332 -2.5148311 0
0.82369936 -11.373814 -2.4444599 0
1.7538018 -11.285742 -2.4465725 0
3.767014 -11.344354 -2.5012336 0
0.53882885 -10.810537 -2.4275727 0
0.68775296 -10.682076 -2.5378537 0
1.7602179 -10.713978 -2.509707 0
9.711833 -10.793753 -2.5189612 0
0.55853009 -10.488489 -2.453352 0
2.5014615 -10.389324 -2.4586182 0
5.7754116 -10.296585 -2.4566584 0
1.865039 -10.143066 -2.4836059 0
2.0373728 -10.104086 -2.5433636 0
7.6642799 -10.03951 -2.5697353 0
1.3041661 -9.9803247 -2.4424658 0
16.054455 -9.6528835 -2.4827199 0
3.2032595 -9.2886744 -2.4219904 0
5.8222623 -9.226963 -2.4380941 0
5.851294 -9.0573559 -2.4003212 0
9.1210585 -8.8223667 -2.4413195 0
7.053988 -8.2087507 -2.4743474 0
7.9857278 -8.215601 -2.4281721 0
16.484837 -8.3186731 -2.448391 0
3.8596096 -8.0834227 -2.5217667 0
5.7099738 -8.1663523 -2.587286 0
7.5862503 -8.0808344 -2.5389581 0
7.7377214 -8.0347481 -2.5460181 0
5.8528509 -7.9053531 -2.5485229 0
5.8748512 -7.6347628 -2.5634031 0
10.153285 -7.4573793 -2.4089286 0
7.415998 -7.3352633 -2.4634149 0
7.8077736 -7.324759 -2.454792 0
7.0325465 -6.5700369 -2.5157642 0
7.4759779 -6.4756498 -2.5254912 0
9.7652063 -6.5574708 -2.5873361 0
3.4505467 -6.3510265 -2.4667976 0
4.9151177 -6.1530209 -2.5816875 0
16.915148 -5.5465236 -2.4936981 0
8.8773451 -4.9226542 -2.494359 0
15.604826 -4.2133279 -2.51665 0
15.606767 -4.1504917 -2.5819876 0
14.833974 -2.4034009 -2.5507393 0
13.983093 -0.46047378 -2.4269848 0
-27.88192 -39.101536 -2.393621 0
-31.121508 -38.929138 -2.368319 0
-27.950151 -36.622879 -2.3397202 0
-27.631191 -36.624264 -2.257931 0
-26.897266 -36.749641 -2.2221107 0
-27.919128 -36.378864 -2.3737724 0
-24.850666 -35.929604 -2.3669825 0
-26.262802 -34.877934 -2.3860803 0
-28.66695 -34.72253 -2.2210832 0
-23.316969 -33.613277 -2.2419093 0
-25.567993 -33.51973 -2.2606838 0
-24.989679 -32.72057 -2.3969827 0
-21.913208 -32.017849 -2.3702295 0
-21.235435 -32.147461 -2.2825387 0
-21.259943 -30.620913 -2.3343325 0
-21.249069 -30.046944 -2.3749046 0
-21.828495 -29.335384 -2.2717209 0
-20.088474 -29.062342 -2.3119245 0
-5.9249935 -29.106041 -2.2774308 0
-21.901154 -28.731922 -2.2390497 0
-20.069489 -28.488241 -2.35498 0
-20.651611 -27.74962 -2.3246565 0
-16.896162 -26.713968 -2.3381681 0
-16.056332 -26.629494 -2.267097 0
-1.0878544 -26.414825 -2.2352872 0
-17.084824 -26.192673 -2.3371956 0
-17.068676 -25.19175 -2.2731566 0
-12.830534 -23.381454 -2.30878 0
6.2827158 -21.21244 -2.2533796 0
8.1635523 -19.798384 -2.2513614 0
-8.1954155 -19.518293 -2.3512592 0
9.8760405 -18.436787 -2.3119328 0
-6.5305166 -18.255478 -2.3637042 0
-4.9594431 -16.81859 -2.3236279 0
-6.9118271 -15.260831 -2.2462142 0
-3.6147866 -15.388354 -2.2794569 0
-2.3374324 -14.697481 -2.295938 0
0.65269947 -14.395822 -2.2603116 0
-2.399075 -14.146946 -2.330759 0
13.949497 -14.119555 -2.3396809 0
0.2067349 -13.618813 -2.2738962 0
-1.9146829 -13.458336 -2.3745317 0
3.7920048 -13.496662 -2.3685713 0
-3.6989622 -13.292093 -2.2843111 0
-0.79687238 -13.236239 -2.2571425 0
1.5816735 -13.156204 -2.395097 0
-3.3560109 -12.851008 -2.302767 0
1.3641222 -12.619589 -2.3722403 0
7.4601555 -12.697762 -2.3426962 0
-3.0582581 -12.509989 -2.2587123 0
0.69039154 -12.506494 -2.3809221 0
3.8262918 -12.444958 -2.3465903 0
-2.844789 -12.272676 -2.2271659 0
-0.88343406 -12.220492 -2.3731098 0
-2.6939068 -12.090999 -2.2031238 0
-0.87294483 -12.087085 -2.2174718 0
1.3716507 -12.060783 -2.38359 0
-1.8653179 -11.786489 -2.2193794 0
-1.7013798 -11.698221 -2.2185431 0
0.85059345 -11.408491 -2.3129854 0
3.8255858 -11.419132 -2.2653334 0
0.77054954 -11.358668 -2.3054659 0
1.6165438 -11.267249 -2.2205918 0
1.8049889 -11.345954 -2.2449574 0
-0.93625832 -11.001482 -2.2004251 0
-0.77462751 -10.92424 -2.206758 0
0.57226586 -10.842885 -2.3027325 0
1.7969685 -10.7721 -2.3079309 0
0.66470009 -10.401829 -2.2902541 0
3.704442 -10.434708 -2.2037446 0
0.78316087 -10.299204 -2.2848587 0
3.4335895 -10.21882 -2.363174 0
1.1304057 -10.099339 -2.3176775 0
1.9425495 -10.119859 -2.3009923 0
2.0238123 -10.046585 -2.3835013 0
6.8965216 -9.691783 -2.3710842 0
1.1262252 -9.4636641 -2.2578399 0
1.8365499 -9.4721098 -2.2958641 0
3.3204641 -9.4862213 -2.395102 0
5.8969393 -9.2732868 -2.201334 0
1.8709425 -8.9361076 -2.2434142 0
5.780508 -8.5538235 -2.3061523 0
5.7952518 -8.2149181 -2.3573916 0
8.0790348 -8.3268585 -2.280992 0
5.855648 -8.0045519 -2.3146451 0
6.7268591 -7.7039433 -2.2865148 0
5.6660924 -7.2659178 -2.3051987 0
6.7131376 -7.3045216 -2.2050066 0
5.8089662 -7.0048184 -2.2672043 0
8.4008217 -7.0530071 -2.2777276 0
6.5049429 -6.8236742 -2.2567701 0
2.8322477 -6.4330578 -2.2924967 0
5.3353148 -6.5786471 -2.2131248 0
7.6272793 -6.4785638 -2.2248325 0
8.9319277 -6.2674365 -2.3611484 0
8.763299 -5.9858551 -2.3796735 0
7.0854301 -5.6038189 -2.209698 0
17.130455 -4.5261846 -2.2251563 0
15.589543 -3.3578506 -2.2505333 0
15.649775 -3.1946144 -2.2491691 0
-29.376839 -40.010666 -2.1485343 0
-29.019531 -39.920906 -2.1976986 0
-27.742863 -39.293854 -2.0289879 0
-32.01276 -38.877037 -2.0943661 0
-31.886776 -38.632843 -2.0323524 0
-27.570972 -36.703556 -2.0257125 0
-30.244844 -36.296593 -2.1739142 0
-29.565453 -35.434288 -2.0201845 0
-29.454527 -35.336529 -2.0138352 0
-26.12756 -35.019928 -2.1958942 0
-27.980892 -33.877632 -2.0569088 0
-27.87521 -33.771008 -2.0421188 0
-25.493414 -33.214207 -2.1707871 0
-24.883326 -32.78907 -2.0272746 0
-21.763763 -32.046768 -2.0678604 0
-23.981085 -31.978559 -2.1736746 0
-23.879478 -31.681892 -2.0928686 0
-23.724829 -31.186932 -2.0370569 0
-21.23089 -30.67049 -2.1828949 0
-21.196917 -30.114437 -2.1779492 0
-21.814241 -29.419262 -2.0357699 0
-20.061314 -29.111715 -2.1600821 0
-22.030088 -28.857294 -2.1271391 0
-21.989687 -28.894728 -2.0048811 0
-15.578239 -28.706806 -2.1643736 0
-22.012341 -28.532785 -2.142231 0
-20.027937 -28.555574 -2.1558163 0
-23.133768 -28.212082 -2.1240435 0
-14.068056 -28.230223 -2.1291387 0
-20.628967 -27.853436 -2.0235612 0
-20.634098 -27.7962 -2.1964855 0
-4.7343903 -27.643295 -2.0900779 0
-21.319695 -27.337626 -2.1414323 0
-20.833902 -27.283953 -2.1203799 0
-20.836454 -26.97282 -2.1324048 0
-16.058733 -26.645609 -2.1462655 0
-17.048462 -26.242456 -2.1658194 0
-17.167316 -25.13636 -2.1217098 0
-10.291279 -20.54814 -2.0543394 0
-2.3356738 -14.74724 -2.0496733 0
-2.4511223 -14.021448 -2.1538446 0
-1.8739951 -13.501645 -2.1889172 0
0.72967839 -12.555843 -2.1815445 0
3.8337276 -12.420403 -2.0869265 0
-3.623523 -12.355414 -2.046056 0
-3.1067944 -12.036021 -2.0611854 0
-0.95415139 -12.008431 -2.0607495 0
-2.5808554 -11.939157 -2.1853688 0
-1.8106005 -11.738476 -2.0519769 0
-1.6787453 -11.751966 -2.135231 0
9.5990143 -11.769898 -2.1990094 0
0.85055023 -11.43152 -2.125701 0
3.8685875 -11.475435 -2.0218835 0
1.7774074 -11.368905 -2.082365 0
-0.87703967 -10.978344 -2.0875368 0
-0.74714768 -10.969461 -2.1135263 0
0.61273074 -10.905024 -2.0930171 0
1.8369453 -10.830358 -2.1060519 0
7.1231008 -10.685572 -2.1891212 0
0.95138913 -10.36375 -2.1218762 0
0.72419214 -10.020389 -2.0502381 0
1.1910558 -10.084277 -2.1904149 0
1.2264948 -10.132352 -2.0233464 0
2.0396788 -10.004497 -2.0628169 0
1.0282655 -9.6162596 -2.0218751 0
1.0144637 -9.5728769 -2.1499853 0
1.895851 -9.5471859 -2.0173306 0
3.3794956 -9.438055 -2.1326041 0
0.8732177 -9.2970438 -2.0128617 0
1.0053203 -9.2656918 -2.1745012 0
1.7485141 -9.2658377 -2.1918666 0
1.871842 -9.1838684 -2.0986946 0
1.901601 -8.9770041 -2.0910387 0
2.0343223 -8.4099188 -2.0990126 0
2.1657491 -8.3739443 -2.1851337 0
5.8604321 -8.2569008 -2.1202648 0
5.9167585 -8.0958281 -2.0895102 0
3.6590967 -7.802773 -2.0155294 0
8.0074987 -7.9465079 -2.0137517 0
5.828475 -7.6587915 -2.1046844 0
7.7460775 -7.4470096 -2.0179465 0
3.3651791 -7.3735428 -2.1254764 0
5.7351055 -7.3083372 -2.0705302 0
5.930501 -7.3905334 -2.0608959 0
7.9557142 -7.328784 -2.1475735 0
2.8857212 -7.0597072 -2.0969658 0
3.8883038 -7.0922122 -2.1881628 0
5.8079453 -7.1019573 -2.0318561 0
6.5409904 -7.1672745 -2.1330831 0
2.728096 -6.8178539 -2.1418226 0
3.1121693 -6.8015733 -2.0998693 0
6.281179 -6.8615942 -2.1282518 0
4.8658195 -6.7192197 -2.147769 0
3.0743361 -6.5735302 -2.1705062 0
5.4546237 -6.4316101 -2.186933 0
5.7505589 -6.5993738 -2.0532699 0
9.6808634 -6.4838901 -2.0972857 0
16.60701 -6.5162845 -2.0794425 0
5.4928131 -6.3960776 -2.0666654 0
5.6350245 -6.1348863 -2.0314555 0
8.6067123 -6.0218563 -2.0017114 0
8.6112452 -5.3857369 -2.0857987 0
8.8616114 -4.9611554 -2.1347384 0
8.9239006 -3.9590964 -2.1875923 0
15.417158 -2.5999687 -2.1045082 0
14.744246 -0.51813972 -2.0200837 0
13.780745 0.43765092 -2.124444 0
14.733801 1.7608973 -2.1061673 0
-44.343807 -45.091854 -1.8552623 0
-31.041515 -39.121132 -1.9612255 0
-28.436747 -35.614052 -1.8205013 0
-29.423107 -35.373459 -1.8362019 0
-26.075142 -35.098328 -1.9650159 0
-27.844967 -33.814758 -1.8674374 0
-25.56081 -33.531136 -1.9949656 0
-25.46488 -33.335175 -1.9507356 0
-24.934004 -32.742336 -1.9031523 0
-23.975525 -31.991274 -1.9105191 0
-23.885281 -31.794218 -1.8623214 0
-26.157675 -31.296143 -1.9658723 0
-23.783148 -31.165762 -1.9160897 0
-25.927504 -30.918623 -1.8434018 0
-25.619755 -30.57564 -1.8042861 0
-24.989996 -29.702339 -1.9949696 0
-21.773487 -29.475471 -1.8721957 0
-24.758053 -29.326303 -1.8711773 0
-24.453896 -28.987791 -1.8299266 0
-24.264996 -28.75493 -1.8003156 0
-21.815828 -28.184322 -1.8847144 0
-5.895092 -28.091446 -1.9160309 0
-20.599257 -27.911926 -1.858322 0
-20.818668 -27.334194 -1.9939973 0
-20.642389 -26.626839 -1.8742411 0
-1.063673 -25.38586 -1.9156511 0
-17.22311 -24.976122 -1.8778534 0
-13.031325 -23.187586 -1.9354942 0
-8.4184799 -19.345245 -1.9906619 0
-6.6967883 -18.022404 -1.9820067 0
-9.300292 -17.132889 -1.8956745 0
-5.2093687 -16.672997 -1.977293 0
-3.8177238 -15.186638 -1.9087769 0
-1.8540092 -13.487099 -1.9403082 0
1.8535055 -13.352571 -1.9074324 0
15.169565 -13.206104 -1.9889843 0
-5.4238224 -13.05873 -1.944978 0
0.77297425 -12.612555 -1.9808054 0
2.7784319 -12.792173 -1.9481857 0
-1.0358822 -11.929198 -1.901034 0
-2.8913202 -11.656003 -1.9463427 0
-1.7501704 -11.743683 -1.8583484 0
0.87992477 -11.48438 -1.9412674 0
-2.6165493 -11.205739 -1.9467238 0
-2.5974345 -11.312674 -1.9095803 0
1.6740031 -11.369714 -1.8816392 0
-2.3863688 -11.068997 -1.8817959 0
-2.2261407 -10.888289 -1.8621892 0
0.63909745 -10.941616 -1.9663019 0
9.0448399 -10.839955 -1.9232666 0
-2.1114376 -10.736253 -1.847257 0
-1.6612748 -10.734309 -1.9460125 0
-1.4883811 -10.682854 -1.9064775 0
1.0044115 -10.431104 -1.8586627 0
3.7622023 -10.508188 -1.9672062 0
1.2626567 -10.180586 -1.8552805 0
2.0748305 -10.033663 -1.9524057 0
-0.70256591 -9.9452534 -1.8707817 0
-0.5526545 -9.9053907 -1.8695722 0
0.6423583 -9.9479303 -1.8973756 0
1.0759892 -9.6747618 -1.8121543 0
1.9416317 -9.6024599 -1.8141918 0
6.7652578 -9.7537899 -1.9264593 0
0.69984877 -9.4080467 -1.9823163 0
3.4939966 -9.5393887 -1.9154215 0
3.9961071 -9.4924936 -1.9254538 0
0.9804951 -9.3714886 -1.8866313 0
1.9321445 -9.0314064 -1.8872582 0
1.2248919 -8.8214207 -1.8555824 0
8.8368912 -8.6057367 -1.8085519 0
2.0572908 -8.4504089 -1.9435973 0
2.3390677 -8.4510651 -1.9139712 0
1.3111225 -8.3077707 -1.9111971 0
1.56635 -8.3749132 -1.9190003 0
1.6623452 -8.252037 -1.904826 0
2.1717386 -8.3040457 -1.978986 0
5.9442186 -8.3054714 -1.8851857 0
2.0919023 -7.9149513 -1.8889148 0
6.7819271 -7.8432713 -1.8547202 0
1.2657543 -7.7231774 -1.8623209 0
3.1542058 -7.5423021 -1.8473878 0
2.1238048 -7.3835034 -1.846409 0
2.3769376 -7.3319459 -1.9061247 0
5.811182 -7.3533278 -1.8361809 0
5.846806 -7.1855335 -1.801357 0
5.6278353 -6.7692389 -1.8483164 0
3.6040974 -6.5387993 -1.8486123 0
3.9717612 -6.4284887 -1.8175159 0
5.5652981 -6.437376 -1.8325124 0
7.7630358 -6.4767561 -1.9155688 0
3.7233105 -6.2685881 -1.9838829 0
4.6581302 -6.3581686 -1.9491773 0
6.2108936 -6.2480025 -1.8542116 0
4.4364839 -6.0463047 -1.8771667 0
3.7550473 -5.9767752 -1.878032 0
4.3341508 -5.8946285 -1.9852798 0
16.83153 -5.4958773 -1.8147328 0
7.0479689 -4.7066221 -1.9377353 0
7.3448749 -4.5842247 -1.9938083 0
8.894824 -4.3714151 -1.9004554 0
8.9178905 -3.9931967 -1.8294249 0
17.243151 -3.4903629 -1.9773393 0
8.8891735 -3.0720828 -1.9221148 0
15.631841 -2.3384576 -1.9869409 0
15.49795 -1.5763824 -1.8570577 0
13.919272 2.511205 -1.8087757 0
-29.490128 -40.101978 -1.6051726 0
-31.865349 -38.753372 -1.6149726 0
-27.510887 -36.782707 -1.7921417 0
-28.880791 -35.693268 -1.6942129 0
-28.310364 -35.464874 -1.7941194 0
-26.024828 -35.174171 -1.7318645 0
-25.457386 -33.600754 -1.7754276 0
-25.404774 -33.440586 -1.7332335 0
-24.889488 -32.812992 -1.7210125 0
-23.894123 -32.055511 -1.6834595 0
-23.813671 -31.905144 -1.6485391 0
-23.750143 -31.212652 -1.7790613 0
-24.169212 -30.968124 -1.7453861 0
-25.416897 -30.338469 -1.7757232 0
-25.254078 -30.159662 -1.7553358 0
-25.140993 -30.014671 -1.7406919 0
-22.831932 -29.736988 -1.6007028 0
-22.57719 -29.438112 -1.6276264 0
-21.719212 -29.529556 -1.7061509 0
-20.87199 -29.451078 -1.6079068 0
-22.311525 -29.361835 -1.7149327 0
-21.90979 -29.009628 -1.6751784 0
-21.951405 -28.972132 -1.7988224 0
-20.84655 -28.96339 -1.6672652 0
-24.099628 -28.574923 -1.7783346 0
-23.975563 -28.435482 -1.7644007 0
-21.778337 -28.053692 -1.7344784 0
-13.898968 -28.122974 -1.6158426 0
-20.551023 -27.966753 -1.6916549 0
-19.726921 -27.886932 -1.6451588 0
-20.770519 -27.437691 -1.7276509 0
-13.969133 -27.233887 -1.7915416 0
-4.7081909 -26.627907 -1.7307454 0
-20.60508 -26.495834 -1.7243968 0
-18.923746 -25.882797 -1.7889866 0
-17.368065 -24.873707 -1.6357144 0
-17.702066 -24.316051 -1.7529271 0
-2.6060123 -13.773875 -1.765151 0
-1.8554486 -13.511351 -1.7418243 0
-5.4475198 -12.97623 -1.7722219 0
0.8240037 -12.674659 -1.705539 0
2.0616734 -12.291372 -1.6465471 0
15.158297 -12.176083 -1.6760473 0
-1.1471255 -11.866904 -1.7419773 0
0.96962786 -11.559977 -1.7146473 0
3.9472251 -11.496136 -1.7755132 0
-3.5527799 -11.320459 -1.7427533 0
1.6788747 -11.384744 -1.759954 0
0.65414381 -11.00465 -1.7996738 0
16.6534 -11.055767 -1.6107991 0
7.2892451 -10.813368 -1.7986503 0
-1.6091077 -10.696794 -1.7809511 0
1.0461228 -10.485224 -1.6608031 0
3.7961264 -10.553025 -1.7206821 0
-2.9681211 -10.318422 -1.6178974 0
1.3163912 -10.22554 -1.6839358 0
2.1329534 -10.134187 -1.6138356 0
0.60757327 -9.845212 -1.7413309 0
-1.5452778 -9.7148514 -1.6978155 0
-1.3741642 -9.6706982 -1.6604297 0
1.0965362 -9.7141905 -1.6855575 0
1.9705273 -9.6434393 -1.6589955 0
3.5561485 -9.6155224 -1.6798058 0
0.96429849 -9.3515759 -1.7336814 0
1.9781271 -9.0857277 -1.685416 0
-0.61743057 -8.922061 -1.6750448 0
-0.45279935 -8.8794565 -1.656513 0
1.1032121 -8.7119427 -1.6236484 0
0.65188515 -8.4963074 -1.7015247 0
0.80021405 -8.4255943 -1.7130213 0
2.083787 -8.4978571 -1.7370924 0
1.3531742 -8.3649464 -1.700119 0
1.6950035 -8.2910061 -1.7308755 0
2.1766624 -8.2587137 -1.6571896 0
1.1595492 -7.8527346 -1.6872776 0
2.1371696 -7.9909201 -1.6095934 0
1.1496252 -7.519908 -1.7834213 0
1.97929 -7.4493437 -1.620405 0
2.1680713 -7.4260979 -1.6982918 0
4.0139933 -7.5598068 -1.6878885 0
5.8937421 -7.400856 -1.6006486 0
6.0197716 -7.498971 -1.6575629 0
1.5185187 -7.2666368 -1.6295757 0
1.6545696 -7.2012501 -1.7565095 0
2.3602271 -7.2625351 -1.6935909 0
2.8318853 -7.3766637 -1.6665134 0
4.5291719 -7.252275 -1.7387408 0
6.9744945 -7.2558069 -1.7919915 0
1.5283395 -7.1680899 -1.7133694 0
2.1908796 -6.8704052 -1.7230992 0
3.5805693 -6.9571729 -1.6416731 0
6.2837143 -6.8166409 -1.6343842 0
2.7421598 -6.6350832 -1.6851783 0
3.5586977 -6.7716722 -1.7286556 0
3.6817813 -6.7999763 -1.6011615 0
3.9744587 -6.6211486 -1.797416 0
4.7634602 -6.7390532 -1.6757398 0
4.9296446 -6.4734559 -1.6459105 0
2.4931617 -6.3071103 -1.6666157 0
3.1943903 -6.3352156 -1.7714534 0
5.6260586 -6.2264919 -1.7928628 0
1.3152618 -5.3179131 -1.6939316 0
2.1961808 -5.0288191 -1.6235805 0
8.722024 -4.9920692 -1.7590289 0
7.4744248 -4.5490055 -1.6800287 0
6.9018154 -3.8471861 -1.7367563 0
7.0526333 -3.6752896 -1.7050116 0
17.276875 -2.5343401 -1.6407702 0
8.7620325 -2.2328029 -1.7506758 0
14.519368 0.15026021 -1.770596 0
-32.621925 -36.873257 -1.5228889 0
-27.414186 -36.827263 -1.554997 0
-25.92584 -35.231441 -1.4992993 0
-25.373688 -33.664021 -1.5466373 0
-29.059301 -33.133503 -1.4662534 0
-28.927219 -33.023811 -1.4560175 0
-23.793428 -32.127041 -1.4590893 0
-26.814844 -29.539949 -1.4205668 0
-21.875027 -29.07045 -1.508428 0
-21.924665 -28.036125 -1.5715377 0
-21.936157 -27.926943 -1.4091208 0
-20.683681 -27.838799 -1.5514008 0
-19.688307 -27.900944 -1.5232008 0
-20.704845 -27.506199 -1.4967101 0
-20.783278 -26.490746 -1.5614722 0
-20.75732 -26.360241 -1.4008243 0
3.7026768 -25.187294 -1.5965118 0
-17.507778 -24.836874 -1.4804434 0
11.592173 -18.229544 -1.4631855 0
12.970613 -16.679874 -1.5187497 0
-9.5437603 -15.47135 -1.5210202 0
-4.9506016 -11.874676 -1.5547304 0
-1.2919477 -11.832388 -1.5902989 0
-1.7015929 -11.763514 -1.4706421 0
1.0073421 -11.606096 -1.5096338 0
-1.5310318 -10.711512 -1.5162828 0
1.083096 -10.529847 -1.4582036 0
3.8872514 -10.58807 -1.4777582 0
-3.5832973 -10.305649 -1.4333897 0
2.1628108 -10.155018 -1.4940169 0
-2.7431138 -9.9284382 -1.5087498 0
6.8818169 -9.8951683 -1.5325325 0
-1.496067 -9.6864958 -1.5353172 0
0.49639928 -9.7200909 -1.5008502 0
1.1272767 -9.7656841 -1.5152647 0
3.5921516 -9.6593227 -1.4331611 0
17.116602 -9.7091112 -1.5754493 0
-2.4480615 -9.5825062 -1.4781398 0
1.0501847 -9.4636536 -1.5597401 0
-2.4641588 -9.2163143 -1.4158847 0
-2.2559514 -9.346158 -1.4572046 0
-2.087503 -9.1577454 -1.4390833 0
-1.9680533 -9.0254192 -1.4319385 0
-0.48161629 -8.9019499 -1.5617639 0
-1.5044637 -8.7390175 -1.4127886 0
-1.3420415 -8.6578417 -1.4138632 0
1.0767851 -8.6013117 -1.4663191 0
0.93447483 -8.4515581 -1.5298995 0
1.4119455 -8.4315271 -1.4465941 0
2.1022997 -8.5438213 -1.5297754 0
-0.85370922 -8.3747797 -1.4862614 0
2.2127142 -8.2855368 -1.5463791 0
2.187254 -8.0461674 -1.4083707 0
-0.9877367 -7.9782915 -1.5153248 0
1.2072376 -7.9314446 -1.4121259 0
0.72448367 -7.6417856 -1.5860372 0
0.52857685 -7.5169945 -1.4221585 0
2.2171204 -7.4815683 -1.4975364 0
3.1434011 -7.4447637 -1.5612159 0
0.73541313 -7.2776837 -1.4784515 0
1.5487082 -7.3001041 -1.5036721 0
1.3861662 -7.1233511 -1.5470955 0
2.3696198 -7.1873856 -1.488677 0
0.69779015 -6.9685764 -1.4907018 0
2.1963546 -6.9173412 -1.5657487 0
5.7308283 -6.957006 -1.4356666 0
1.3551252 -6.7949209 -1.4673209 0
1.4901831 -6.6731877 -1.5815082 0
1.3619709 -6.4770384 -1.4990056 0
2.1828809 -6.4110017 -1.5617151 0
2.2238066 -6.4525647 -1.4118955 0
2.8192565 -6.5685906 -1.5587292 0
3.9498158 -6.4811592 -1.5107541 0
5.6223683 -6.4732294 -1.5932385 0
2.4856915 -6.2461495 -1.4591217 0
4.8897824 -6.337307 -1.4760842 0
5.6661077 -6.3078785 -1.5621284 0
1.7739792 -6.1749601 -1.5193784 0
3.6758742 -6.0191469 -1.4156449 0
4.5412326 -6.0617638 -1.5964303 0
2.1838565 -5.9078693 -1.4239614 0
0.42625141 -5.4238219 -1.4471359 0
0.4575491 -5.3646832 -1.4886413 0
0.57999134 -5.0611081 -1.438539 0
1.6992579 -5.1479864 -1.5372334 0
5.8741789 -5.047164 -1.4952041 0
4.2077146 -4.8015342 -1.4625751 0
9.136261 -4.6183219 -1.4869258 0
5.3594975 -4.4860258 -1.5334342 0
8.9360857 -4.4055071 -1.4541677 0
16.941698 -4.4591513 -1.5633123 0
5.5090804 -4.2279286 -1.500581 0
8.7757454 -4.0220952 -1.4537983 0
7.8827248 -3.5018783 -1.5080192 0
4.8695545 -3.1517191 -1.4831181 0
7.7446613 -3.1972015 -1.4024032 0
8.8841829 -3.10414 -1.5641818 0
15.353087 -0.77047014 -1.5903242 0
12.932257 2.6279926 -1.4891039 0
-31.856922 -38.920959 -1.2161155 0
-31.782667 -35.989582 -1.3862975 0
-28.764229 -35.808796 -1.2812881 0
-33.380001 -34.977936 -1.2187096 0
-30.628628 -34.699215 -1.3945317 0
-30.336582 -34.649174 -1.305779 0
-30.497402 -34.588554 -1.3877397 0
-28.754009 -33.107544 -1.3048286 0
-27.578241 -33.058029 -1.3747842 0
-27.888729 -31.069447 -1.2903713 0
-26.724901 -29.424065 -1.2538127 0
-22.315903 -29.427965 -1.3570323 0
-20.070778 -29.239292 -1.3808236 0
-14.21554 -29.115984 -1.2523556 0
3.7758694 -24.146816 -1.2997477 0
6.411725 -22.570374 -1.2703092 0
8.3208761 -21.160328 -1.2768917 0
10.057359 -19.790829 -1.3283165 0
13.012248 -15.631157 -1.2453876 0
14.142424 -15.465945 -1.3502626 0
-4.9568172 -11.786946 -1.3838933 0
-1.7028539 -11.784227 -1.2712383 0
2.1675436 -11.280958 -1.3872871 0
2.9452786 -10.805155 -1.3707762 0
-1.4621787 -10.713547 -1.256688 0
1.1265519 -10.586561 -1.2547731 0
16.631546 -10.03126 -1.2868392 0
-1.4415102 -9.6667156 -1.3845327 0
0.34393811 -9.6226673 -1.2609129 0
1.088671 -9.5122223 -1.3598702 0
4.9214535 -9.5776472 -1.2814283 0
-2.7437005 -9.2594299 -1.3359528 0
-2.5360427 -8.8820753 -1.2277933 0
-1.4511549 -8.6927605 -1.2458365 0
-1.3214703 -8.7186642 -1.3319852 0
0.89400101 -8.6022015 -1.3203198 0
2.1922817 -8.6067276 -1.3854828 0
8.1824074 -8.658803 -1.2135812 0
17.112906 -8.6798992 -1.2583848 0
0.99154949 -8.527873 -1.269628 0
1.4480215 -8.4777222 -1.2744012 0
-0.50131506 -7.9171987 -1.3563528 0
-0.39194888 -7.9048133 -1.2984626 0
1.2192158 -7.9771209 -1.2873788 0
7.4614086 -7.8210931 -1.3634207 0
3.3460894 -7.61971 -1.3774903 0
7.7700663 -7.6849322 -1.3808236 0
0.73823339 -7.5050011 -1.3188778 0
2.2643299 -7.5371795 -1.2944781 0
5.9085293 -7.5788803 -1.2186991 0
0.01938343 -7.2454505 -1.3950742 0
1.5719671 -7.3495646 -1.3340764 0
2.3898261 -7.2185407 -1.3773056 0
2.4171438 -7.2480488 -1.2660851 0
1.2555541 -7.0769501 -1.3902169 0
0.036483765 -6.9604836 -1.3493761 0
1.3032539 -6.9009013 -1.2908876 0
2.2517357 -6.965764 -1.3670354 0
0.38574541 -6.6275434 -1.2886832 0
3.8008575 -6.6787872 -1.3845282 0
-0.44401646 -6.5342784 -1.2208745 0
1.4166367 -6.4214807 -1.3758621 0
2.2667041 -6.506412 -1.2083493 0
2.886368 -6.5302434 -1.2999463 0
4.9361987 -6.5528274 -1.2210548 0
5.7001853 -6.5167789 -1.3570875 0
-0.2458992 -6.2392387 -1.2094839 0
1.5141108 -6.3010583 -1.3626437 0
1.6435409 -6.2595401 -1.3268824 0
4.2655778 -6.2751255 -1.2744608 0
-0.5016346 -6.1428566 -1.2179339 0
1.6100373 -6.0732265 -1.2618259 0
0.12694454 -5.9357367 -1.3218491 0
2.2713673 -5.935308 -1.2848471 0
1.5149502 -5.7206182 -1.2840672 0
3.5654097 -5.612093 -1.3814893 0
3.8282857 -5.7362785 -1.3788483 0
-0.26839733 -5.5284052 -1.3074279 0
1.4620388 -5.4605527 -1.261331 0
2.1457968 -5.4870911 -1.2888434 0
-0.19340801 -5.2452722 -1.2509398 0
2.518306 -5.282433 -1.2949773 0
5.4275489 -4.525775 -1.2983546 0
7.6390681 -4.5881467 -1.3857946 0
5.5154214 -4.3241558 -1.2660449 0
8.2127171 -4.1448641 -1.3245692 0
7.1903133 -3.6455531 -1.3933156 0
5.0730972 -3.5445862 -1.2374279 0
16.985086 -3.4979899 -1.2235837 0
5.2339191 -3.2915201 -1.2061436 0
6.8171983 -2.8087926 -1.262871 0
8.7461109 -2.2628469 -1.3906416 0
3.2292042 -1.823494 -1.2591758 0
6.8070226 -1.9501998 -1.2148118 0
17.262678 -1.6829674 -1.3809478 0
17.122044 -0.93482542 -1.2668407 0
8.6787977 -0.34954476 -1.232688 0
15.125326 -0.0059851408 -1.3165414 0
15.428269 0.25293899 -1.3433969 0
-31.879036 -36.432629 -1.1508527 0
-30.819851 -36.586727 -1.0715399 0
-31.773392 -35.931114 -1.0892391 0
-30.302368 -34.694 -1.1793997 0
-28.695427 -33.193398 -1.047363 0
-27.395308 -33.107494 -1.0944717 0
-19.456076 -29.505777 -1.0050261 0
-5.7010708 -29.525703 -1.0620673 0
-22.040737 -27.819309 -1.1603353 0
-20.711847 -27.906162 -1.1909491 0
-12.312403 -26.660299 -1.1938044 0
-20.891058 -26.272545 -1.1586388 0
-17.609524 -24.571993 -1.0680891 0
10.119395 -18.747116 -1.034905 0
11.654003 -17.182156 -1.1815226 0
14.196991 -14.421244 -1.0660236 0
-1.4057674 -11.565864 -1.1813579 0
-1.5297221 -10.708761 -1.1399037 0
1.154603 -10.622248 -1.115941 0
2.2219591 -10.29565 -1.076741 0
-4.8054581 -10.150919 -1.1123222 0
2.8663468 -9.8616161 -1.0718138 0
-1.364717 -9.7142143 -1.0567696 0
3.6032505 -9.6328773 -1.1750157 0
-3.8706913 -9.4734268 -1.1403826 0
0.25533712 -9.5351362 -1.0865039 0
1.1267592 -9.5597124 -1.1572754 0
-1.3873742 -8.6812973 -1.0491782 0
-2.2485538 -8.5345955 -1.1950474 0
0.86931992 -8.4847822 -1.1545172 0
1.0287052 -8.5736942 -1.0695174 0
-2.6385753 -8.2433023 -1.0957474 0
-2.5064542 -8.2463322 -1.124156 0
-2.0403121 -8.2951288 -1.1728761 0
2.2907491 -8.3822718 -1.1442237 0
-1.8895624 -8.1136312 -1.1565055 0
1.2749399 -8.0092144 -1.1126484 0
-2.1500454 -7.9142566 -1.1563734 0
-1.7612007 -7.9895339 -1.1508299 0
17.256897 -7.8865137 -1.1822225 0
-1.5546987 -7.789124 -1.1266737 0
-1.3857378 -7.7536459 -1.0915401 0
0.65424347 -7.6184044 -1.1172808 0
3.3870411 -7.6697602 -1.1340213 0
4.8033123 -7.6442175 -1.1234531 0
0.7751556 -7.5587473 -1.1943034 0
2.2972934 -7.5789518 -1.1396675 0
0.64702511 -7.3298993 -1.080022 0
1.3103275 -7.3011913 -1.1904763 0
1.611599 -7.3945227 -1.1656568 0
3.0780077 -7.2306809 -1.1224744 0
4.291976 -7.3412457 -1.133037 0
5.5836782 -7.262291 -1.1904032 0
-0.6236071 -7.0018425 -1.1073209 0
2.2919657 -7.0201139 -1.1646972 0
6.3862567 -7.1542358 -1.1337831 0
-0.49491075 -6.9741569 -1.0600953 0
1.1924406 -6.8654666 -1.087955 0
1.4327711 -6.9080868 -1.0654464 0
3.6710835 -6.9483919 -1.1902704 0
6.2180882 -6.9402037 -1.082644 0
6.6678138 -6.9937277 -1.1442404 0
1.2933311 -6.6037011 -1.1220746 0
3.0065682 -6.6445885 -1.0868495 0
2.3015907 -6.5590658 -1.0027277 0
2.9008827 -6.5198593 -1.1269197 0
0.40281069 -6.2612257 -1.1786535 0
1.5426688 -6.3335695 -1.186692 0
1.6886985 -6.3225908 -1.0952963 0
2.5253994 -6.2222805 -1.0259572 0
4.6348786 -6.2400351 -1.1805365 0
1.4674616 -6.0369782 -1.103744 0
2.5105562 -6.1901684 -1.1382118 0
-0.43864918 -5.8593712 -1.1694851 0
1.4911389 -5.805583 -1.1030467 0
2.302959 -5.9887261 -1.0806527 0
0.47349262 -5.7415075 -1.0008812 0
1.0953953 -5.407362 -1.071183 0
2.1810398 -5.527421 -1.1367939 0
2.6695552 -5.5637655 -1.1916926 0
1.2013485 -5.2998443 -1.0627172 0
1.6749272 -5.2647905 -1.1095724 0
2.5192416 -5.2319431 -1.0995873 0
2.7794676 -5.3028669 -1.1506987 0
1.5906913 -5.1667991 -1.0337378 0
1.8470688 -5.1048851 -1.1926067 0
2.220336 -5.0102706 -1.0102668 0
1.7108154 -4.9115162 -1.0215945 0
2.1978989 -4.9706049 -1.1646373 0
1.6384256 -4.6755981 -1.0656682 0
2.0053771 -4.5672436 -1.0570414 0
2.4893222 -4.4113121 -1.1090887 0
5.5273738 -4.48631 -1.0488336 0
4.8282204 -4.1414628 -1.08255 0
4.3422184 -3.8027334 -1.1628546 0
7.1898527 -3.6538224 -1.0846715 0
7.3896828 -3.7320747 -1.1150377 0
5.1612015 -3.5941982 -1.0083327 0
7.9846497 -3.5645394 -1.0779283 0
8.747447 -3.1293652 -1.1891637 0
6.7687798 -2.3071384 -1.0151224 0
8.616003 -2.281054 -1.0155948 0
6.1792555 -1.4808192 -1.0237674 0
15.223154 1.0151042 -1.0663612 0
13.667374 2.3956642 -1.1208209 0
13.99805 2.6031036 -1.1693234 0
12.026382 3.3090274 -1.1895688 0
10.520458 4.2532892 -1.1853421 0
-31.714764 -39.111797 -0.85367489 0
-38.009708 -38.702351 -0.84042406 0
-37.710945 -38.530785 -0.87255621 0
-34.862034 -36.470558 -0.99662739 0
-34.208786 -36.043858 -0.96318293 0
-31.643669 -36.070686 -0.90278721 0
-34.169983 -35.740593 -0.83293295 0
-30.250105 -34.763149 -0.99027401 0
-28.650557 -33.259605 -0.85400558 0
-27.178673 -33.229816 -0.84266901 0
-29.431597 -33.077763 -0.84410357 0
-29.060011 -31.740501 -0.8303563 0
-27.483181 -30.177338 -0.86492646 0
-22.408371 -29.478447 -0.98048049 0
-4.5259953 -28.061424 -0.87040675 0
-20.849623 -27.961206 -0.81319654 0
-22.21718 -27.760885 -0.91774642 0
-12.610483 -27.644503 -0.83925271 0
-0.9081459 -26.783957 -0.99375057 0
-20.998392 -26.155865 -0.90190017 0
6.4751139 -21.529556 -0.97844958 0
8.3772497 -20.119953 -0.97783017 0
-1.4983661 -10.739292 -0.99956524 0
-4.742919 -10.028834 -0.94760275 0
17.269381 -9.8869171 -0.95464027 0
-1.4105653 -9.6692924 -0.89114249 0
1.1689154 -9.6146584 -0.95284224 0
-4.5926981 -9.101511 -0.82957387 0
1.0718641 -8.6309338 -0.8689791 0
0.66531563 -8.3538551 -0.82969284 0
0.81471133 -8.3785849 -0.98154867 0
-2.437324 -7.8670225 -0.98880321 0
7.3074694 -7.8381791 -0.82214737 0
-1.5080123 -7.766161 -0.96626693 0
3.439949 -7.7348437 -0.89349741 0
6.0130177 -7.7039928 -0.8197881 0
-2.1297767 -7.5147409 -0.9573192 0
0.80868703 -7.5940642 -0.99189425 0
1.6552246 -7.4395294 -0.99400866 0
2.2752905 -7.487504 -0.80506289 0
5.4154644 -7.5621181 -0.80677259 0
-2.6600337 -7.2947483 -0.83412111 0
-1.9359381 -7.2778268 -0.93629289 0
-0.34745026 -7.3982687 -0.93002081 0
0.0092697144 -7.31809 -0.95016444 0
2.4910102 -7.3530903 -0.86689138 0
-1.7594547 -7.0887895 -0.91778117 0
-0.41057682 -7.0461588 -0.9568727 0
0.072274208 -7.0080619 -0.91295207 0
6.1660852 -7.1524458 -0.85392499 0
-1.6907938 -6.8816957 -0.87564647 0
-0.4329488 -6.96 -0.96277881 0
1.4840302 -6.9715223 -0.82997489 0
2.9763889 -6.9897871 -0.9588306 0
17.247137 -6.8518119 -0.88371599 0
17.489635 -6.8712792 -0.92336607 0
-1.5691926 -6.7599759 -0.85188079 0
-0.33498478 -6.6681275 -0.91532803 0
1.1251284 -6.7741337 -0.92912298 0
2.3552015 -6.6039543 -0.84970033 0
3.0513041 -6.7012563 -0.84508806 0
5.014091 -6.711957 -0.91380692 0
1.7218554 -6.3685803 -0.92620254 0
3.4692106 -6.3968477 -0.8506701 0
-0.7886939 -6.0583792 -0.8439374 0
0.21264362 -6.0199499 -0.88128829 0
2.3357594 -6.0421176 -0.87669456 0
4.6102633 -6.1171646 -0.83255863 0
-0.62639797 -5.9823074 -0.851219 0
-0.40885735 -5.8401194 -0.83267236 0
1.3842491 -5.9005723 -0.87698889 0
1.5351863 -5.8623238 -0.89191234 0
3.8541989 -5.8353977 -0.96196151 0
-0.47687149 -5.7667799 -0.86013722 0
0.32953805 -5.6080012 -0.88430625 0
3.5283823 -5.6561213 -0.9136076 0
-0.14883804 -5.4208217 -0.84777617 0
0.48450667 -5.5533299 -0.90276939 0
2.2173676 -5.5793662 -0.93210667 0
0.93871069 -5.2676754 -0.89125466 0
1.1137111 -5.2641525 -0.910025 0
1.2280376 -5.3302059 -0.88533217 0
1.719463 -5.3198342 -0.8986423 0
2.5711713 -5.2956638 -0.84787017 0
0.40209675 -5.0767627 -0.94920135 0
1.6991673 -5.0017109 -0.95365816 0
2.2647877 -5.062583 -0.80863011 0
2.5108707 -5.1880331 -0.96292996 0
1.0323691 -4.9894524 -0.84704351 0
1.5352528 -4.8258839 -0.82503974 0
1.5109711 -4.7914591 -0.9527843 0
2.0228209 -4.6031804 -0.89915764 0
5.5970364 -4.6181412 -0.8304984 0
1.5176494 -4.4741735 -0.98735929 0
1.7160498 -4.301765 -0.90661776 0
1.9586923 -4.3860865 -0.85704553 0
2.4939752 -4.3339095 -0.90244782 0
5.8585043 -4.2992558 -0.9024539 0
2.0407588 -4.0487022 -0.9322356 0
1.6118945 -3.7428048 -0.80129886 0
2.3386045 -3.4942443 -0.88556153 0
3.7755599 -3.4236517 -0.81929827 0
5.2249069 -3.3837724 -0.9678399 0
6.9280047 -2.8766155 -0.83607697 0
4.4935474 -2.7685342 -0.94209582 0
16.972939 -2.6425948 -0.95928866 0
5.6939936 -2.2628255 -0.98426938 0
3.404706 -1.9140263 -0.85414743 0
4.6368032 -1.8650217 -0.88609242 0
16.843731 -1.8819795 -0.83357537 0
6.5471554 -1.0361534 -0.91008049 0
8.6676779 -0.37769568 -0.87291092 0
8.4770403 0.53336799 -0.93479663 0
12.792275 3.1719303 -0.80508327 0
13.005552 3.217551 -0.96643496 0
10.990829 3.9419596 -0.95858598 0
-35.492256 -37.770824 -0.65614939 0
-35.207565 -37.586983 -0.67561769 0
-31.576363 -36.169853 -0.68264747 0
-29.06086 -35.661549 -0.65425962 0
-32.326714 -35.414944 -0.61441231 0
-33.465107 -34.907742 -0.65658832 0
-30.202038 -34.82328 -0.79625708 0
-30.145771 -34.899837 -0.60491228 0
-33.360207 -34.798176 -0.63793015 0
-32.771458 -34.009209 -0.61924255 0
-32.613388 -33.949986 -0.63211519 0
-31.825884 -33.245037 -0.6015994 0
-28.603619 -33.32967 -0.6585654 0
-31.671265 -33.162537 -0.60589451 0
-32.209339 -32.899933 -0.76871133 0
-29.336113 -32.781734 -0.7494216 0
-31.222816 -32.420624 -0.75593913 0
-31.037233 -32.41188 -0.68091869 0
-31.059422 -32.346264 -0.75787699 0
-30.24334 -31.659336 -0.6572699 0
-30.103655 -31.653261 -0.6688484 0
-29.010353 -31.794245 -0.68749458 0
-30.118313 -31.58 -0.71145606 0
-28.982841 -31.238369 -0.67164892 0
-27.453957 -30.228697 -0.71468365 0
-27.457979 -29.685627 -0.69251072 0
-27.095224 -29.123367 -0.61764383 0
-24.608177 -29.032249 -0.73969984 0
-19.322023 -28.524542 -0.6334362 0
-5.5829849 -28.5109 -0.69051027 0
-22.217587 -27.620672 -0.71711171 0
-21.04664 -26.052708 -0.71340024 0
-0.79967308 -25.754553 -0.66012478 0
15.299107 -13.566687 -0.7436223 0
-10.283479 -13.038229 -0.69617546 0
-1.3823829 -9.7112017 -0.75090504 0
3.6382723 -9.5992041 -0.606125 0
0.095588923 -9.3184156 -0.6913079 0
2.1594381 -9.3652649 -0.78350133 0
-4.5286736 -8.980092 -0.66484487 0
-1.3404056 -8.6978493 -0.66325104 0
1.1091167 -8.6762085 -0.66304958 0
1.4587746 -7.8768854 -0.73511803 0
-1.440683 -7.741653 -0.76614797 0
0.84688038 -7.6388354 -0.79140401 0
3.5285411 -7.7640085 -0.64955837 0
1.4574127 -7.5515032 -0.7106756 0
4.9255629 -7.4507308 -0.65576708 0
6.0356264 -7.5689917 -0.76056278 0
0.66466331 -7.3605552 -0.64168918 0
5.4452667 -7.3130412 -0.60576582 0
1.0415421 -7.1923509 -0.63459647 0
6.4307699 -7.1530747 -0.78601313 0
-2.3738861 -6.8718204 -0.71527708 0
-1.545083 -6.80338 -0.76461232 0
0.35277367 -6.8290176 -0.60731006 0
-1.6787343 -6.7917824 -0.68259299 0
0.94104087 -6.6252947 -0.6070106 0
1.0469145 -6.6923032 -0.76857573 0
3.093219 -6.7542372 -0.60129064 0
4.8330941 -6.6350417 -0.78445935 0
-2.084177 -6.529511 -0.68571728 0
-0.52155018 -6.5493526 -0.74829388 0
1.7661145 -6.4125729 -0.75460112 0
2.833045 -6.4891596 -0.61659598 0
-1.8864431 -6.2884736 -0.6636616 0
-0.1489315 -6.3206949 -0.783535 0
2.6111755 -6.3172336 -0.62422264 0
-1.7433977 -6.1074042 -0.64856005 0
-0.67206031 -6.0347161 -0.7638346 0
-0.56451631 -6.0968447 -0.7371732 0
4.2320142 -6.1920271 -0.78799629 0
-1.6070023 -5.9531097 -0.63554084 0
-0.43805122 -5.8795128 -0.71742368 0
1.5565381 -5.8991461 -0.7645793 0
17.513456 -5.8362122 -0.64357233 0
1.3379505 -5.7360144 -0.64114642 0
2.2694349 -5.634244 -0.72922313 0
-0.29503536 -5.5405626 -0.79133987 0
0.6190815 -5.5781746 -0.71928555 0
1.7752739 -5.3471947 -0.62565112 0
2.5612912 -5.2452774 -0.7407195 0
2.6748405 -5.3250103 -0.69537306 0
2.2883544 -5.1150751 -0.60353708 0
1.5635551 -4.8934159 -0.66731369 0
2.0483747 -4.6457038 -0.69059098 0
1.6693476 -4.3674135 -0.71464801 0
2.0919006 -4.390708 -0.62096393 0
2.5002532 -4.2734509 -0.64033318 0
1.7689946 -4.0645752 -0.75293201 0
2.0594587 -4.0916429 -0.77879715 0
1.471655 -3.8643117 -0.68566281 0
5.2162457 -3.6310945 -0.76851326 0
1.4962111 -3.4715948 -0.67018932 0
2.3521614 -3.4247394 -0.6848042 0
4.8417592 -3.5713763 -0.64887977 0
5.2811375 -3.4728732 -0.74122447 0
1.6359017 -3.3454087 -0.74455428 0
1.8252891 -3.2107506 -0.64648569 0
3.8476772 -3.3418648 -0.64727497 0
1.3826361 -2.8865967 -0.64092684 0
5.0735288 -2.8360081 -0.68920803 0
0.37062073 -2.7797451 -0.77775717 0
4.4787898 -1.8114552 -0.65924871 0
5.7223821 -1.6039243 -0.75995803 0
6.3237581 -1.4513192 -0.71431506 0
2.1439123 -0.81115103 -0.71485734 0
5.2500792 -0.56112623 -0.64338303 0
15.954712 0.71295476 -0.62026125 0
17.064304 0.8842628 -0.7550239 0
14.272692 2.1869302 -0.68046415 0
13.065938 4.0191674 -0.64627481 0
7.9843426 4.5494909 -0.74506617 0
7.5773344 5.1144562 -0.60196805 0
-37.257622 -38.854961 -0.5417943 0
-31.444521 -36.311691 -0.48440313 0
-32.196491 -35.2686 -0.59195662 0
-33.321487 -34.85482 -0.46981835 0
-30.087698 -34.979252 -0.40973836 0
-32.712311 -33.994968 -0.45895606 0
-32.582611 -33.995522 -0.54850501 0
-31.675577 -33.225845 -0.51314777 0
-28.557749 -33.39716 -0.45923576 0
-29.402744 -33.106049 -0.58744144 0
-29.337545 -32.90226 -0.52309418 0
-31.134457 -32.38868 -0.51468933 0
-28.969496 -31.861992 -0.48881215 0
-30.057405 -31.639816 -0.59453905 0
-28.937681 -31.29051 -0.52689856 0
-28.670206 -30.687819 -0.59260905 0
-13.550657 -30.559414 -0.49738032 0
-27.405184 -30.298252 -0.51889181 0
-27.374159 -29.725731 -0.55657661 0
-23.812683 -29.22468 -0.44275165 0
-27.104866 -29.078955 -0.40431359 0
-27.825787 -28.990438 -0.43402925 0
-4.430378 -27.047665 -0.50159752 0
15.400375 -12.533615 -0.41310072 0
-1.344815 -8.7269554 -0.46430945 0
-4.4839344 -8.0803385 -0.59089243 0
0.44960642 -8.1986485 -0.47007024 0
2.091877 -8.0251837 -0.52110982 0
2.6591024 -8.1116486 -0.51595008 0
-4.4194474 -7.9578772 -0.42643854 0
2.6501017 -7.810081 -0.51191449 0
-1.4040397 -7.79245 -0.58098638 0
-1.361382 -7.7664175 -0.43744898 0
0.88880569 -7.6907816 -0.58985621 0
2.0423164 -7.6999245 -0.49881697 0
3.2412748 -7.7001762 -0.5545131 0
-3.9822223 -7.4195113 -0.58508533 0
3.12988 -7.4184842 -0.42281353 0
3.1242018 -7.353159 -0.58581209 0
-4.3480387 -7.1428599 -0.49497357 0
0.14764881 -7.1227121 -0.49494398 0
6.2265172 -7.1608458 -0.58743167 0
2.6412888 -6.809967 -0.43117642 0
5.6467514 -6.8129396 -0.4370575 0
-1.6151843 -6.7837591 -0.48681623 0
-0.49939919 -6.7426615 -0.45135713 0
0.84399033 -6.5472488 -0.43801153 0
2.8508692 -6.5904856 -0.57540274 0
-2.6524682 -6.3146648 -0.54720789 0
1.9534407 -6.2002068 -0.42755556 0
0.42816353 -6.1960135 -0.48081565 0
-2.4128506 -5.9188132 -0.44011074 0
1.5987108 -5.9423943 -0.59213948 0
3.7552123 -5.9189444 -0.52519369 0
0.34055805 -5.7791929 -0.50829363 0
0.66735882 -5.6332455 -0.45286185 0
1.2220871 -5.6815653 -0.48535693 0
2.2432079 -5.6529169 -0.56643516 0
-2.1208849 -5.5730805 -0.41047078 0
0.0079860687 -5.4643493 -0.43573236 0
0.27500057 -5.4854102 -0.4157418 0
1.8015528 -5.4331036 -0.47226489 0
0.58844185 -5.2660971 -0.58837366 0
0.94825411 -5.3414125 -0.45543861 0
2.6249404 -5.3358364 -0.40096453 0
1.0599151 -5.022068 -0.41145706 0
2.2214303 -5.1923852 -0.45603156 0
1.6607059 -4.9513512 -0.54061717 0
1.5214667 -4.793304 -0.56671393 0
2.1159191 -4.7064967 -0.49245998 0
0.1038965 -4.5529022 -0.58270609 0
0.30037498 -4.5315156 -0.47268265 0
1.7043263 -4.4109769 -0.54544371 0
0.092799187 -4.2268119 -0.46526742 0
2.5226707 -4.3195539 -0.47196066 0
-0.46868193 -4.0552521 -0.46347606 0
1.6264188 -4.0257792 -0.59575778 0
2.113827 -4.1367011 -0.57803416 0
1.5270097 -3.9215264 -0.50313723 0
5.3116598 -3.6840034 -0.53607351 0
1.5006912 -3.4390812 -0.4843739 0
2.1878824 -3.4916985 -0.50912523 0
3.2785139 -3.5357249 -0.44959736 0
0.95879936 -3.374475 -0.42662358 0
1.6773648 -3.1141517 -0.49450082 0
-0.50453663 -2.9154124 -0.56520104 0
1.4030662 -2.8745942 -0.5237273 0
2.704268 -2.9786992 -0.57330489 0
1.322475 -2.6339173 -0.50087762 0
1.6423328 -2.6384773 -0.47014582 0
1.8933988 -2.6290033 -0.52893454 0
1.8873014 -2.3864052 -0.48810792 0
5.8311586 -2.2960458 -0.55536747 0
1.9421611 -2.1105318 -0.4081493 0
2.1617985 -2.1532896 -0.56217742 0
2.5310211 -2.0349579 -0.5990994 0
4.7192979 -1.9181533 -0.45148134 0
6.6852932 -1.8238938 -0.52675033 0
5.8760419 -1.6903572 -0.40206981 0
6.4739628 -1.4883308 -0.41739821 0
4.2011185 -1.3465385 -0.55125272 0
4.374917 -1.0978951 -0.52575493 0
4.6010065 -1.1094446 -0.4868784 0
4.4591441 -0.89496183 -0.40655631 0
8.5156393 -0.39797199 -0.49506456 0
8.4736586 0.5050956 -0.57564968 0
16.886877 1.6172904 -0.48273307 0
11.773588 3.9053192 -0.55826402 0
5.1374559 4.5087337 -0.47216642 0
5.2481089 4.5657921 -0.55686677 0
8.7517414 5.0677576 -0.54220152 0
-2.3297076 5.2448406 -0.40614641 0
-34.73859 -37.919464 -0.33345461 0
-31.421879 -36.312958 -0.22333908 0
-32.646519 -33.981316 -0.30913353 0
-29.297146 -33.098198 -0.3377223 0
-31.367765 -32.921249 -0.22122192 0
-31.064779 -32.456142 -0.26265451 0
-28.903 -31.934299 -0.29633504 0
-28.881298 -31.360003 -0.33320355 0
-29.483282 -30.627527 -0.27067202 0
-28.649601 -30.638735 -0.38494819 0
-29.361315 -30.549623 -0.39649338 0
-27.964142 -30.583858 -0.24882817 0
-27.353964 -30.368711 -0.32206288 0
-27.330439 -29.794992 -0.35941365 0
-27.911453 -29.054171 -0.32202843 0
-27.980694 -28.479523 -0.21970403 0
-22.389961 -27.448376 -0.31700397 0
-21.229986 -25.889408 -0.32186401 0
-15.009815 -14.788497 -0.30766988 0
16.796898 -11.431145 -0.36932373 0
17.277349 -10.074015 -0.33385789 0
-3.9108491 -9.2655201 -0.20491485 0
-11.157008 -9.116457 -0.23123974 0
-5.6844292 -9.0830793 -0.21200274 0
-11.132655 -8.986083 -0.2512973 0
-7.5724087 -8.6458378 -0.22967811 0
-7.5833097 -8.4917765 -0.23956059 0
-3.3502283 -8.4249744 -0.28843462 0
-3.2993212 -8.2726688 -0.28431547 0
-9.487896 -8.0779486 -0.23021252 0
-5.3213654 -8.1036701 -0.24300677 0
-1.9629974 -8.0626278 -0.26332635 0
-5.2991762 -7.8889556 -0.22377124 0
-4.009892 -7.9743605 -0.22422703 0
-3.9266083 -7.8492479 -0.24279544 0
-1.8966075 -7.9201546 -0.23099738 0
-9.5425348 -7.7325616 -0.21420644 0
-1.4275119 -7.750999 -0.32096031 0
0.92762333 -7.7359371 -0.38379142 0
1.3094511 -7.6061306 -0.26300573 0
-9.507617 -7.4108009 -0.23175511 0
-7.4038477 -7.4046035 -0.21345614 0
-7.2722797 -7.4735088 -0.22060683 0
-2.6859822 -7.5653009 -0.34784415 0
0.79135513 -7.4355569 -0.22239518 0
2.2022409 -7.529099 -0.33635771 0
6.6683941 -7.4127331 -0.31638968 0
-9.5013475 -7.3280339 -0.21329916 0
-7.286685 -7.305007 -0.22522902 0
-3.1722808 -7.2265759 -0.2293784 0
2.0990019 -7.3259516 -0.29633176 0
5.5371332 -7.3333907 -0.26609945 0
-4.4129944 -7.0298939 -0.24337283 0
-3.1087518 -7.0672646 -0.22683823 0
2.5173426 -7.0033159 -0.24748164 0
6.6819353 -7.135798 -0.26065955 0
2.2768145 -6.9980526 -0.30557775 0
2.6197844 -6.8294029 -0.32912254 0
-3.6913786 -6.6033115 -0.27567029 0
3.1003759 -6.7211924 -0.34202367 0
4.9432836 -6.7659869 -0.38762951 0
1.5635538 -6.5388937 -0.23011851 0
4.8251095 -6.4533739 -0.28129292 0
-9.6978531 -6.2920456 -0.25394261 0
-9.436573 -6.2739511 -0.25485331 0
-4.2853765 -6.2659259 -0.25536555 0
-0.46766186 -6.3388529 -0.27626181 0
4.2237182 -6.2772779 -0.27490878 0
1.6951847 -6.130929 -0.21524192 0
-0.9190495 -5.8503146 -0.20539495 0
-0.71525025 -5.885417 -0.22992572 0
-1.9471006 -5.7677011 -0.26831105 0
-1.0216184 -5.7743678 -0.38084406 0
0.71331841 -5.6946635 -0.25655097 0
-10.425636 -5.4853973 -0.24908733 0
-0.92158842 -5.4909582 -0.200436 0
-0.56115246 -5.5634995 -0.29840517 0
1.1622062 -5.5789037 -0.31511199 0
1.9903312 -5.5168257 -0.21156478 0
2.734457 -5.461772 -0.29808116 0
-9.7776489 -5.2824116 -0.22311264 0
-2.8225064 -5.328526 -0.2903724 0
-1.9398215 -5.342555 -0.39223841 0
-1.2464861 -5.2724471 -0.28259054 0
-0.9848156 -5.3237128 -0.26664874 0
2.6608906 -5.3524094 -0.28031918 0
-1.984859 -5.0429244 -0.24154615 0
-1.7096558 -5.1012683 -0.37546799 0
-1.4646549 -5.0573339 -0.37942153 0
-1.348753 -5.0767398 -0.22138232 0
-4.0270452 -4.8300519 -0.35429728 0
-2.0198815 -4.9595857 -0.3803533 0
-1.8614185 -4.8671694 -0.31329852 0
-1.6715033 -4.8270121 -0.22793001 0
-1.2057414 -4.9820623 -0.22988454 0
1.6411943 -4.959702 -0.31265852 0
17.643505 -4.8642826 -0.31563741 0
-8.0894756 -4.6853962 -0.26738039 0
-6.115448 -4.632628 -0.20612288 0
-5.9257679 -4.6995268 -0.25345826 0
-5.7854471 -4.6225581 -0.23102012 0
-2.3877211 -4.6468539 -0.31476736 0
-1.6957204 -4.7856646 -0.31556284 0
-0.82790053 -4.6815233 -0.21352062 0
1.4028332 -4.6737108 -0.32985562 0
2.1364944 -4.7429137 -0.33565399 0
17.587765 -4.7948475 -0.36683649 0
-6.2543106 -4.5302444 -0.26079091 0
-5.8403196 -4.5924349 -0.29216972 0
-5.7248178 -4.4639215 -0.2593222 0
-2.5306969 -4.461318 -0.27821589 0
-1.6459856 -4.4281311 -0.39524364 0
-1.1412992 -4.4275322 -0.37391758 0
0.32718599 -4.5659652 -0.34183544 0
1.7536933 -4.4778786 -0.2890732 0
2.1392539 -4.4486904 -0.3804183 0
-6.276926 -4.2741456 -0.2828739 0
-5.7076359 -4.3176012 -0.2056469 0
-1.8371454 -4.3764601 -0.28412819 0
-1.7098596 -4.3126087 -0.22931792 0
-0.37042332 -4.2573347 -0.20580308 0
-7.2826004 -4.0278721 -0.21237065 0
-7.1561241 -4.0351682 -0.2465305 0
-6.9721322 -4.0094819 -0.2668637 0
-6.0992532 -4.0904756 -0.25387961 0
-5.9126735 -4.0983653 -0.26357725 0
-2.5356674 -4.049283 -0.24701738 0
-2.0123873 -4.1504726 -0.20512286 0
-0.88071263 -4.096365 -0.25966612 0
-0.74648488 -4.0472937 -0.28984603 0
-0.21340704 -4.13414 -0.2162021 0
0.074785233 -4.0225792 -0.27834585 0
2.155668 -4.187212 -0.37470636 0
4.6002665 -4.0826731 -0.31869757 0
-7.4835906 -3.9509845 -0.27512199 0
-7.3462248 -3.9940879 -0.21260367 0
-2.0430439 -3.881721 -0.2243766 0
-1.9726908 -3.8056698 -0.21259707 0
-1.6893375 -3.8109329 -0.22639009 0
-1.5727813 -3.8931999 -0.20899531 0
0.97660851 -3.9621024 -0.2258696 0
1.5548517 -3.9180944 -0.28684583 0
4.2552276 -3.925236 -0.26050866 0
-7.5552406 -3.7764504 -0.27973348 0
-6.9211378 -3.6959023 -0.22297136 0
-6.2238712 -3.6189907 -0.29811591 0
-2.0634241 -3.7595108 -0.2625837 0
-1.9736495 -3.7832174 -0.22076689 0
1.9279842 -3.6538341 -0.27272674 0
5.9474335 -3.6219089 -0.22786206 0
6.1604719 -3.7331896 -0.27761796 0
7.9623818 -3.6318491 -0.22222966 0
-7.0541339 -3.5264828 -0.22266319 0
-6.9931879 -3.4950707 -0.26798806 0
-6.2526836 -3.5135489 -0.22826967 0
1.5672321 -3.4765413 -0.32099885 0
2.0273223 -3.4240136 -0.23997864 0
5.8320022 -3.5801473 -0.24902624 0
-7.5748525 -3.282347 -0.20584972 0
0.22464609 -3.2042129 -0.36344028 0
1.9547154 -3.3505607 -0.2374709 0
2.0875797 -3.351347 -0.26543453 0
2.4085188 -3.3883123 -0.25411719 0
3.8910341 -3.3530257 -0.24451344 0
-6.8330808 -3.1190128 -0.20920114 0
-5.9506798 -3.0536768 -0.33193398 0
-0.24991655 -3.058347 -0.27933806 0
0.27724129 -3.1127267 -0.31779733 0
1.0333204 -3.0637457 -0.33895254 0
2.1170516 -3.1432691 -0.22443798 0
7.6096177 -3.104109 -0.22052443 0
-6.9452376 -2.8300693 -0.33702934 0
-3.5200405 -2.8425739 -0.21293697 0
0.048331857 -2.8215961 -0.23343424 0
1.3665125 -2.9609985 -0.339252 0
-0.56217766 -2.7214255 -0.23702851 0
0.064329728 -2.7602062 -0.23134406 0
0.25249159 -2.6619501 -0.29229411 0
1.9273689 -2.6676097 -0.37577033 0
2.6712565 -2.7289176 -0.27308631 0
-5.381424 -2.5130823 -0.35233942 0
0.078162208 -2.516933 -0.21346007 0
0.38207039 -2.5679247 -0.22905026 0
0.40554118 -2.5833683 -0.24369094 0
-1.6879146 -2.347477 -0.20363392 0
-1.5716197 -2.3158662 -0.21214096 0
-1.6910317 -2.1496482 -0.33190817 0
-1.5513502 -2.0399976 -0.24018441 0
-1.299015 -2.0304947 -0.30863929 0
1.9679773 -2.1483381 -0.25418293 0
-2.0921128 -1.955932 -0.29237056 0
-1.9042634 -1.8585194 -0.25676927 0
-1.6984956 -1.8709126 -0.29801327 0
-1.5667871 -1.9912629 -0.23370081 0
3.9308896 -1.9078636 -0.28025198 0
-2.41026 -1.7825649 -0.3083944 0
-2.0896111 -1.6885889 -0.20816106 0
-1.8728603 -1.7404456 -0.21338971 0
-1.7289058 -1.7207791 -0.2375686 0
1.6355281 -1.6292226 -0.20966411 0
6.666172 -1.6707802 -0.25137076 0
-2.3037782 -1.5407901 -0.22915933 0
-1.7527713 -1.5678192 -0.20118232 0
2.2475638 -1.5320759 -0.29454923 0
5.9718041 -1.458286 -0.26502571 0
7.1317706 -1.5328557 -0.25316823 0
-2.4106188 -1.2478991 -0.30430844 0
-2.250453 -1.2976316 -0.22318232 0
-1.6636459 -1.2506627 -0.22746253 0
4.279767 -1.3910275 -0.31946063 0
6.7540293 -1.285888 -0.26940697 0
-2.524107 -1.1238606 -0.33173209 0
-2.3121891 -1.161121 -0.26752207 0
-2.1303604 -1.0858184 -0.21457663 0
-1.9824393 -1.0193851 -0.21814503 0
3.8157356 -1.1185732 -0.26810089 0
4.3531961 -1.1842895 -0.28297579 0
-2.4022899 -0.99016303 -0.31579342 0
-2.2753115 -0.90029728 -0.29567534 0
-2.1181817 -0.9044131 -0.29889163 0
-1.9422832 -0.9354372 -0.26047733 0
2.3356037 -0.81898522 -0.34764266 0
4.3983102 -0.81268728 -0.28411484 0
6.9053993 -0.89389443 -0.26533601 0
4.0453415 -0.68779331 -0.28905275 0
-3.7920175 -0.41336775 -0.25176147 0
5.3863897 -0.52870226 -0.33159566 0
-3.7687507 -0.35360834 -0.25589758 0
-3.9278712 -0.054674909 -0.33070233 0
3.8516638 -0.033552308 -0.21454452 0
4.3817711 -0.0028767586 -0.24662966 0
16.760008 -0.062941551 -0.3179633 0
-4.4107895 0.19008347 -0.26509762 0
-4.3702521 0.16271894 -0.23171131 0
-4.1584239 0.19910008 -0.31164998 0
2.5414543 0.090300895 -0.21784757 0
2.6988454 0.107635 -0.27535436 0
3.6988533 0.19540906 -0.20460387 0
3.8132086 0.037337184 -0.20261851 0
4.2446485 0.15062237 -0.37903285 0
-4.4230347 0.20416081 -0.27805951 0
-4.3091745 0.37058538 -0.31227654 0
2.3993118 0.33300066 -0.29931188 0
2.4760597 0.32929462 -0.29042268 0
2.6771321 0.26035023 -0.29374278 0
2.9708347 0.37558436 -0.20618019 0
3.5069559 0.25900733 -0.21302941 0
3.6776245 0.23395969 -0.22161101 0
3.9362936 0.38105232 -0.30688584 0
7.7750502 0.36384034 -0.26429665 0
2.3399665 0.55373633 -0.29614177 0
2.6687784 0.43837559 -0.29583281 0
2.8498559 0.42269495 -0.22128558 0
-4.5241175 0.62588972 -0.3164326 0
2.8377137 0.70530796 -0.28872922 0
-4.8402295 0.98766285 -0.31924754 0
-2.5645399 0.93953383 -0.33298326 0
0.52230072 0.81421256 -0.21200156 0
2.8067362 0.87700355 -0.29356495 0
3.0844426 0.9260661 -0.26103401 0
8.0685968 0.91851252 -0.24058369 0
-2.2184236 1.1546408 -0.21029472 0
-2.1989694 1.1522385 -0.22003484 0
-1.8712964 1.1370926 -0.24980304 0
-1.6395475 1.121222 -0.22176495 0
5.6943531 1.1616812 -0.24551535 0
-2.2311954 1.2516657 -0.22480597 0
-1.6484946 1.3740399 -0.25687084 0
-1.5202572 1.202136 -0.3197076 0
0.04147315 1.3238212 -0.31641349 0
2.9455061 1.2432894 -0.21506029 0
3.0240638 1.3667668 -0.23311602 0
7.2187824 1.3347316 -0.27728447 0
-2.2291899 1.5913138 -0.23922524 0
-1.5695916 1.4871631 -0.32558548 0
3.1000721 1.4526863 -0.29055637 0
3.2062528 1.5023391 -0.31890726 0
-5.3651175 1.6056015 -0.32582045 0
-5.0693579 1.6272057 -0.34391007 0
0.64225197 1.8660326 -0.31266493 0
2.935358 1.9436095 -0.24040127 0
3.0359483 1.9370446 -0.28160122 0
3.3020122 1.9249378 -0.24695747 0
-1.6857783 2.151947 -0.24567717 0
2.9205115 2.095856 -0.24862504 0
-1.6983066 2.3485489 -0.24654272 0
2.9968414 2.3393483 -0.32058388 0
-1.7006116 2.5125399 -0.24558508 0
-2.2844634 2.7455945 -0.27359506 0
7.600069 2.7282598 -0.27896917 0
-2.2869713 2.8012209 -0.25433624 0
1.0217841 2.9523921 -0.31247839 0
-6.6847591 3.1258297 -0.25010249 0
-2.2162833 3.1425357 -0.29906023 0
-2.0768185 3.13324 -0.29904532 0
-1.8772779 3.0988107 -0.23596758 0
13.398335 3.0107388 -0.35330272 0
-1.6001344 3.3685024 -0.32402116 0
6.2827401 3.7574925 -0.21995518 0
1.719703 4.18402 -0.28450227 0
2.9570148 4.0655713 -0.26841906 0
3.1465566 4.1497641 -0.25037813 0
-1.1395071 4.2063608 -0.33411375 0
1.3894086 4.3602695 -0.27059138 0
1.4704361 4.3217273 -0.2827118 0
1.7868251 4.3415461 -0.24615346 0
1.8506603 4.284368 -0.27159277 0
2.0128777 4.2055616 -0.32365495 0
2.8652229 4.2709117 -0.2531566 0
3.389405 4.3156619 -0.23637438 0
3.425885 4.3364878 -0.28329861 0
-2.0787566 4.4163518 -0.32861251 0
1.4758661 4.5077658 -0.24334511 0
1.8486871 4.4722028 -0.24925047 0
2.9949808 4.4481497 -0.21137677 0
4.9720917 4.5829091 -0.23910294 0
5.0066252 4.5753841 -0.20506412 0
5.2423687 4.5325766 -0.36530089 0
-2.0442905 4.7466254 -0.36675856 0
-1.4576086 4.7794213 -0.25046867 0
1.4351206 4.6863155 -0.26244697 0
1.9143953 4.7046261 -0.30153695 0
2.5092504 4.7754698 -0.31428507 0
-1.4600471 4.8191495 -0.23659688 0
1.9081061 4.8432512 -0.32221371 0
2.308305 4.9891829 -0.30110073 0
2.4781523 4.8992844 -0.24751657 0
2.6885278 4.9871802 -0.28221461 0
-6.1669855 5.1516242 -0.21930993 0
-1.6082888 5.0719976 -0.28629592 0
-1.5618061 5.0358524 -0.33620295 0
2.3235247 5.0388942 -0.29001042 0
2.4220476 5.0680027 -0.20117642 0
2.7332373 5.1225271 -0.22865777 0
2.9012771 5.0981269 -0.26518768 0
-2.2176061 5.340764 -0.27616218 0
3.0125163 5.3341069 -0.33452997 0
-5.4100904 5.5936508 -0.21216211 0
-1.5001467 5.5472069 -0.26383463 0
-1.396149 5.4149413 -0.32066652 0
1.8190489 5.479032 -0.25072926 0
2.1845403 5.4824224 -0.23493004 0
2.2055762 5.506258 -0.31507662 0
6.4073563 5.4412689 -0.23473367 0
-5.4219518 5.6281724 -0.27844653 0
-5.2617292 5.737628 -0.24568224 0
-4.9939771 5.7812815 -0.20892102 0
-1.394798 5.6751986 -0.36256835 0
1.8549374 5.7030058 -0.29879808 0
6.7618365 5.7345629 -0.32391471 0
-6.3270617 5.9467406 -0.28162259 0
-5.0375929 5.8111858 -0.27483127 0
-1.5248532 5.8894763 -0.340294 0
6.9914494 5.8709469 -0.2400886 0
7.1341066 5.9877596 -0.31423292 0
-4.9391704 6.0833921 -0.24992046 0
-5.9467621 6.3017983 -0.24674377 0
3.6847622 6.5633774 -0.27103382 0
-0.89582801 7.0410805 -0.34186926 0
3.3678944 8.251502 -0.24876738 0
3.181361 8.5341768 -0.22916959 0
-48.47842 -44.638065 -0.16313839 0
-36.53083 -36.568619 -0.17232943 0
-35.662521 -35.718758 -0.07072258 0
-34.505463 -34.176033 -0.0037566423 0
-29.231602 -33.254074 -0.13931394 0
-31.011223 -32.479244 -0.075975716 0
-28.8522 -31.989544 -0.14927101 0
-28.83732 -31.429974 -0.13559765 0
-32.265884 -30.972075 -0.021584868 0
-29.478924 -30.671629 -0.13858479 0
-27.370855 -30.400503 -0.16161686 0
-29.650312 -30.164896 -0.058538139 0
-29.529655 -30.04381 -0.16988873 0
-29.639013 -29.846498 -0.06898877 0
-27.275082 -29.8647 -0.16315466 0
-23.188263 -29.504862 -0.088565826 0
-13.516756 -29.549749 -0.12610084 0
-27.884964 -29.129395 -0.10937871 0
-26.063023 -29.026268 -0.172791 0
-12.013056 -29.091866 -0.058026344 0
-28.087215 -28.589357 -0.11486909 0
-28.097181 -28.285912 -0.12235713 0
-17.645403 -28.00552 -0.071695685 0
16.87812 -10.404382 -0.030507803 0
4.44946 -10.212406 -0.13565773 0
4.0998554 -10.161422 -0.097925209 0
3.7507811 -9.8306198 -0.15067202 0
3.9567008 -9.8698015 -0.071124882 0
4.0132966 -9.8682423 -0.083915651 0
4.1878128 -9.7858677 -0.13524579 0
4.378932 -9.7758722 -0.14632699 0
4.4488525 -9.7420025 -0.085697584 0
-5.6428976 -9.3029556 -0.15894775 0
-3.9547441 -9.2111549 -0.11804813 0
-1.891441 -9.254221 -0.11831951 0
-5.6395135 -9.0726843 -0.10362855 0
-5.5752454 -9.1427422 -0.14120501 0
-3.9234157 -9.1415329 -0.096382543 0
-1.9063386 -9.183754 -0.1153959 0
-11.277045 -8.851634 -0.045116801 0
-5.8322468 -8.8948603 -0.11834081 0
-11.399294 -8.6257677 -0.056564555 0
-7.6167698 -8.6881504 -0.1375906 0
-4.8247519 -8.6032534 -0.16963163 0
2.591156 -8.6504488 -0.10055292 0
-7.6356735 -8.5158682 -0.16707809 0
-7.5755858 -8.5525074 -0.13619578 0
-10.926234 -8.3389912 -0.18185246 0
-7.8372898 -8.3394785 -0.13157819 0
-7.7327909 -8.2768993 -0.076335162 0
-6.5035286 -8.3246088 -0.15060559 0
3.3596916 -8.2364349 -0.19096877 0
3.5727863 -8.2977362 -0.084849983 0
3.68308 -8.2620821 -0.14492457 0
-5.3426418 -8.0646229 -0.14683875 0
-3.9031918 -8.0631819 -0.12399323 0
-1.8666108 -8.0748005 -0.094131418 0
-1.7870355 -8.0138445 -0.061359536 0
2.6162024 -8.1378365 -0.10094631 0
-5.4457016 -7.9732018 -0.18990438 0
-5.292994 -7.9046268 -0.12706178 0
-5.1594868 -7.8926158 -0.018352162 0
-4.0867076 -7.8672657 -0.17474155 0
-3.8957002 -7.9587979 -0.1374789 0
-3.0522752 -7.8836951 -0.0011601821 0
-2.0872893 -7.9032192 -0.050243668 0
-1.8288419 -7.9451957 -0.096347786 0
2.5540237 -7.8652635 -0.097972363 0
3.295414 -7.9366035 -0.19915976 0
3.502378 -7.9815631 -0.086922683 0
3.9183483 -7.891048 -0.15200415 0
4.0394192 -7.8534555 -0.097017333 0
-5.4946508 -7.7299738 -0.08747068 0
-5.3197665 -7.7662826 -0.019434821 0
-4.0613656 -7.7380347 -0.068446867 0
-2.016284 -7.7919021 -0.086365923 0
-1.3955328 -7.7728181 -0.1805082 0
2.1761141 -7.7059937 -0.084320366 0
-7.2752333 -7.4786029 -0.12879509 0
5.1882792 -7.4474306 -0.032121301 0
6.9464068 -7.4730654 -0.14911854 0
7.3152575 -7.5216503 -0.1548171 0
-9.5144587 -7.2538347 -0.19310819 0
-7.4183073 -7.3929591 -0.16941456 0
-7.3053784 -7.3243136 -0.10719825 0
-6.1440263 -7.257741 -0.11085847 0
-4.6875558 -7.3154707 -0.13266513 0
-2.5979128 -7.347724 -0.11946979 0
-0.033992767 -7.2070713 -0.041395783 0
-7.4787846 -7.1238017 -0.069249772 0
-7.3905277 -7.1135368 -0.038835436 0
-6.0879951 -7.0933599 -0.10685 0
7.1401772 -7.107049 -0.15761513 0
7.4031053 -7.001626 -0.16199239 0
-1.5343924 -6.8064241 -0.15709829 0
-0.54354858 -6.8853889 -0.026932478 0
-1.5986444 -6.7837076 -0.040079616 0
2.628974 -6.6681175 -0.012522697 0
-9.6201401 -6.5321102 -0.10328428 0
-3.6114502 -6.5325346 -0.02133286 0
4.0340705 -6.4079599 -0.15508127 0
-9.4960108 -6.272603 -0.15561382 0
0.69286048 -6.3157406 -0.04359591 0
-9.5772715 -6.0009437 -0.13669814 0
-4.4787917 -6.1266203 -0.052595079 0
-4.3467855 -6.0291686 -0.060254693 0
3.8676186 -6.0523882 -0.12949395 0
-0.92371702 -5.8153691 -0.15054362 0
-1.0733941 -5.6413722 -0.15230314 0
0.75151235 -5.7394338 -0.053438604 0
1.1149998 -5.7725854 -0.033740073 0
-10.591268 -5.4448156 -0.0054898299 0
-1.197257 -5.5756712 -0.14993946 0
-0.98337948 -5.5469694 -0.13626176 0
1.0215118 -5.540987 -0.15877318 0
-9.999815 -5.2679176 -0.0027322508 0
-1.1444875 -5.2604885 -0.10667248 0
0.11629391 -5.3522 -0.18777174 0
0.69767475 -5.3805943 -0.18921137 0
-1.2916856 -5.0494137 -0.11083535 0
-0.91454315 -5.0290289 -0.15447611 0
1.1729205 -5.1459789 -0.053593278 0
1.6944919 -5.0930967 -0.17452574 0
-2.5825968 -4.9534254 -0.18001005 0
-1.8060606 -4.8190975 -0.14736348 0
-1.2047627 -4.9560308 -0.15918224 0
-1.0805105 -4.8840599 -0.15084766 0
-0.77332592 -4.8016095 -0.10462884 0
-0.53835893 -4.9424233 -0.10992669 0
-8.3201237 -4.6151681 -0.1116694 0
-6.0455523 -4.6742249 -0.11427291 0
-5.8987951 -4.6840353 -0.09225297 0
-0.88915163 -4.7034469 -0.1205986 0
-0.26783252 -4.7516384 -0.18748927 0
0.13808918 -4.7058744 -0.14385188 0
0.37154222 -4.6266012 -0.1472649 0
1.2099059 -4.6087132 -0.10077482 0
-6.2312331 -4.4577174 -0.1126112 0
-6.0598202 -4.4611416 -0.077799045 0
-5.7439094 -4.5058894 -0.12024799 0
-2.2681737 -4.5995607 -0.15437609 0
-2.1791549 -4.482862 -0.1827175 0
-0.73031497 -4.47861 -0.12665683 0
-0.57696056 -4.4690542 -0.057388272 0
-0.3334341 -4.5439463 -0.17863528 0
2.1822736 -4.5009851 -0.13747942 0
2.6144834 -4.4145675 -0.071143329 0
-6.2560215 -4.2923055 -0.12350807 0
-5.7075081 -4.3147306 -0.063541368 0
-2.3328743 -4.2788 -0.15081435 0
-2.0643754 -4.3655233 -0.13844892 0
-1.8395557 -4.2019491 -0.11459855 0
-1.7678093 -4.2183385 -0.088986754 0
-0.47912145 -4.316175 -0.16621596 0
-0.27782035 -4.2223344 -0.059861995 0
-0.11627191 -4.2896147 -0.19706504 0
-7.2890873 -4.0200105 -0.032235194 0
-7.1159458 -4.0231404 -0.060887598 0
-6.3145657 -4.0177221 -0.0069329292 0
-6.1026096 -4.0954666 -0.1150159 0
-5.9308963 -4.1048312 -0.1074731 0
-5.7716103 -4.1973438 -0.027058888 0
-2.0772753 -4.1449375 -0.19319269 0
-1.8978733 -4.1344423 -0.11187661 0
-1.77074 -4.1102982 -0.11593872 0
-1.1285281 -4.1066275 -0.17111552 0
-0.6980496 -4.0688114 -0.19266909 0
-0.2489295 -4.1803246 -0.12287588 0
1.0031774 -4.0315332 -0.089752585 0
1.5960718 -4.031661 -0.046920955 0
-7.4895253 -3.9377136 -0.13544202 0
-7.3543911 -3.9843717 -0.10509641 0
-7.068933 -3.9561563 -0.10605973 0
-6.9631786 -3.982913 -0.13214138 0
-6.2977619 -3.9979796 -0.15078808 0
-2.0169454 -3.8605852 -0.19396971 0
-1.9358976 -3.9403577 -0.075824998 0
-1.7544687 -3.8469622 -0.10787647 0
-1.1565685 -3.9295411 -0.13108802 0
2.1549802 -3.8084874 -0.17199506 0
4.6369724 -3.9129212 -0.026333451 0
6.2245231 -3.8086758 -0.1358514 0
17.607853 -3.8298063 -0.023147166 0
-7.5710492 -3.7562091 -0.11615863 0
-7.1139255 -3.7161112 -0.10366197 0
-6.9185443 -3.7137151 -0.087863728 0
-2.3500023 -3.6698728 -0.10698256 0
-2.022728 -3.7061071 -0.087154403 0
-1.6462506 -3.7673388 -0.19337422 0
1.4914613 -3.7224662 -0.13630855 0
2.1333196 -3.6349885 -0.073714793 0
3.3433037 -3.7168188 -0.10853019 0
4.1636806 -3.7196496 -0.10681342 0
5.9712973 -3.6304142 -0.10110284 0
7.970716 -3.6311078 -0.11572235 0
8.0036058 -3.6473417 -0.11721047 0
-7.5983591 -3.5421627 -0.099715605 0
-7.0669641 -3.5198135 -0.030140078 0
-6.4090061 -3.4840322 -0.1331351 0
-6.3426838 -3.4685049 -0.0901694 0
-2.5167737 -3.4422035 -0.078425586 0
-0.95342183 -3.5027313 -0.15375352 0
1.5736701 -3.5212111 -0.14906734 0
2.0760012 -3.4464765 -0.13146511 0
2.7276659 -3.4739399 -0.11477566 0
6.3391228 -3.4423149 -0.1411745 0
7.8648429 -3.588485 -0.15192944 0
-6.768919 -3.3132308 -0.070833988 0
-6.3768158 -3.3503623 -0.066301905 0
-4.3163233 -3.2720804 -0.0066111088 0
-2.3900127 -3.3560824 -0.10307911 0
1.0747476 -3.3547139 -0.18198824 0
1.9842366 -3.3611066 -0.070645429 0
2.064322 -3.346493 -0.099846706 0
3.884825 -3.3548954 -0.099419326 0
-6.7560563 -3.1722698 -0.07865569 0
-2.8812647 -3.0142856 -0.12124598 0
-0.10306899 -3.0971107 -0.12988111 0
0.29543602 -3.1106589 -0.14489859 0
0.61973858 -3.138504 -0.044153214 0
1.4558376 -3.0447762 -0.10649142 0
2.1226056 -3.1496823 -0.10854084 0
2.2174647 -3.1647377 -0.081917621 0
4.364182 -3.1464376 -0.092265464 0
4.4727621 -3.1633055 -0.10696235 0
7.6681247 -3.1071818 -0.1158793 0
-7.8088722 -2.9782691 -0.12811752 0
-7.7595711 -2.8697045 -0.14820084 0
-2.7704144 -2.8919029 -0.014809072 0
-0.21949625 -2.9718838 -0.15542246 0
-0.17199945 -2.9372208 -0.010622844 0
0.044419289 -2.8078299 -0.025211174 0
0.27323356 -2.9489255 -0.18743512 0
1.5185934 -2.9486413 -0.10831329 0
-7.6843414 -2.6536961 -0.11283402 0
-0.08345294 -2.6089988 -0.1291213 0
0.034840427 -2.7810555 -0.051961798 0
0.38316619 -2.6101637 -0.034420442 0
1.7736378 -2.6938906 -0.062278032 0
1.9733782 -2.7191472 -0.17206538 0
-1.7455323 -2.5550375 -0.13071464 0
0.079005897 -2.5061657 -0.12036062 0
0.38732815 -2.5869873 -0.12129112 0
0.40801015 -2.5812829 -0.15426429 0
1.9548025 -2.4223981 -0.042371511 0
-1.8595891 -2.2145951 -0.14067504 0
-1.6826472 -2.3298917 -0.070872992 0
2.2590656 -2.2050593 -0.12530541 0
-1.7792206 -2.0406239 -0.094623029 0
-1.5494733 -2.0382917 -0.076967001 0
1.5152719 -2.1378298 -0.12872046 0
2.017998 -2.1985574 -0.053213775 0
-1.5722845 -1.991919 -0.11066749 0
0.36319637 -1.8078046 -0.089351654 0
-2.1042032 -1.6872658 -0.10545291 0
-1.8940781 -1.6789651 -0.096773401 0
-1.781029 -1.6615708 -0.099556424 0
1.6811247 -1.6711602 -0.060816944 0
7.8169947 -1.7204788 -0.12311471 0
-2.2610316 -1.4128778 -0.068667807 0
-1.734971 -1.5015614 -0.070149034 0
1.0931201 -1.5435057 -0.064260483 0
1.4103386 -1.4582922 -0.09418714 0
2.250778 -1.4470198 -0.087887406 0
4.3635187 -1.4376612 -0.086914778 0
-2.253269 -1.3413123 -0.090607285 0
1.8805866 -1.3600926 -0.016896486 0
4.4199581 -1.2757878 -0.058537245 0
-2.0651605 -1.1116028 -0.098914832 0
-1.9550802 -1.1083755 -0.09425696 0
-1.797744 -1.1805146 -0.068012044 0
1.7032785 -1.1137105 -0.090222895 0
1.3753042 -0.87282836 -0.05876106 0
7.9169183 -0.92416322 -0.13095441 0
-4.1945915 -0.70295489 -0.1655342 0
-4.1505928 -0.52597308 -0.071309134 0
-3.968163 -0.46280193 -0.13799098 0
2.019604 -0.56498629 -0.044643939 0
5.5628014 -0.57474995 -0.040834069 0
-3.8641217 -0.25376812 -0.092133798 0
3.2737675 -0.38436866 -0.15974832 0
-3.9398727 -0.18018049 -0.012587402 0
3.4063888 -0.12169671 -0.12237644 0
3.9505212 -0.063654058 -0.080980152 0
4.1281724 -0.042519365 -0.098413654 0
-8.0599709 0.10946178 -0.10674518 0
-4.3085318 0.11811145 -0.10572325 0
2.5298805 0.091650046 -0.13850872 0
2.6040957 0.10508422 -0.12877525 0
3.7248209 0.16089614 -0.14236087 0
4.3932166 0.14475822 -0.078774214 0
2.8503237 0.38266993 -0.092493355 0
3.6999123 0.22261101 -0.14522645 0
2.8482852 0.41019902 -0.18690631 0
8.321496 0.48580301 -0.19652218 0
3.0718336 0.60357332 -0.095529556 0
16.570992 0.67353499 -0.048124135 0
8.1331997 0.88391703 -0.11015912 0
8.2247705 0.90334535 -0.030487327 0
-2.219862 1.1509693 -0.12430633 0
-2.1899643 1.1355784 -0.09565904 0
-1.8947494 1.1001689 -0.079035088 0
-1.6369299 1.1532962 -0.12315599 0
-1.5976052 1.1116858 -0.14766824 0
2.9683731 1.2943243 -0.074537314 0
3.0214195 1.3640716 -0.10349234 0
8.7351561 1.2934073 -0.077326708 0
8.8048964 1.2919474 -0.16027138 0
3.0739379 1.4098505 -0.050559685 0
-6.2426291 1.9510388 -0.14501594 0
2.9689341 1.9916897 -0.13191873 0
3.1277039 1.9670796 -0.14596809 0
3.2849579 1.9568759 -0.15598658 0
2.9391856 2.0571256 -0.15749505 0
-2.2789164 2.7369318 -0.12911911 0
-2.2888763 2.8413334 -0.14440092 0
-6.9805527 3.1044869 -0.060575262 0
-1.8774297 3.0990472 -0.10236779 0
-1.7676635 3.1019363 -0.1190877 0
6.4846992 3.4640458 -0.11763322 0
6.2651739 3.7743399 -0.10752824 0
12.349905 3.6277535 -0.13588929 0
6.3389859 3.8552396 -0.11758996 0
13.516789 3.9771791 -0.13017797 0
3.2255566 4.1652427 -0.17188343 0
1.5815558 4.3614893 -0.026826879 0
1.7581369 4.3823347 -0.084646821 0
2.969574 4.3014646 -0.17229654 0
3.0293636 4.3742685 -0.10513669 0
3.3357837 4.2988892 -0.024821801 0
3.4637897 4.3689394 -0.12356344 0
5.8343782 4.3393197 -0.18986106 0
1.5121317 4.4603395 -0.11885275 0
1.7708526 4.413681 -0.10206389 0
1.8128312 4.477951 -0.11049701 0
3.0872953 4.4519858 -0.061747093 0
3.4282951 4.4834323 -0.078814253 0
4.9804645 4.5611377 -0.15275805 0
5.0055304 4.5881214 -0.14049166 0
10.446495 4.5457878 -0.19396996 0
-1.4756116 4.7823024 -0.087601453 0
1.5194982 4.6184416 -0.091379985 0
3.1584663 4.7786212 -0.080818772 0
4.9619465 4.6132388 -0.04299365 0
5.0659204 4.664803 -0.13547884 0
-1.4666178 4.809886 -0.10890861 0
4.6897955 4.9932199 -0.066351891 0
2.5136416 5.1399083 -0.11384057 0
2.6521692 5.1321898 -0.029987771 0
2.9157815 5.1071429 -0.094898932 0
8.3598137 5.0085506 -0.01035285 0
-2.142664 5.3680334 -0.085538879 0
-1.6013234 5.3225737 -0.11016767 0
-1.5988479 5.349113 -0.012550697 0
6.0864611 5.2695541 -0.10155511 0
8.7329464 5.2059383 -0.020861916 0
-5.4332571 5.5715351 -0.077248827 0
-2.138308 5.4296522 -0.1570657 0
-1.6037458 5.5536141 -0.10782409 0
-1.5821327 5.5026517 -0.12341446 0
1.8574558 5.5164604 -0.15425768 0
2.1914451 5.5179453 -0.1660156 0
-6.6533585 5.7466402 -0.058891475 0
-5.2530532 5.8961582 -0.11661895 0
6.9651999 5.8598003 -0.16734166 0
-6.3045731 6.0811987 -0.05509232 0
-6.1724629 6.1423044 -0.1288211 0
-4.94416 6.0855618 -0.10298384 0
3.6857004 6.5620418 -0.16607586 0
3.483355 8.1607113 -0.042193938 0
3.2888162 8.3572235 -0.028687125 0
3.623842 8.2708321 -0.16284969 0
3.1640601 8.5470715 -0.17337464 0
3.2106822 8.4831133 -0.18409935 0
4.0970035 8.8060179 -0.12385093 0
-34.292778 -34.097672 0.048619568 0
-32.562263 -34.043465 0.11687107 0
-31.214666 -32.932549 0.082600117 0
-33.793171 -32.565277 0.1528022 0
-31.060661 -32.425262 0.048141301 0
-32.02317 -30.601414 0.10435919 0
-29.436867 -30.72999 0.023443699 0
-29.380764 -30.785179 0.18509601 0
-13.338812 -30.77215 0.10157126 0
-31.721483 -30.261335 0.15171932 0
-29.62785 -30.21435 0.065264195 0
-31.510326 -30.029882 0.18321584 0
-27.849106 -29.217697 0.14074045 0
-26.065954 -29.104525 0.18232369 0
-28.06246 -28.635504 0.0097580254 0
-27.771145 -27.872555 0.12405194 0
-10.592396 -10.378523 0.067178726 0
3.8827851 -10.225278 0.14159887 0
3.8658118 -10.191062 0.18629734 0
4.6112061 -9.7312851 0.12290592 0
-5.548708 -9.2104139 0.024741273 0
-4.0241709 -9.2442884 0.097387157 0
-5.5217581 -9.1220512 0.18740016 0
-4.0271196 -9.1597786 0.16390307 0
-3.9260015 -9.1530018 0.012961052 0
3.9562411 -9.0855589 0.15570812 0
4.0292683 -9.0230808 0.13746919 0
-11.422942 -8.8274231 0.13377737 0
3.7490225 -8.9097576 0.13009895 0
7.9082403 -8.9140272 0.1789562 0
-11.41791 -8.6229143 0.17584498 0
-11.358217 -8.7413559 0.063672177 0
-7.7768779 -8.5321579 0.045975246 0
-11.232252 -8.3234625 0.098377258 0
-7.8502045 -8.3026609 0.029008642 0
3.4335563 -8.3584709 0.13593115 0
17.411551 -8.2287331 0.06521523 0
3.2063246 -8.0771818 0.12589027 0
-10.891111 -7.8730845 0.0241661 0
-5.1748018 -7.8282499 0.12492553 0
-3.983464 -7.8254485 0.064056478 0
-3.2299469 -7.826745 0.0054353662 0
-2.0329857 -7.8828583 0.0024754144 0
-1.8670021 -7.8501596 0.084684119 0
-1.7573682 -7.8825717 0.13874412 0
3.3336487 -7.9294157 0.19369727 0
4.1831431 -7.8356209 0.11862016 0
-8.4172001 -7.640379 0.026761413 0
-5.2275553 -7.7244701 0.037636425 0
-5.1824265 -7.7894211 0.024151374 0
-4.0407877 -7.7364597 0.017691582 0
-1.8782816 -7.7437229 0.084495835 0
1.3753319 -7.6885357 0.15989292 0
3.9985332 -7.7111235 0.12278615 0
-8.4653816 -7.5129595 0.18744023 0
-5.3507452 -7.5978422 0.026572153 0
3.5679102 -7.5733285 0.0078693628 0
6.6721373 -7.5051074 0.14627269 0
-7.2933354 -7.2344403 0.089521199 0
-2.5702653 -7.3552685 0.10988456 0
1.8466864 -7.2659516 0.11123061 0
6.4832582 -7.3388524 0.1179428 0
6.6115189 -7.2629457 0.14432739 0
-7.3554397 -7.134028 0.091900669 0
-6.1259174 -7.1679468 0.015713662 0
-5.9890823 -7.0984173 0.067426533 0
6.847249 -7.0572042 0.17608882 0
-10.249863 -6.9873686 0.10551599 0
-6.7446585 -6.8882623 0.02466321 0
-5.1538243 -6.8725119 0.045223385 0
-1.5672423 -6.8086491 0.10100932 0
-7.1515756 -6.6371493 0.13535333 0
-6.6404948 -6.7527246 0.066801488 0
-8.0647259 -6.5392451 0.10242052 0
-7.957376 -6.4552817 0.086609043 0
-6.5414209 -6.5830379 0.17309219 0
-0.48772049 -6.4448409 0.15195799 0
1.8236942 -6.5241489 0.035118043 0
-10.218634 -6.2195168 0.18200628 0
-5.6634126 -6.273385 0.054580629 0
-7.2715826 -6.1121068 0.11912692 0
-4.4132338 -6.0028863 0.11025456 0
-4.2889161 -6.0685463 0.18767428 0
-0.51954937 -6.0700111 0.15264463 0
1.3786201 -6.1433439 0.16505551 0
1.6342077 -6.0542946 0.11918271 0
2.1946747 -6.0207758 0.048626959 0
-7.1805258 -5.9963713 0.12192881 0
-5.6453648 -5.8614807 0.0072939396 0
1.7339435 -5.9181142 0.096521743 0
3.0401559 -5.997364 0.041877747 0
-6.414041 -5.7398653 0.13572192 0
-0.3558054 -5.7497139 0.069684982 0
0.12094557 -5.6345177 0.087369069 0
0.79210132 -5.78865 0.15197122 0
0.81327248 -5.6382766 0.089265078 0
-6.343461 -5.5827117 0.14490163 0
-4.7387948 -5.4608736 0.18713963 0
-0.13818455 -5.5272913 0.022138119 0
0.066483498 -5.4177222 0.080756366 0
0.3657012 -5.596107 0.13440605 0
1.0352774 -5.5961666 0.16444778 0
2.8196545 -5.5643873 0.10470104 0
-10.363643 -5.2827611 0.11362399 0
-10.074743 -5.3003702 0.13244008 0
0.080059052 -5.3383064 0.079819098 0
0.30075169 -5.215013 0.14899272 0
0.79351461 -5.3984332 0.19236302 0
0.19234228 -5.1511397 0.065987259 0
0.5819931 -5.0438395 0.042263985 0
-5.202909 -4.8152609 0.10552502 0
-1.712728 -4.8394499 0.18832406 0
0.10507226 -4.9427733 0.059326924 0
0.31505919 -4.9075241 0.11631209 0
-6.0531788 -4.6586604 0.12175546 0
-5.8901176 -4.6970305 0.12679656 0
-1.7516261 -4.7989912 0.0020091534 0
0.4093709 -4.6726294 0.052860916 0
-6.230752 -4.468173 0.093900986 0
-6.0483046 -4.4614038 0.19683439 0
-5.7485757 -4.5176635 0.078826725 0
1.208221 -4.4449406 0.094725311 0
1.5122783 -4.4873457 0.075428292 0
2.2285893 -4.55758 0.10526621 0
-6.2568855 -4.2992773 0.082796514 0
-5.7186203 -4.3540154 0.15106648 0
-3.1166856 -4.2201943 0.026242554 0
-1.8778772 -4.2132058 0.086002462 0
-1.5003943 -4.3701138 0.019989014 0
1.3214617 -4.3655567 0.11744261 0
-7.2996583 -4.0098066 0.10355943 0
-7.14639 -4.0255814 0.18298236 0
-6.1014705 -4.0997767 0.070720501 0
-5.9697022 -4.0725613 0.11000069 0
-5.789916 -4.1843858 0.14606571 0
-1.9082235 -4.1181278 0.092395581 0
-1.7747282 -4.1709557 0.12075669 0
-1.567966 -4.0923266 0.042833507 0
-7.4833169 -3.9662819 0.059917498 0
-7.3767929 -3.9659634 0.11283005 0
-7.0409851 -3.894629 0.091294482 0
-6.9661055 -3.9716182 0.088791542 0
-6.4487605 -3.8815391 0.11067722 0
-1.914629 -3.9391017 0.10383177 0
-1.7265463 -3.8754077 0.099844217 0
-1.3899574 -3.8637187 0.13946843 0
-0.034460068 -3.9319792 0.029153824 0
3.5881624 -3.8046608 0.11513883 0
3.7126265 -3.8433771 0.14799048 0
3.8286347 -3.9006364 0.12816873 0
6.2210503 -3.8472717 0.046597917 0
17.527411 -3.832418 0.0043503642 0
-7.5662403 -3.7703543 0.060198732 0
-7.1021299 -3.7046242 0.019334331 0
-6.9190216 -3.7227426 0.11030345 0
-2.3468499 -3.6502395 0.11806199 0
-2.092829 -3.7707984 0.10205684 0
-1.9729199 -3.756561 0.046519876 0
-1.6758204 -3.6095788 0.10445166 0
1.3213329 -3.7112765 0.0085716844 0
2.1679456 -3.6379051 0.074031919 0
2.2476482 -3.7054617 0.15836422 0
2.7046871 -3.6760182 0.027892366 0
4.1818976 -3.6469972 0.09120845 0
4.2029428 -3.6096635 0.12276471 0
5.647995 -3.6283791 0.095736347 0
5.9523373 -3.7077956 0.10290368 0
7.9616823 -3.7035 0.10328905 0
-7.5980234 -3.5409856 0.027034849 0
-7.0653305 -3.5174537 0.15895131 0
-6.6970329 -3.420109 0.10682856 0
-6.4258828 -3.4290144 0.098129638 0
-2.3808494 -3.4046347 0.12186956 0
-1.0585194 -3.4516625 0.03422457 0
1.1182127 -3.4062834 0.059209108 0
1.3088315 -3.5680423 0.18566304 0
1.626632 -3.5640666 0.021854617 0
1.9996681 -3.4193277 0.04583969 0
2.0854142 -3.5035539 0.12812687 0
2.4575071 -3.4774251 0.087728985 0
2.9318037 -3.5761068 0.093204796 0
3.8698978 -3.4658477 0.14378223 0
4.1947317 -3.5817916 0.13331924 0
4.2057986 -3.5963213 0.16542087 0
5.4256597 -3.5368598 0.15222697 0
6.2788 -3.5371552 0.13533118 0
-6.6939564 -3.2935257 0.10576573 0
-6.4394612 -3.3235624 0.094985142 0
-6.3911657 -3.2872024 0.14383645 0
-2.623713 -3.3271232 0.18771738 0
-2.0462594 -3.2209778 0.040028095 0
1.9915968 -3.2957203 0.09781985 0
2.0972533 -3.3107636 0.12371618 0
3.8793526 -3.3859596 0.034995478 0
4.3425364 -3.2319689 0.1239408 0
17.434963 -3.2456391 0.094204046 0
-7.4758124 -3.0780673 0.19121754 0
-6.5359936 -3.1988719 0.18743058 0
-5.249135 -3.0693202 0.13429832 0
-1.8091364 -3.1390212 0.10510159 0
-1.1071926 -3.0346711 0.063370548 0
-0.97349834 -3.0090208 0.13350821 0
-0.07059411 -3.0125885 0.11001095 0
0.24137601 -3.00774 0.053993437 0
1.4455522 -3.1054058 0.11235072 0
2.1017594 -3.1612072 0.020744435 0
7.771584 -3.1232474 0.039745558 0
7.8375068 -3.1238756 0.13084224 0
-8.0703011 -2.9135213 0.057151448 0
-7.9978824 -2.8183646 0.034784712 0
-7.3258605 -2.8601732 0.0020363629 0
-2.8824158 -2.9041281 0.14969474 0
-1.0212454 -2.9781551 0.00165838 0
-0.24773645 -2.9237463 0.1226013 0
-0.10933971 -2.9890981 0.12765512 0
0.043130081 -2.8111255 0.16186114 0
0.27318317 -2.9576139 0.077815562 0
-8.1868105 -2.7686501 0.17976195 0
-7.8811531 -2.606339 0.034980983 0
-6.7481623 -2.7260733 0.088189065 0
-5.7037477 -2.7769916 0.17189813 0
-2.9446664 -2.624794 0.17595744 0
-0.49993801 -2.6506269 0.054519475 0
0.042980697 -2.6819117 0.11361708 0
0.35790715 -2.6920862 0.12674741 0
0.40181959 -2.6134174 0.030307017 0
1.3618146 -2.7893994 0.19794697 0
1.9905424 -2.7862656 0.19758072 0
2.0104947 -2.7692471 0.034733891 0
-8.0694427 -2.5752673 0.17637262 0
-3.6700678 -2.4173245 0.075076818 0
-1.7078725 -2.4668856 0.12931997 0
-0.78697014 -2.4527919 0.070989966 0
0.047997683 -2.5756412 0.087453865 0
-3.5910587 -2.2733207 0.096351385 0
-1.6509248 -2.2981575 0.09668225 0
-1.5910854 -2.2121308 0.12142253 0
-1.2702067 -2.2916269 0.12028122 0
-0.83946776 -2.3805082 0.12987173 0
-0.68573666 -2.323307 0.1124289 0
0.4420042 -2.3886514 0.083869696 0
2.0563059 -2.2489614 0.15118015 0
-1.6151164 -2.1057262 0.12011334 0
-1.5832998 -2.1063621 0.099116117 0
-1.2005816 -2.0412393 0.001996994 0
-0.68265152 -2.1054187 0.067817807 0
1.3811233 -2.0938337 0.022376277 0
-7.8452001 -1.8239834 0.059184581 0
-4.0520115 -1.9072978 0.14417303 0
1.4086211 -1.9450729 0.17234579 0
-2.0204678 -1.7121259 0.13529038 0
-1.8834753 -1.6666518 0.092255488 0
-1.7640903 -1.6476319 0.074871801 0
1.7248366 -1.7239689 0.14342082 0
-2.2628822 -1.4614881 0.14268123 0
-2.1946039 -1.5970371 0.12285324 0
-1.7495642 -1.5121264 0.07946378 0
1.4280496 -1.492105 0.034978867 0
1.6930532 -1.4264259 0.15202475 0
2.2760832 -1.4257269 0.15874341 0
4.45261 -1.4866619 0.14750016 0
-2.242382 -1.3366574 0.096318811 0
-2.1080508 -1.2124761 0.092651799 0
2.2599611 -1.3965561 0.046073377 0
-2.0495212 -1.1194242 0.12321234 0
-1.9279804 -1.1274427 0.089236222 0
1.2685657 -1.0163462 0.18486881 0
1.7368538 -1.1526771 0.061533391 0
1.2528324 -0.97956264 0.055523932 0
1.2693996 -0.6614219 0.014220119 0
-8.5143337 -0.51799679 0.19610369 0
-8.2866287 -0.55538845 0.01534865 0
-1.5327978 -0.43963161 0.19810009 0
2.0342572 -0.51438928 0.090171278 0
3.3556318 -0.429914 0.071521878 0
-3.9521923 -0.22358675 0.10464926 0
-2.7848392 -0.20965528 0.12877464 0
1.3424623 -0.39103293 0.093734562 0
3.4598823 -0.20781851 0.10510385 0
-3.965687 -0.13794637 0.12240458 0
3.9467821 -0.067538932 0.11681003 0
4.1280756 -0.039497979 0.13192351 0
-4.2207804 0.048496772 0.078882799 0
-4.1924443 0.024129877 0.1018623 0
-3.0239491 0.14478302 0.073224485 0
3.7247751 0.19417715 0.14622574 0
-8.4067554 0.33981723 0.17046899 0
-8.2532272 0.30909061 0.099264495 0
2.2704892 0.35036349 0.12193918 0
2.8698497 0.37684876 0.070161894 0
3.7242618 0.30132639 0.11136086 0
2.8989041 0.46575591 0.13535444 0
3.1311791 0.48640275 0.15534362 0
3.2903574 0.54809421 0.18379208 0
3.4718447 0.47770706 0.15316245 0
3.6888852 0.43266979 0.1357397 0
3.8674462 0.43842062 0.16428828 0
-7.2533798 0.70516711 0.16136773 0
2.3837843 0.62001872 0.16599774 0
2.9361486 0.6913619 0.17383151 0
0.68906212 0.84377956 0.091167212 0
3.1052232 0.91791981 0.13301058 0
3.2153325 0.8797375 0.16485061 0
8.2869864 0.88921112 0.10362678 0
-2.2198021 1.1601024 0.0112455 0
-2.1624813 1.1491662 0.069421217 0
-1.9168735 1.1032504 0.1266876 0
-1.700914 1.1323168 0.097066037 0
1.970201 1.0063605 0.057337761 0
-6.684238 1.2743206 0.17307395 0
-1.7442964 1.2473065 0.16920251 0
2.9690568 1.2935383 0.11829479 0
3.0177131 1.3699397 0.11005917 0
8.645195 1.3049189 0.11377609 0
3.0729589 1.411448 0.086713284 0
-1.8455195 1.6039486 0.17488216 0
-2.1812544 1.8542347 0.082821459 0
-2.1699739 2.0466139 0.1807207 0
4.7805495 2.1007459 0.12890863 0
-6.5035162 2.4216981 0.024543086 0
-1.7912031 2.5735021 0.18024707 0
-2.1640387 2.7278526 0.10304607 0
7.5901594 2.7006757 0.081000924 0
-2.2566633 2.853168 0.030440833 0
-2.1718502 2.8475685 0.15118432 0
-1.7330034 2.8547826 0.026906885 0
15.049726 2.9040136 0.014974952 0
-7.3160105 3.0768986 0.15167829 0
-7.1313753 3.1056828 0.026654612 0
-1.9030681 3.0834234 0.084357522 0
-1.7755978 3.1128697 0.079923205 0
6.4456739 3.5560927 0.0038605705 0
6.359149 3.7211838 0.058629137 0
6.7230701 3.6602125 0.079488039 0
6.2810917 3.8555865 0.090572543 0
16.016356 3.8119423 0.1421504 0
1.5568504 4.3879743 0.13526428 0
1.6850042 4.3813114 0.08098451 0
3.335804 4.288888 0.024895029 0
-1.5949601 4.4457517 0.10046248 0
1.5355414 4.4661565 0.086636759 0
1.7756715 4.4647694 0.093742244 0
3.1629725 4.4652386 0.019354554 0
3.3259521 4.497364 0.12102216 0
3.5257232 4.4730616 0.077669047 0
3.6220603 4.5455408 0.19623014 0
4.9725981 4.5776563 0.077496931 0
5.0043521 4.585597 0.072779387 0
-1.5660779 4.7885385 0.073785409 0
4.8984432 4.7124286 0.02848392 0
5.0305495 4.6703658 0.086807691 0
6.7859726 4.7047391 0.0038926601 0
-1.6004834 4.8115544 0.19345081 0
-1.5862494 4.8147759 0.1160489 0
2.9038916 5.1403823 0.065709122 0
-2.1278601 5.329484 0.089109667 0
-1.6063392 5.3223419 0.17347924 0
2.6984532 5.2441015 0.025826877 0
2.8449259 5.275311 0.12919725 0
3.0417664 5.2696519 0.13993567 0
-1.6078432 5.5390687 0.11916155 0
-1.5903511 5.4766393 0.082262166 0
6.2394137 5.406177 0.0057304241 0
-6.724968 5.7175322 0.0065374747 0
-5.4081168 5.6551266 0.024868011 0
6.8358231 5.7698274 0.11152565 0
-6.6686578 5.8891878 0.16020158 0
-5.2273598 5.893846 0.027701311 0
6.9610071 5.8634782 0.13494444 0
7.0206819 5.9191408 0.0093119703 0
-6.3903594 6.0462275 0.01266674 0
-4.9222994 6.0970569 0.031729251 0
3.69978 6.5480676 0.065252423 0
-7.0616207 7.7321749 0.18714648 0
-6.5387049 7.999958 0.016498692 0
3.4879563 8.164216 0.14935607 0
3.6504197 8.0970268 0.14957699 0
3.4519174 8.2108326 0.091170371 0
-37.706924 -38.87347 0.22922993 0
-38.960369 -38.182964 0.35699749 0
-38.821777 -35.899292 0.34373486 0
-35.632526 -35.674744 0.21756721 0
-34.17976 -34.180206 0.21378851 0
-32.539871 -34.096241 0.35939837 0
-30.996189 -33.058868 0.32785606 0
-33.231068 -32.862457 0.3961792 0
-31.019869 -32.497868 0.2295948 0
-33.546581 -32.186764 0.2750721 0
-33.250435 -31.84959 0.31341821 0
-33.040321 -31.618717 0.33873403 0
-32.893841 -31.443413 0.35800987 0
-32.760807 -31.290779 0.37472159 0
-29.338537 -30.844969 0.35064778 0
-29.550869 -30.306082 0.32870391 0
-31.361946 -29.850784 0.20800517 0
-31.232347 -29.715515 0.22260067 0
-29.39658 -29.42584 0.26063541 0
-27.806774 -29.275646 0.30705908 0
-26.969826 -29.201452 0.3562724 0
-17.953125 -28.99782 0.2551018 0
-28.01519 -28.708561 0.21523553 0
-27.996817 -28.757231 0.33885467 0
-23.034382 -28.529032 0.28243923 0
-11.945541 -28.078552 0.31034133 0
-27.96125 -27.87121 0.2939401 0
-26.610216 -27.272087 0.26535457 0
-25.018593 -25.723118 0.28414187 0
3.87044 -10.217303 0.28983727 0
3.8620048 -10.179615 0.30939659 0
3.7757354 -9.8948803 0.28060606 0
3.8334754 -9.8700867 0.29487026 0
4.1734929 -9.8063421 0.2847068 0
4.2184601 -9.7457123 0.29151142 0
-4.0265427 -9.2239113 0.38056362 0
-5.5306211 -9.1411648 0.35137349 0
-1.8442886 -9.1928549 0.25250909 0
-11.483734 -8.622386 0.2605359 0
-1.8288937 -8.7590723 0.20919228 0
-11.518019 -8.5357037 0.30488157 0
-7.7807078 -8.5550594 0.26510921 0
-11.631065 -8.358901 0.28758425 0
-7.8825798 -8.3137417 0.23726143 0
3.4187751 -8.32236 0.2822805 0
6.4349594 -8.3940439 0.28128731 0
2.2084188 -8.0136595 0.31179538 0
3.3460565 -8.019268 0.24480194 0
7.2485514 -8.0549126 0.32332054 0
-5.1753469 -7.8286352 0.35238197 0
-3.9902747 -7.8424392 0.34225497 0
-1.8264776 -7.8164473 0.33543694 0
-1.7613521 -7.8842058 0.33112574 0
1.9591188 -7.8286862 0.34245801 0
2.6221628 -7.8801088 0.30801794 0
3.392355 -7.9798136 0.24220245 0
4.1736269 -7.8250256 0.39475775 0
-12.021599 -7.7097464 0.29915869 0
-5.2512565 -7.7644205 0.3432366 0
-4.0407538 -7.723805 0.25874284 0
-3.9079442 -7.7667007 0.34419847 0
-1.9142895 -7.7103915 0.35530531 0
3.4240694 -7.7828054 0.30231348 0
4.1769662 -7.7960167 0.26967555 0
-5.3639154 -7.5927219 0.28956687 0
0.56445694 -7.5512853 0.22552824 0
6.6767464 -7.5127797 0.29476067 0
-7.321876 -7.2598214 0.33566925 0
-2.5354099 -7.3657866 0.3405968 0
0.12205982 -7.3134294 0.36852562 0
6.0901113 -7.3022795 0.27144539 0
6.6045389 -7.234529 0.28831053 0
17.634529 -7.21977 0.32307005 0
-8.8922138 -7.0181155 0.34567425 0
-7.3443637 -7.1748495 0.31063616 0
-5.9428596 -7.0546575 0.31225514 0
-2.990212 -7.0168142 0.25809157 0
6.6072454 -7.1693883 0.28826809 0
7.4666977 -7.0169148 0.24708137 0
17.509977 -7.1908064 0.37842047 0
-0.3907299 -6.9484057 0.38237 0
1.7974644 -6.9828348 0.27714467 0
-6.5892296 -6.6600442 0.24004656 0
1.6734219 -6.7023258 0.24075627 0
-6.3769088 -6.5675783 0.35554016 0
-3.6026812 -6.5420547 0.23489583 0
-7.4100142 -6.1601644 0.37751231 0
1.8046649 -6.1960969 0.28457522 0
-8.4656363 -5.9417434 0.34108379 0
-7.0586987 -5.9821119 0.21870613 0
0.69660306 -5.6760583 0.22665361 0
0.81753778 -5.7046223 0.26279819 0
0.68489611 -5.4361157 0.23978496 0
1.2971864 -5.562644 0.37790996 0
1.4999495 -5.5138955 0.33760577 0
1.9943342 -5.4473076 0.30627993 0
-10.243045 -5.2525673 0.23356161 0
1.6037517 -5.2031903 0.29632124 0
1.8112712 -5.2254105 0.22014308 0
-4.652648 -5.123569 0.22566879 0
0.15751481 -5.127809 0.2497154 0
-6.8476048 -4.9080248 0.26430768 0
-4.5902185 -4.9991689 0.38839385 0
-1.6592765 -4.8231492 0.37774709 0
0.068116665 -4.8402381 0.25683084 0
-6.0667472 -4.657856 0.30821958 0
-5.9043908 -4.6973882 0.33022606 0
-5.0015678 -4.7449155 0.3415221 0
0.496077 -4.7399869 0.27345836 0
-6.2368336 -4.4508562 0.27630144 0
-6.0924044 -4.462008 0.399252 0
-5.8069959 -4.526958 0.27039045 0
-5.741447 -4.4842482 0.28881389 0
1.5195553 -4.4431167 0.32530344 0
2.2260935 -4.509635 0.36718524 0
-6.2514043 -4.320003 0.31778935 0
-5.7114849 -4.3031478 0.32258129 0
-5.4522853 -4.2138939 0.33396053 0
-7.2898259 -4.0142188 0.2844823 0
-7.1222582 -4.0140419 0.36486477 0
-6.3239088 -4.037838 0.20053391 0
-6.0921326 -4.0906234 0.28756365 0
-5.8622155 -4.1491518 0.34900808 0
-5.0571966 -4.1572127 0.31184268 0
-1.8754895 -4.1016221 0.29175243 0
-1.7675289 -4.1484532 0.31257054 0
5.2637987 -4.0359383 0.30040154 0
-7.4901404 -3.955919 0.34104005 0
-7.385778 -3.9570122 0.33091536 0
-7.0363045 -3.8950615 0.30383191 0
-6.9697108 -3.9701014 0.34299874 0
-6.4547329 -3.8904226 0.32244515 0
-1.9147012 -3.9561419 0.28766495 0
-1.7711188 -3.9006388 0.30591726 0
3.7913954 -3.8241315 0.34209049 0
3.8373158 -3.8566206 0.30350015 0
6.2307978 -3.8805153 0.32837957 0
7.9722562 -3.8058097 0.37892842 0
-7.5619211 -3.7787919 0.26355678 0
-7.0923462 -3.693831 0.29970437 0
-6.9221859 -3.7066875 0.31059042 0
-2.3200812 -3.6262302 0.34292364 0
-2.0169444 -3.7618408 0.35084268 0
2.1645031 -3.6621025 0.2834675 0
2.2642868 -3.6714444 0.2911036 0
3.3272429 -3.6809912 0.3133612 0
4.1953259 -3.6084008 0.21785098 0
4.2001257 -3.6069939 0.20072682 0
5.9426351 -3.7560053 0.23912072 0
6.2581501 -3.634203 0.36542207 0
7.9561243 -3.7684453 0.28183258 0
-7.5964155 -3.5722687 0.21316625 0
-7.0590348 -3.5174029 0.35204825 0
-6.6867075 -3.4387903 0.33827689 0
-6.4455199 -3.4177694 0.32861879 0
-2.3373513 -3.4224253 0.34647241 0
1.1678348 -3.4662752 0.29831815 0
1.2108409 -3.4888835 0.35420066 0
2.1197314 -3.500288 0.33477762 0
2.2574437 -3.5501914 0.35610193 0
2.4846096 -3.4827652 0.21113935 0
3.8665254 -3.5033927 0.3119016 0
4.1977181 -3.5770962 0.23482673 0
4.2129469 -3.5489535 0.3396666 0
-6.6970382 -3.2850342 0.30590326 0
-6.4413295 -3.3330922 0.32249063 0
-2.9186015 -3.3490949 0.25409555 0
1.9667372 -3.2709858 0.29878095 0
2.07007 -3.3181093 0.24318421 0
4.3042459 -3.2915294 0.31692988 0
-3.4715161 -3.1329315 0.31033552 0
-2.6678514 -3.0388994 0.20979095 0
0.25570431 -3.0125833 0.24472882 0
7.8509283 -3.1203125 0.29507557 0
-8.4326725 -2.8362215 0.31823677 0
-8.2749119 -2.8797393 0.20739248 0
-7.9505291 -2.8703895 0.22097841 0
-3.076035 -2.8129253 0.23640728 0
-2.6933677 -2.9678724 0.35251909 0
-0.060084283 -2.9286172 0.34514418 0
0.038017653 -2.8232977 0.3376461 0
0.27936789 -2.9316561 0.31924441 0
0.71091938 -2.800287 0.2793833 0
1.957705 -2.8930855 0.27908468 0
17.572443 -2.9744544 0.24325508 0
-8.4623051 -2.6839206 0.39427811 0
-8.3210115 -2.727706 0.28351009 0
-6.8731766 -2.6175451 0.36991167 0
-2.3835363 -2.6263249 0.37463719 0
-0.070231438 -2.7032919 0.34606588 0
0.042889446 -2.7353618 0.3012594 0
0.35820132 -2.7477002 0.32182255 0
-8.2741642 -2.5333037 0.33023664 0
-3.4717298 -2.4605355 0.22364056 0
-1.6785883 -2.4281805 0.30262765 0
-0.44833851 -2.5819132 0.35083029 0
-3.4449663 -2.2832656 0.32502198 0
-2.4881897 -2.2117519 0.29142857 0
-2.1864839 -2.3949659 0.38948005 0
-1.6671076 -2.327616 0.29554823 0
-1.5912203 -2.2300005 0.28566119 0
-1.0426335 -2.2762814 0.33993959 0
-0.72221756 -2.3364053 0.3889105 0
-0.55075437 -2.3499184 0.29482472 0
-0.25402021 -2.3474422 0.2291559 0
17.460171 -2.2040203 0.36951527 0
-3.4581151 -2.1780007 0.25435495 0
-1.6178898 -2.1434574 0.28298804 0
-1.5740434 -2.1669436 0.30833444 0
-1.0072117 -2.0033722 0.31213659 0
-0.61641526 -2.0724621 0.25410211 0
-8.097353 -1.9722483 0.24317798 0
-3.7440228 -1.893643 0.31486762 0
-2.3298938 -1.8708549 0.31930661 0
-3.7553473 -1.6404635 0.35911846 0
-2.0203192 -1.7127643 0.29985464 0
-1.9155325 -1.6689737 0.28247231 0
-1.7475423 -1.6174808 0.320548 0
1.737246 -1.7647099 0.35424551 0
-2.2396128 -1.4601398 0.29507995 0
-1.805434 -1.5896196 0.29896402 0
-1.7694882 -1.5271358 0.2782236 0
0.74031925 -1.5192745 0.34100533 0
1.4830307 -1.5542223 0.28946978 0
2.3057327 -1.4519979 0.27063757 0
-4.6425786 -1.3299292 0.36509347 0
-2.2699935 -1.3418441 0.30423233 0
-2.1989017 -1.2382727 0.32898545 0
-1.7114098 -1.3314471 0.37892598 0
1.7603157 -1.2039217 0.26730192 0
-2.0567806 -1.1298486 0.3221854 0
-1.947733 -1.1277764 0.27020302 0
-1.7982786 -1.1931589 0.2560603 0
-1.0964952 -1.1992154 0.36048746 0
1.0678301 -1.1775534 0.30451417 0
1.3082051 -1.0701823 0.39678901 0
-8.6990576 -0.95208549 0.35046101 0
-1.684576 -0.95519018 0.33770406 0
1.1719069 -0.45656073 0.23118055 0
1.2020655 -0.48781663 0.35742697 0
2.0186262 -0.43437207 0.30027685 0
3.4559894 -0.4833169 0.30044055 0
-4.0020871 -0.28699923 0.37873486 0
-3.9534237 -0.2309742 0.26633197 0
-1.0641336 -0.23593974 0.26532841 0
1.4617465 -0.29303741 0.24841174 0
3.5160341 -0.29531646 0.33336926 0
-3.9589365 -0.15770711 0.29188403 0
-1.2341309 -0.0032821894 0.31250811 0
1.4423912 -0.17912817 0.39273921 0
3.9380898 -0.066206761 0.31422338 0
4.1126566 -0.042957835 0.31905815 0
-4.2152405 0.039752524 0.29541367 0
-4.1871309 0.02167156 0.32664275 0
1.0997124 0.081445515 0.32289687 0
4.5543437 0.1351347 0.2231462 0
-0.90752602 0.36630762 0.32538605 0
1.0611124 0.34805548 0.33983049 0
2.3347688 0.31165218 0.35812163 0
3.7352231 0.29012811 0.32863104 0
3.812665 0.36504626 0.26306149 0
2.4581556 0.52538633 0.3863194 0
2.9710748 0.53583097 0.20211965 0
3.1071305 0.58542728 0.20543884 0
3.7981925 0.4039219 0.33792835 0
3.8585033 0.44076443 0.29743248 0
-7.626554 0.74102974 0.34292167 0
-1.4208679 0.79417086 0.35650754 0
0.85621357 0.74363065 0.36627436 0
1.1114364 0.7135427 0.38380837 0
3.2080002 0.63479662 0.2162044 0
4.3387289 0.71173501 0.31281093 0
-7.6337442 0.8350392 0.39114606 0
2.152513 0.99143648 0.34677148 0
3.169806 0.88193482 0.25462097 0
3.2757909 0.906896 0.31729648 0
8.3072424 0.88385028 0.31016749 0
-2.0839038 1.1581316 0.27104908 0
-1.9165137 1.1047148 0.30921951 0
-1.7819896 1.1306692 0.32438686 0
-1.2729754 1.0851884 0.39255953 0
2.9328196 1.1038768 0.33049208 0
3.4473963 1.0292238 0.32175368 0
4.1198053 1.0975093 0.31122833 0
0.89794588 1.261894 0.33208299 0
2.9507515 1.2547859 0.29656157 0
3.0292563 1.378108 0.27430314 0
8.6393805 1.308585 0.30014199 0
3.0661035 1.4060438 0.30560988 0
-7.1853876 2.6065433 0.33170682 0
-2.1547027 2.7810242 0.22028686 0
-2.1243675 2.838438 0.34612852 0
-7.6353126 3.0443401 0.36934242 0
-7.5034728 3.0632381 0.26933399 0
-2.033776 3.1278636 0.32630789 0
-1.9368248 3.068414 0.33046255 0
6.242178 3.935739 0.34160474 0
6.1494312 4.0679479 0.31545967 0
1.7025156 4.3614616 0.29065067 0
5.7595277 4.3543916 0.34114885 0
1.5611318 4.4730458 0.290158 0
1.7438239 4.4681005 0.29396418 0
3.3803506 4.5622401 0.21873423 0
3.482192 4.552597 0.25938258 0
3.6448324 4.5356693 0.26436391 0
4.9779119 4.5804625 0.26940367 0
5.0219965 4.5483665 0.22308442 0
-1.6336769 4.7719765 0.28154337 0
3.5023875 4.6252785 0.35463834 0
3.7631211 4.6814647 0.34262219 0
4.9225569 4.659071 0.26819509 0
5.016593 4.6140242 0.26249173 0
5.2768021 4.770463 0.32488039 0
10.129126 4.6728821 0.24809265 0
-1.6281646 4.8203082 0.29591075 0
3.9146318 4.8666039 0.36261475 0
4.7958117 4.9078226 0.31182504 0
5.3597307 4.8137169 0.3145563 0
8.8518629 4.8605728 0.26316977 0
5.4569168 5.1005783 0.36248469 0
5.8392992 5.1928225 0.35377455 0
-2.1176419 5.346405 0.30982089 0
-1.6094531 5.3597889 0.28754985 0
2.9310756 5.3519168 0.2611731 0
3.1297426 5.3291044 0.29046524 0
3.2050071 5.3851528 0.37719584 0
6.1862473 5.3722501 0.31343013 0
-7.0888467 5.5636139 0.26017258 0
-2.1156564 5.4388623 0.2762953 0
-1.612872 5.5171223 0.32096335 0
-1.5970036 5.474968 0.27885026 0
2.9830363 5.4035568 0.35563755 0
3.0004759 5.4189954 0.39465842 0
5.1258912 5.5972109 0.38541862 0
6.4970722 5.5350151 0.2870515 0
-6.844861 5.7693472 0.26697966 0
-6.7491007 5.8333626 0.20587632 0
6.9104309 5.8524113 0.32396343 0
3.9604239 6.1455836 0.32051778 0
3.6872611 6.5645466 0.25966814 0
-7.4225998 7.5531359 0.32935905 0
-7.246685 7.5744486 0.2535941 0
3.6079812 7.9845481 0.38764274 0
3.5448468 8.0640726 0.34284708 0
3.7183232 8.0329933 0.27429807 0
-35.231171 -37.884254 0.43283033 0
-36.482407 -37.194153 0.48093224 0
-35.502762 -35.813267 0.40228271 0
-38.07354 -35.717113 0.43428254 0
-38.024323 -35.414494 0.56401324 0
-34.102982 -34.294983 0.49532622 0
-33.116657 -32.571907 0.48373556 0
-34.083973 -30.794552 0.55179822 0
-28.481146 -30.779299 0.43248892 0
-29.481503 -30.383938 0.55615199 0
-29.552048 -29.358112 0.50697839 0
-26.934269 -29.217474 0.4783549 0
-26.170036 -29.168076 0.55908012 0
-27.956539 -28.81567 0.50570905 0
-27.98403 -27.776672 0.44948867 0
3.8792639 -10.213754 0.45514807 0
3.5152917 -10.069597 0.5262211 0
3.6014183 -9.8849173 0.47174734 0
4.6412945 -9.7054338 0.44979855 0
-1.7196414 -9.232419 0.58959144 0
3.5135741 -9.2263536 0.43223014 0
-5.4782481 -9.1163807 0.5562073 0
-4.0298982 -9.0941229 0.4756161 0
3.4867375 -8.9886799 0.43344223 0
-7.8109584 -8.6637964 0.54979634 0
-11.646599 -8.4893398 0.48119259 0
-7.8363037 -8.4232941 0.52132243 0
-7.7307749 -8.5071316 0.41872168 0
-5.3210373 -8.517971 0.50053668 0
-4.0781388 -8.5208721 0.53920686 0
-1.7431128 -8.5262537 0.53099632 0
3.2189398 -8.4097586 0.45295039 0
-11.677663 -8.2749233 0.4976531 0
-11.598408 -8.385931 0.4505825 0
-7.9166765 -8.2600842 0.51912761 0
-5.1550922 -8.2251978 0.59344387 0
3.4319696 -8.3199692 0.45264152 0
-7.6852722 -8.1325216 0.56028539 0
3.4264371 -8.1084337 0.49704504 0
-7.625802 -7.868021 0.42868298 0
-7.5554276 -7.9903731 0.42890716 0
-5.1329827 -7.8856745 0.53546822 0
-4.060154 -7.9142737 0.54755443 0
-1.8211155 -7.8046951 0.58735311 0
-1.7326298 -7.8982687 0.53046608 0
3.3241458 -7.9660091 0.55729878 0
4.1696138 -7.8327465 0.42540359 0
-8.4948864 -7.6724939 0.50592792 0
-7.5620742 -7.7022457 0.53955889 0
-5.2773266 -7.6676855 0.53746891 0
-3.9981055 -7.7464905 0.5864265 0
-1.9823055 -7.7046404 0.57381177 0
1.4186621 -7.7174873 0.58960009 0
4.5767307 -7.7522926 0.43496776 0
-12.107136 -7.5885954 0.45977297 0
-7.4480104 -7.2857018 0.50069541 0
-7.3046703 -7.2302065 0.48846039 0
-2.5036292 -7.3749857 0.57368624 0
-8.986124 -7.0883694 0.49675176 0
-7.5156651 -7.1611967 0.56812692 0
-7.3753757 -7.1523151 0.40724802 0
-5.9221058 -7.0642014 0.49787748 0
-2.9477968 -7.0376205 0.50245726 0
-8.3630695 -6.4488082 0.40217531 0
-6.4158354 -6.5537949 0.4931064 0
-3.5517654 -6.5703945 0.48681986 0
-0.38843441 -6.5796103 0.56110144 0
-10.70435 -6.267539 0.50590622 0
-9.4484339 -6.3240447 0.47550607 0
-9.3537779 -6.2170458 0.57981044 0
-8.2646179 -6.3136945 0.40587652 0
-10.751983 -6.1193175 0.53212309 0
-9.3364363 -6.1856194 0.48185468 0
-4.2637992 -6.0909805 0.44252622 0
-0.38770103 -6.1878948 0.55618882 0
2.8201194 -6.007431 0.56715417 0
17.737162 -6.173995 0.58166558 0
-8.4711895 -5.9190631 0.45851141 0
-8.3747616 -5.8696194 0.41593927 0
-7.0328546 -5.8216534 0.44386506 0
-6.8770547 -5.8947601 0.56467861 0
-0.23304176 -5.8682947 0.47183275 0
3.5665274 -5.9986458 0.40189791 0
-0.057351112 -5.6765194 0.42452455 0
2.5875623 -5.6646729 0.51259047 0
2.6424167 -5.6979151 0.54436702 0
2.964282 -5.7324123 0.49659145 0
-10.627295 -5.5607023 0.55651569 0
-8.8486633 -5.5792613 0.59059155 0
-8.7386703 -5.4566326 0.592067 0
-4.6879892 -5.5033226 0.43733931 0
2.6841192 -5.5891714 0.56453919 0
-10.530397 -5.2369595 0.49001631 0
-8.9299421 -5.2118273 0.48760068 0
-7.7273297 -5.310041 0.46156806 0
1.664361 -5.3922911 0.45278311 0
-10.560511 -5.1971159 0.5699048 0
-8.8597927 -5.125833 0.52694964 0
-8.7912025 -5.0937309 0.55804616 0
-7.5953822 -5.1958799 0.59966296 0
1.0334325 -5.1845808 0.44110036 0
-10.484705 -4.8887825 0.58564448 0
-1.7140813 -4.8132877 0.54089737 0
-10.43933 -4.6205859 0.59498465 0
-6.0230637 -4.6742768 0.46659029 0
-5.9179211 -4.7148137 0.47659618 0
-4.9335122 -4.7997727 0.58615518 0
0.48716116 -4.7679386 0.46044272 0
-6.0946374 -4.4644828 0.57290989 0
-5.7657971 -4.5151253 0.48162532 0
-6.2788224 -4.2192168 0.46507573 0
-5.725596 -4.3017383 0.50558865 0
1.017019 -4.2483358 0.47755593 0
-7.2814493 -4.0119061 0.46717817 0
-7.1074405 -4.014534 0.48588675 0
-6.3216066 -4.0342188 0.50062084 0
-6.0892105 -4.0761805 0.49449468 0
-5.9009714 -4.106483 0.51746982 0
-5.7876549 -4.1981316 0.54315847 0
-5.1379452 -4.036334 0.47498274 0
-4.9606156 -4.1380177 0.56225014 0
-1.8696121 -4.0857096 0.49141085 0
-7.4072146 -3.9383545 0.45716506 0
-7.355937 -3.9837017 0.51096576 0
-7.0487227 -3.9333711 0.40727562 0
-6.9897137 -3.8939538 0.52648222 0
-6.4548206 -3.8896573 0.51023442 0
-1.8894814 -3.9493496 0.47788095 0
-1.7702625 -3.9138355 0.45867145 0
3.8475709 -3.8095174 0.4911108 0
5.6926513 -3.9351358 0.55406696 0
6.2334256 -3.8559277 0.47126406 0
7.9559789 -3.8199224 0.48916408 0
-7.5586491 -3.7950468 0.40985388 0
-7.0989823 -3.7087884 0.55219269 0
-6.9551959 -3.7001894 0.4840146 0
-2.3074536 -3.6048126 0.56943083 0
-1.9937824 -3.7853584 0.52665353 0
2.1727819 -3.629813 0.45567998 0
2.3199859 -3.6419685 0.48358446 0
3.5658827 -3.6865597 0.51690251 0
3.7627285 -3.7264769 0.56849349 0
3.9104209 -3.6190982 0.52553153 0
5.7757311 -3.7440138 0.53621697 0
5.860312 -3.7673786 0.49521443 0
6.2729073 -3.6202033 0.49960926 0
7.9263859 -3.787482 0.55324143 0
-7.5943017 -3.5488262 0.4861387 0
-7.0844545 -3.4945827 0.48967445 0
-6.4532394 -3.423949 0.55043733 0
-5.0007696 -3.507282 0.44684935 0
-2.3435488 -3.4741807 0.57150012 0
1.2132564 -3.5204725 0.54042578 0
2.1390693 -3.5326269 0.50264043 0
2.227941 -3.5018282 0.48999929 0
3.8749688 -3.5387249 0.51734626 0
4.2164183 -3.5261984 0.51770341 0
4.7758756 -3.4529929 0.50374627 0
-6.7201457 -3.3326805 0.49009618 0
-6.4384012 -3.3390779 0.49512145 0
-6.3873315 -3.2059236 0.59335721 0
-2.6501651 -3.3005745 0.4354808 0
1.9548841 -3.2775733 0.53710753 0
2.1487737 -3.3784509 0.48585916 0
4.2957292 -3.3206859 0.47383413 0
-7.4603276 -3.0868134 0.50466686 0
-6.5363183 -3.1818402 0.45124185 0
-4.8200221 -3.198808 0.43153024 0
-4.7240539 -3.0775988 0.43797445 0
-2.6812553 -3.1100678 0.45026469 0
7.8491769 -3.1243453 0.49550846 0
-7.9331641 -2.8460643 0.48929906 0
-6.9656649 -2.8844867 0.46817559 0
-2.9189229 -2.8757989 0.41634917 0
-0.095516682 -2.9058261 0.52438468 0
0.042934723 -2.8132951 0.48585227 0
0.283824 -2.9249561 0.49707124 0
-8.6801739 -2.7056081 0.52763355 0
-8.5051126 -2.6830518 0.43545973 0
-7.0194087 -2.6855519 0.42879343 0
-6.8787699 -2.6161511 0.56875491 0
-5.4410381 -2.6110609 0.47664177 0
-2.9485397 -2.6980789 0.43143338 0
-2.0974474 -2.7086904 0.44121087 0
0.047213387 -2.7341497 0.48813057 0
0.33615002 -2.7593398 0.54115713 0
1.09578 -2.6316738 0.58635765 0
1.2895764 -2.6211839 0.44882995 0
-8.4953651 -2.4627132 0.49711561 0
-7.8015165 -2.556536 0.46472028 0
-7.7781353 -2.5547681 0.59352362 0
-4.4916859 -2.5169487 0.50078583 0
-3.463048 -2.5049756 0.44828027 0
-1.6587701 -2.43049 0.50670135 0
-0.49287617 -2.4250615 0.5558418 0
-8.198369 -2.2227206 0.52684927 0
-7.0014772 -2.2256272 0.44087085 0
-6.8806696 -2.2374794 0.55572093 0
-3.5729256 -2.3109741 0.47243786 0
-3.3590081 -2.3025537 0.52163601 0
-3.185096 -2.2737951 0.5848493 0
-2.0336869 -2.2116952 0.40179309 0
-1.646697 -2.2770116 0.48898205 0
-1.5759796 -2.2313786 0.45495847 0
0.42021656 -2.2802007 0.51673698 0
-7.2079773 -2.1926589 0.48387933 0
-7.0499578 -2.1643703 0.56607115 0
-3.1331124 -2.1601379 0.41176534 0
-1.8895745 -2.066571 0.40997961 0
-1.6274151 -2.1689372 0.50376606 0
-1.5475926 -2.185535 0.4897956 0
-8.3508854 -1.8914986 0.46243376 0
-3.6709318 -1.9096895 0.56336212 0
-2.1103716 -1.9041705 0.52576399 0
1.2702785 -1.8341322 0.40373898 0
1.7994678 -1.8168342 0.5053224 0
-7.8827848 -1.7067549 0.50931472 0
-3.6269331 -1.6802973 0.59323156 0
-2.0386109 -1.696375 0.41302294 0
-1.907832 -1.6580571 0.50250548 0
1.5409536 -1.6167819 0.54772705 0
-7.1771164 -1.5448358 0.49556458 0
-4.1156592 -1.5771611 0.45573676 0
-2.2467175 -1.4370799 0.47014821 0
-1.8147156 -1.5879176 0.44728291 0
-1.7869651 -1.5621246 0.50953871 0
-8.0414429 -1.3121011 0.48656851 0
-2.2272296 -1.3599271 0.4971768 0
-2.1934671 -1.2924799 0.49917558 0
-1.8357314 -1.21093 0.49629489 0
-1.6874557 -1.2867864 0.55564064 0
1.8136499 -1.25625 0.46862674 0
-8.8956976 -1.0934014 0.51206976 0
-2.0340645 -1.139591 0.50050461 0
-1.9601598 -1.1366942 0.49166077 0
1.3385684 -1.0997231 0.52479494 0
2.8627324 -0.97523308 0.52474618 0
-2.4773388 -0.73155618 0.48190808 0
-1.4376402 -0.40291062 0.52133071 0
1.2431192 -0.52941173 0.52606988 0
2.0657315 -0.45066881 0.534105 0
3.4836321 -0.47993779 0.55415773 0
-3.9570885 -0.22114921 0.50506437 0
-8.8405542 -0.027363777 0.41793305 0
-3.9527688 -0.1803059 0.47157156 0
1.0619991 -0.0045529604 0.50842535 0
1.3567376 -0.10404134 0.54328054 0
3.9192269 -0.061750997 0.51646411 0
4.1235452 -0.03779754 0.49381173 0
-4.2073612 0.036511295 0.49097404 0
-4.1924973 0.029758334 0.50925469 0
-1.0120749 0.061632156 0.50130963 0
0.46390057 0.15325761 0.48080397 0
3.8178618 0.027345568 0.59934855 0
4.1875124 0.0062255859 0.51764607 0
-2.2199912 0.33326983 0.41526747 0
2.4337997 0.25787973 0.58606052 0
3.7298043 0.29185656 0.48253274 0
-3.1252494 0.45659947 0.49664569 0
0.76268697 0.57577819 0.477687 0
3.3464079 0.53457141 0.4993403 0
3.8689597 0.44204161 0.50583488 0
-8.6578465 0.65460449 0.50979179 0
-1.3285527 0.74844551 0.58714151 0
1.4066455 0.66527832 0.41071206 0
2.5060105 0.65311456 0.53642321 0
4.3094344 0.72570258 0.48492527 0
4.4129105 0.70666134 0.45568869 0
-8.0187941 0.88335466 0.57751417 0
-7.8965459 0.92491579 0.52163678 0
-7.7159653 0.85631245 0.43480027 0
-7.5310302 0.9519906 0.44237822 0
1.2246423 0.89212346 0.49548006 0
3.1374135 0.90894639 0.5367195 0
3.2432442 0.89388204 0.48475873 0
3.4097073 0.98526329 0.51268643 0
4.1487837 0.86771154 0.55768186 0
8.3076839 0.8885265 0.50841296 0
-2.0245805 1.156805 0.46943912 0
-1.913644 1.1151249 0.49964172 0
-1.7860994 1.1194633 0.53329408 0
0.036386967 1.0985451 0.553123 0
0.84009099 1.0903924 0.59108138 0
1.2211881 1.0112491 0.43683434 0
2.9308245 1.1274102 0.49448702 0
3.4501114 1.0418583 0.50261682 0
4.1104851 1.084785 0.4850924 0
-2.0217624 1.2456441 0.46970558 0
-1.792063 1.2056674 0.55703092 0
2.9671376 1.2768314 0.51069427 0
3.051645 1.3936881 0.45925435 0
8.6380615 1.3090478 0.51070404 0
-7.0462775 1.4280691 0.41947815 0
-2.0412211 1.4931083 0.53223002 0
-1.8629212 1.5064983 0.57470578 0
-7.8527946 1.6890531 0.57892728 0
-7.2800531 1.9683557 0.49021345 0
-2.082716 1.8544432 0.49677461 0
-1.9778295 1.9208446 0.47777909 0
-2.1046143 2.2678144 0.53192854 0
-2.1020386 2.7320664 0.43422329 0
7.4566622 2.6863685 0.45808661 0
-2.1216984 2.8464236 0.51504654 0
3.8029828 2.8181112 0.40338337 0
15.70636 2.8714576 0.5822407 0
-7.9319601 3.0261521 0.55342901 0
-7.7385278 3.0396171 0.43182391 0
-2.0418327 3.129426 0.54626596 0
-1.9449459 3.064141 0.50365502 0
6.7097397 3.634438 0.4397614 0
-1.9363861 4.0894608 0.40938306 0
-1.7062821 4.0766063 0.41673461 0
6.1204119 4.1228089 0.53411925 0
-1.9060209 4.2885919 0.42073959 0
6.0464573 4.2197647 0.55301976 0
1.5842628 4.4675479 0.48252481 0
1.7017767 4.4696875 0.50180107 0
3.6800692 4.5861597 0.43316635 0
-1.6600256 4.7612605 0.46126226 0
3.5556939 4.6489019 0.43685254 0
3.7288704 4.6437078 0.47787696 0
3.8451989 4.6869373 0.53021419 0
-1.6638162 4.8265347 0.47820824 0
-7.4372339 5.3706508 0.49131343 0
-2.1089301 5.3297887 0.52678537 0
-1.6388253 5.3345947 0.5070489 0
3.1872058 5.3609161 0.42964691 0
-7.414155 5.4695759 0.50529873 0
-7.2563734 5.552001 0.49713641 0
-7.1732917 5.5788555 0.45690313 0
-1.6160399 5.4804902 0.49835435 0
3.0986862 5.4412365 0.4896625 0
3.3186212 5.4450564 0.50815821 0
5.131144 5.588635 0.55064285 0
5.1343122 5.6048203 0.55557817 0
5.3646951 5.6715493 0.57772952 0
5.4428663 5.708652 0.56275153 0
4.8440003 6.1997137 0.59648049 0
5.9854045 6.1156139 0.59311473 0
4.7229056 6.32652 0.40892363 0
4.8138957 6.2557697 0.52214521 0
4.5761814 6.4498916 0.44495469 0
5.3220921 6.9180164 0.4427028 0
-8.141098 7.1817985 0.58178806 0
-8.0589247 7.2317715 0.55007923 0
3.5909855 7.9627233 0.45240229 0
3.6863153 7.9272041 0.47028378 0
4.6022601 8.3697262 0.49259526 0
-40.862587 -37.597473 0.78591537 0
-40.328236 -37.470032 0.64288187 0
-37.857162 -36.470425 0.68403912 0
-35.441406 -35.899117 0.62788296 0
-37.291836 -34.610455 0.71056604 0
-37.182983 -34.504868 0.72478104 0
-34.025139 -34.411354 0.78078306 0
-33.212204 -32.885086 0.65943384 0
-33.11105 -32.693806 0.70921063 0
-35.58667 -32.401897 0.77968031 0
-32.868927 -31.265165 0.66470957 0
-13.289469 -30.993042 0.71027631 0
-34.093201 -30.718046 0.72843421 0
-29.577106 -29.267113 0.66728121 0
-21.306135 -28.044231 0.78570628 0
-28.007517 -27.678804 0.61081088 0
3.5051773 -10.277166 0.72922164 0
-4.1474032 -9.1457186 0.66372496 0
-1.7042906 -9.1694918 0.70361346 0
3.226572 -8.8544855 0.79752916 0
-7.8914466 -8.4777422 0.69721293 0
-11.754654 -8.3093185 0.63930088 0
-8.0090199 -8.3015528 0.71573615 0
-11.833159 -8.0476036 0.63093424 0
-11.750763 -8.1670818 0.65565312 0
-3.9941788 -8.0497494 0.77047652 0
-1.6318253 -8.1003294 0.73741746 0
3.1925545 -8.0930996 0.66619164 0
3.3228793 -8.041625 0.69766653 0
3.5167015 -8.0599289 0.62440181 0
-7.7851958 -7.8939667 0.63043886 0
-5.0708508 -7.8791261 0.7013154 0
-4.0769038 -7.8130569 0.77009541 0
-3.9754522 -7.947741 0.72647774 0
-1.6525863 -7.9055357 0.71125823 0
1.9244976 -7.8722467 0.75937033 0
2.395957 -7.9811497 0.71224701 0
3.331352 -7.9986534 0.79952848 0
3.6460133 -7.9719701 0.69646114 0
3.8920004 -7.8845768 0.6832062 0
-5.2525144 -7.6937013 0.71021843 0
-5.1939106 -7.7840943 0.71623284 0
-3.952759 -7.7759895 0.73163027 0
-1.9054167 -7.7509913 0.78933269 0
0.67720413 -7.6214347 0.64826453 0
4.0645666 -7.7786522 0.60952115 0
-12.192345 -7.4674549 0.61985505 0
-8.5191898 -7.5419917 0.71668452 0
5.0268707 -7.5337186 0.79441547 0
5.2808819 -7.5220122 0.7864722 0
7.5600891 -7.5634727 0.77226239 0
-12.288239 -7.3536773 0.78159821 0
-7.4924836 -7.2800708 0.74571824 0
-7.3385096 -7.2151737 0.61077178 0
5.4979172 -7.258256 0.79028773 0
6.6427221 -7.2200832 0.77056003 0
-8.9741945 -7.075799 0.64243853 0
-7.4789963 -7.1820121 0.70503187 0
-7.3431492 -7.1276445 0.72407794 0
-5.8481312 -7.1003914 0.69301486 0
-2.9226847 -7.0513859 0.74951863 0
-0.27094078 -7.0919094 0.7939105 0
6.5975151 -7.1932001 0.64393669 0
6.9444542 -7.0351186 0.63525039 0
7.0910702 -7.0817609 0.61598521 0
-12.454332 -6.9491067 0.66182292 0
-8.3385429 -6.9772978 0.75101113 0
7.4018621 -6.9922194 0.70614123 0
-6.3807068 -6.574934 0.691019 0
-3.5400133 -6.581254 0.74307024 0
-9.4720631 -6.2563839 0.68887073 0
-4.2063751 -6.1302333 0.69346195 0
-6.857378 -5.9076204 0.7792207 0
2.5906289 -5.7069387 0.6623382 0
2.6618505 -5.6287432 0.74640924 0
-10.136384 -5.4678249 0.77852637 0
-4.6362848 -5.5463619 0.6884886 0
2.6946776 -5.5945697 0.66427487 0
-11.126737 -5.3529272 0.72720933 0
-10.011345 -5.3595409 0.77837497 0
-9.0513954 -5.3265896 0.64470696 0
-7.5786629 -5.2084389 0.74053067 0
-11.146469 -5.1017542 0.77303553 0
-8.5739002 -5.0971417 0.60288191 0
-11.041407 -4.7207041 0.78531224 0
-11.057749 -4.4135199 0.75881726 0
-9.5545454 -4.4179101 0.79972541 0
-8.1426849 -4.4956031 0.65526623 0
-7.5520811 -4.4757872 0.60364449 0
-10.827741 -4.2320619 0.7834636 0
-9.4258213 -4.2925797 0.79692805 0
-7.991848 -4.39046 0.79022229 0
-7.4708056 -4.3726869 0.6073581 0
-7.0241575 -4.114562 0.65826476 0
-6.949894 -4.0288949 0.65760612 0
-1.8691368 -4.0479755 0.70157164 0
5.6692495 -4.006309 0.74181449 0
5.8910861 -4.0544801 0.67607439 0
-7.9365339 -3.8088593 0.75921798 0
-6.5083179 -3.8900843 0.7375592 0
-1.8651304 -3.9413877 0.67810583 0
3.8541551 -3.8257966 0.64570838 0
5.3000374 -3.924907 0.79815865 0
5.6891079 -3.9602571 0.68113494 0
5.9492054 -3.8018346 0.76272762 0
6.2339587 -3.8644555 0.68492252 0
7.9553785 -3.806288 0.69314432 0
-7.3700056 -3.6478031 0.75727272 0
-1.9468524 -3.7781005 0.69837809 0
2.3455691 -3.6322637 0.79299486 0
3.0575917 -3.7274408 0.77522689 0
3.5164208 -3.7735691 0.78692079 0
5.3459778 -3.6232963 0.78297907 0
5.4745026 -3.6680377 0.79196674 0
5.6440253 -3.708149 0.78363341 0
5.8652892 -3.7644246 0.78024894 0
6.2781711 -3.6440299 0.73051977 0
6.5408545 -3.6542473 0.79633331 0
6.6120782 -3.6492512 0.78079832 0
6.8559346 -3.6873341 0.79188842 0
7.5503883 -3.7720957 0.75614327 0
7.6693854 -3.7696571 0.75657213 0
7.9478536 -3.7951379 0.7020148 0
-7.0014396 -3.4039102 0.71038413 0
-6.7083135 -3.5176716 0.75221312 0
-6.4479885 -3.4131866 0.68240106 0
-4.793982 -3.559962 0.65756249 0
1.3008504 -3.5476151 0.78286326 0
1.906312 -3.5453773 0.70607746 0
2.1375391 -3.503576 0.71600568 0
2.2203844 -3.5240111 0.69541407 0
2.9046645 -3.4146676 0.76608407 0
3.0743921 -3.4517882 0.71894646 0
3.5862169 -3.508297 0.75212151 0
3.7992704 -3.5022445 0.76406336 0
3.8631167 -3.51756 0.6783421 0
4.211988 -3.5409169 0.69841725 0
4.7214642 -3.4416242 0.78120482 0
4.8627396 -3.4813187 0.77039194 0
5.1445708 -3.5656459 0.76464128 0
5.2428923 -3.5961134 0.78942227 0
-6.8955183 -3.296067 0.70746052 0
-6.6844788 -3.3011687 0.64250225 0
-6.4594502 -3.3002088 0.70688963 0
-2.6278949 -3.2177596 0.68389452 0
0.93912506 -3.3808596 0.68962008 0
1.1481755 -3.3031976 0.75824636 0
1.3520005 -3.3767529 0.77562976 0
1.4584093 -3.3893499 0.77374125 0
1.9516296 -3.2637539 0.68438274 0
2.1515279 -3.3463979 0.70626044 0
2.2668648 -3.3683939 0.74911839 0
2.6478889 -3.3907957 0.75687236 0
4.3178148 -3.324038 0.72319925 0
4.4469285 -3.3636038 0.78519243 0
-7.472209 -3.1207252 0.77859247 0
-4.7579188 -3.1260564 0.75632495 0
-4.5841799 -3.0735285 0.67519712 0
1.1649517 -3.0094199 0.77868229 0
1.305685 -3.0595512 0.75958091 0
1.4619751 -3.1026917 0.7642079 0
7.8486004 -3.1254082 0.68302995 0
-7.9200678 -2.8547678 0.69899398 0
-7.0078611 -2.9740183 0.72168922 0
-6.983438 -2.9251902 0.62248421 0
-2.8776531 -2.8661418 0.6737721 0
-0.058976531 -2.9679956 0.68591523 0
0.26798585 -2.9633152 0.67354745 0
0.53251243 -2.8126111 0.76836896 0
0.66785002 -2.8563399 0.76578319 0
0.8900674 -2.9173427 0.76716793 0
1.0301023 -2.9733109 0.74334204 0
-8.9912663 -2.6958516 0.71813118 0
-8.7744122 -2.636426 0.63508725 0
-7.0306129 -2.6997023 0.60972071 0
-6.8600779 -2.6086788 0.77153313 0
-5.9208255 -2.7712543 0.78208554 0
-5.7993169 -2.6047957 0.79623336 0
-4.2875934 -2.6657844 0.68279862 0
-1.0352857 -2.6622303 0.7614454 0
-0.75276136 -2.7192245 0.75009227 0
-0.21614456 -2.7989721 0.68317473 0
-0.1015721 -2.6295195 0.7555902 0
0.039688714 -2.7288973 0.66939485 0
0.34703341 -2.753288 0.68675125 0
0.4306308 -2.7779489 0.77071607 0
-8.918519 -2.5229499 0.76139337 0
-8.6513119 -2.4338162 0.61550641 0
-7.7502246 -2.5560446 0.76677144 0
-5.7776909 -2.586714 0.71928233 0
-3.31234 -2.4468002 0.75823724 0
-1.6281667 -2.4600456 0.73825783 0
-1.369369 -2.5435905 0.73424923 0
-0.74290544 -2.4329121 0.7551071 0
-0.49712735 -2.510937 0.73981154 0
-0.32142568 -2.5630105 0.76412034 0
-9.2568035 -2.3275104 0.73031414 0
-8.1856956 -2.244602 0.72271836 0
-7.1874008 -2.2037041 0.65926015 0
-5.9711828 -2.2964215 0.73400044 0
-3.3401809 -2.2866187 0.75135303 0
-1.6082127 -2.2558551 0.68638456 0
-1.4818859 -2.2073855 0.74163878 0
-1.3033246 -2.2645969 0.76024097 0
-1.1521926 -2.2868676 0.72427446 0
-0.99469042 -2.35834 0.76658916 0
-0.72634506 -2.33184 0.70507389 0
-7.4998922 -2.0108323 0.73134476 0
-7.1089358 -2.0910039 0.75084382 0
-5.8364563 -2.1924996 0.73061228 0
-5.3601489 -2.0307047 0.79544324 0
-3.9789009 -2.0087345 0.73894668 0
-3.0527425 -2.0015922 0.73279929 0
-1.6221727 -2.1569088 0.69162685 0
-1.5261569 -2.1872108 0.75614423 0
-0.90677452 -2.0480268 0.63294113 0
-8.5447636 -1.834919 0.63239777 0
-8.004282 -1.8178675 0.63717425 0
-7.9879522 -1.8275335 0.78639948 0
-5.2814069 -1.9506781 0.79698747 0
-2.9307232 -1.8790433 0.68762738 0
-2.060977 -1.9599395 0.76623857 0
-8.6844873 -1.7949071 0.75084436 0
-1.9205859 -1.6434962 0.7047441 0
-1.7836668 -1.6229864 0.7364406 0
-1.4006777 -1.7127641 0.6239574 0
1.1515949 -1.7030649 0.64317644 0
-8.3443756 -1.4080007 0.70083845 0
-7.2501841 -1.4510113 0.70638633 0
-3.0094054 -1.5839243 0.71863377 0
-2.8373351 -1.5487596 0.75283122 0
-2.6256101 -1.5501724 0.70876622 0
-2.2387309 -1.4710542 0.69598991 0
-1.8574154 -1.593789 0.79607356 0
-1.7838451 -1.5543902 0.63895965 0
2.3660054 -1.5435374 0.67401731 0
17.374245 -1.4281698 0.61355239 0
-8.3328543 -1.375164 0.64368951 0
-4.8426461 -1.3672071 0.78744066 0
-3.6681857 -1.3226414 0.66401005 0
-2.4082594 -1.320959 0.72418511 0
-2.240144 -1.3905263 0.60049236 0
-1.8174918 -1.2254053 0.62668628 0
-1.672226 -1.2579398 0.65361321 0
-1.5075732 -1.2706251 0.72825038 0
-3.6237803 -1.0470246 0.7038517 0
-2.8599615 -1.1319995 0.78902519 0
-2.247283 -1.1437924 0.73649222 0
-2.0469987 -1.1289669 0.68456841 0
-1.9599334 -1.1487306 0.71211755 0
1.3732164 -1.1425414 0.69759202 0
-4.4981947 -0.9170115 0.78609335 0
-2.0910516 -0.92078418 0.72660434 0
-1.857215 -0.80600905 0.79775196 0
-1.5113859 -0.91900915 0.65001583 0
-3.5111647 -0.74638164 0.60567415 0
-1.8853667 -0.77690375 0.69893044 0
-1.0578451 -0.70896101 0.6021421 0
-4.1372328 -0.44837618 0.78158224 0
-3.4545331 -0.44810209 0.64817107 0
1.2676694 -0.57495689 0.69663119 0
-4.0009079 -0.29528093 0.68657905 0
-3.9668567 -0.23255444 0.71995085 0
-3.2238655 -0.20477426 0.75096989 0
-0.95911026 -0.2363317 0.69218969 0
-9.0666008 -0.093814611 0.67233384 0
-3.9454181 -0.18180656 0.6700713 0
1.1071498 -0.057771087 0.7210148 0
3.8913143 -0.047272049 0.63590473 0
-4.2139735 0.042171337 0.69477838 0
-4.189836 0.023944736 0.71393901 0
-3.1457658 0.060488582 0.78950787 0
-2.8350239 0.16434467 0.7568481 0
-1.1382895 0.055833578 0.64057207 0
1.3340609 0.014253616 0.69531822 0
3.7930403 0.034129322 0.65453094 0
-0.72805119 0.37318158 0.62281132 0
3.7480278 0.29465777 0.64357728 0
-2.3908162 0.49934971 0.7781868 0
0.80673313 0.53505152 0.62688035 0
2.5134001 0.43760538 0.61435461 0
3.7938185 0.4032293 0.65626824 0
3.8691411 0.44523057 0.63637459 0
-0.22803211 0.60494292 0.6186142 0
0.9354887 0.66458941 0.67044258 0
1.1412344 0.71414661 0.63741922 0
1.2625258 0.7768563 0.64697886 0
4.1862206 0.61288738 0.70324564 0
-8.9169903 0.89678282 0.79751027 0
-8.0288982 0.9490099 0.60581374 0
-3.2320547 0.94191718 0.66580892 0
-2.4443207 0.93946767 0.64118433 0
-1.2787743 0.99164498 0.63760471 0
-0.82661343 0.89924669 0.66876674 0
1.2568116 0.93058848 0.66858995 0
1.4101405 0.91516209 0.79935813 0
2.2984233 0.95530891 0.64440775 0
8.3051777 0.88916272 0.70988041 0
-8.2878323 1.0263588 0.75303853 0
-8.1735306 1.012023 0.68838763 0
-7.9470854 1.1301312 0.68536508 0
-2.0410316 1.1150018 0.68449736 0
-1.9167532 1.1143488 0.7065084 0
-1.788178 1.1167021 0.68014216 0
0.86572671 1.052392 0.74479628 0
-8.4116144 1.2705526 0.7449615 0
-1.8366296 1.282949 0.78862876 0
0.12298012 1.3791008 0.60666227 0
8.6365957 1.308459 0.70821148 0
-7.4515862 1.5131321 0.66855752 0
-2.0540035 1.5257479 0.76461899 0
-1.8125899 1.5985441 0.79394078 0
-0.73562145 1.4426483 0.78369665 0
-7.9119968 1.6223783 0.63815665 0
-6.8554788 1.7863822 0.71955377 0
-1.8339329 1.7221575 0.79066825 0
1.1445019 1.6373343 0.63606381 0
-7.8110614 1.9107337 0.74988168 0
-2.0738525 1.8594817 0.7897225 0
0.48538256 1.8159267 0.77081013 0
-2.081722 2.0931325 0.70496476 0
-1.8477793 2.0622561 0.78369206 0
-2.0749187 2.2744381 0.77984375 0
-1.9068278 2.2469471 0.75142336 0
-1.8741667 2.5906901 0.78310776 0
-7.8294983 2.7205706 0.65344292 0
-2.1135869 2.7921917 0.65852344 0
-1.8868634 2.7550216 0.78903544 0
-2.116713 2.837007 0.70933437 0
-1.8906033 2.8836894 0.75159132 0
4.1194353 2.8806705 0.60170668 0
-8.0309362 3.0176713 0.60983193 0
-2.0437207 3.124692 0.71804571 0
-1.9208195 3.0856261 0.68803811 0
-1.8038495 3.2153211 0.72110736 0
-1.7751644 3.3727412 0.72284907 0
2.5801959 3.2487578 0.70357299 0
-1.7612097 3.4851947 0.71019667 0
-0.12542009 3.4587102 0.67544365 0
-1.7480516 3.6466846 0.71432394 0
-1.7232919 3.904346 0.70756912 0
-1.7033253 4.1068792 0.72083449 0
6.1187878 4.1363845 0.61826241 0
11.644158 4.1126471 0.70446575 0
5.7446227 4.3276467 0.70186579 0
5.9720216 4.3291435 0.73903716 0
6.0548029 4.2592592 0.734478 0
-1.6695895 4.4258046 0.69792116 0
1.5936133 4.4800367 0.63105333 0
1.67812 4.4793363 0.69011223 0
-1.6424615 4.7666368 0.68055362 0
3.7153242 4.7433519 0.64999628 0
3.9379354 4.7436838 0.6728186 0
4.5454531 4.7508631 0.7301631 0
-1.6343642 4.820128 0.65698695 0
3.7630539 4.8182745 0.75016749 0
4.0045533 4.803875 0.75641322 0
4.4702883 4.8337941 0.67093909 0
-7.8095627 5.1646233 0.74213481 0
-7.8061075 5.3620629 0.77914584 0
-7.7377386 5.2502584 0.76160407 0
-2.1039419 5.3595877 0.62131315 0
-1.6399133 5.3552465 0.74642825 0
3.3211327 5.3924942 0.6429171 0
8.8032551 5.360868 0.78124785 0
-2.0998268 5.4112606 0.72398132 0
-1.6310339 5.4958825 0.70522583 0
3.2505028 5.5433664 0.69960779 0
3.4678419 5.5455127 0.70583218 0
5.1485839 5.5610762 0.71350133 0
5.121798 5.6112256 0.61956441 0
5.4713464 5.7321091 0.65093011 0
4.894927 5.9962502 0.76354057 0
4.751523 6.1886058 0.63956356 0
4.8876238 6.0862188 0.71414232 0
5.9720368 6.139873 0.64996403 0
4.5773802 6.43221 0.73805749 0
-8.3921309 6.936749 0.63112974 0
5.4966512 6.9502273 0.62919521 0
3.7289855 7.7740898 0.70413965 0
3.6986761 7.8261671 0.64505184 0
4.7108736 8.1641474 0.7364583 0
-38.242279 -38.842812 0.99532795 0
-37.895691 -38.747799 0.93158722 0
-39.992374 -37.726982 0.92386866 0
-37.528717 -36.715805 0.9865222 0
-38.392502 -36.595295 0.81192541 0
-35.374859 -35.992146 0.85117364 0
-37.144917 -34.553543 0.89726996 0
-34.020031 -34.419998 0.99532205 0
-37.608452 -33.880108 0.82758152 0
-36.632282 -33.449001 0.81326151 0
-36.506344 -33.438896 0.92990458 0
-36.46645 -33.374043 0.80984473 0
-33.074921 -32.88903 0.895576 0
-35.635239 -32.706856 0.90741622 0
-35.484379 -32.674576 0.90257841 0
-35.582863 -32.324329 0.95478767 0
-32.768776 -31.402702 0.99755263 0
-32.826012 -31.32408 0.80727279 0
-32.725971 -30.829649 0.98001546 0
-32.765373 -30.771118 0.83553696 0
-31.698809 -30.402311 0.94869399 0
-17.348585 -30.484343 0.95726609 0
-32.447327 -30.231846 0.93534338 0
-29.581179 -29.15189 0.83858454 0
-29.751551 -28.885216 0.96106696 0
-28.137197 -27.589077 0.85370851 0
3.5383918 -10.094436 0.93070871 0
-5.4211998 -9.2206755 0.85094118 0
-4.1608901 -9.1469431 0.89688349 0
-3.9749284 -8.8135033 0.96009374 0
-5.2639675 -8.6511536 0.90003729 0
-1.7051132 -8.7228327 0.87835544 0
-7.8891001 -8.4671659 0.86323661 0
-4.1457977 -8.5325909 0.93659139 0
-8.005929 -8.2843971 0.82066023 0
-7.9888954 -8.2062254 0.90917099 0
-11.897124 -8.1105747 0.86903089 0
-7.8084617 -8.1694651 0.8842417 0
-5.1004763 -8.0513496 0.90250272 0
-1.6355361 -8.0903387 0.88409936 0
2.9807043 -8.0161123 0.90416032 0
3.3532951 -8.018549 0.84826702 0
3.428184 -8.0327072 0.89503503 0
-11.969671 -7.9260454 0.92401373 0
-5.1608729 -7.8728395 0.9182508 0
-4.102241 -7.8584199 0.89987278 0
-1.835741 -7.818388 0.82813293 0
-1.6636084 -7.8990741 0.89960605 0
4.108346 -7.8546286 0.90063679 0
-12.054581 -7.7477198 0.98472464 0
-8.5944471 -7.6222706 0.88261712 0
-5.2345319 -7.71066 0.84654117 0
-5.1929789 -7.7984648 0.82612622 0
-3.96873 -7.7319131 0.84822571 0
-11.466537 -7.4911761 0.84347087 0
-5.3707108 -7.5934796 0.97715074 0
-12.376878 -7.2335663 0.94441283 0
-7.3408184 -7.2311258 0.97220623 0
-2.4856529 -7.3784118 0.80859339 0
6.6998153 -7.2656884 0.88560921 0
-8.9566183 -7.0684671 0.83473098 0
-7.4788604 -7.1791816 0.89662194 0
-7.3656559 -7.1727257 0.91808558 0
-5.7791672 -7.1487513 0.8966471 0
-3.0026608 -7.0483518 0.99482131 0
7.5740213 -7.0568204 0.93721926 0
-6.3489308 -6.5923386 0.95993233 0
-9.4559822 -6.2692423 0.83479619 0
-4.1587453 -6.1644812 0.94815218 0
-6.8336973 -5.9232292 0.99482089 0
2.6344993 -5.6660786 0.81645155 0
-10.148238 -5.4358735 0.98996395 0
-4.5847383 -5.5893903 0.94146937 0
-11.201567 -5.3134394 0.80635017 0
-10.036391 -5.3898492 0.87820965 0
1.1572452 -5.3160343 0.84093571 0
17.781601 -5.2010059 0.93497175 0
-10.928635 -5.0885224 0.88761806 0
-7.6152959 -5.196568 0.9598242 0
17.823267 -5.1373086 0.89379126 0
-4.9683728 -4.8115616 0.8529408 0
-9.0919905 -4.5368643 0.88068616 0
-8.9742508 -4.4185934 0.87949729 0
-10.914904 -4.2722273 0.80195385 0
-10.591633 -4.3808036 0.99314731 0
-9.6693907 -4.2211514 0.82239026 0
-9.5031157 -4.3771982 0.91327655 0
-9.3949051 -4.3049412 0.9039315 0
-8.0250635 -4.3784494 0.94444752 0
-4.8948679 -4.1933923 0.80666447 0
7.9350348 -3.8020759 0.80205095 0
-4.7377639 -3.6132648 0.90437436 0
-2.0096431 -3.7527938 0.81560779 0
5.5378752 -3.6697838 0.80341995 0
6.7080631 -3.6679223 0.80751789 0
6.9300585 -3.6843777 0.80040854 0
7.0607972 -3.7058542 0.80156165 0
7.7078576 -3.758445 0.80088067 0
-8.3000832 -3.5080969 0.91829038 0
4.8893509 -3.482548 0.80044913 0
-6.7086525 -3.3554788 0.83385336 0
-6.3774209 -3.3308675 0.8101247 0
-7.1640391 -3.0422256 0.82260799 0
-6.322793 -3.1320364 0.83449286 0
-6.1569104 -3.0373204 0.81336904 0
-4.7760997 -3.0341659 0.92521524 0
-4.5263066 -3.1318538 0.91761279 0
7.8520212 -3.1155772 0.84781557 0
-7.9122524 -2.8780377 0.84596688 0
-6.9722195 -2.9551392 0.8738398 0
-6.1041517 -2.8715644 0.83964568 0
-9.2135153 -2.6531529 0.88075292 0
-6.8877497 -2.6772933 0.87226856 0
-5.9277649 -2.6412785 0.85853499 0
-4.2341104 -2.7249451 0.92478085 0
0.18336248 -2.7683954 0.83284235 0
-9.2316027 -2.5031984 0.9619804 0
-7.7383075 -2.5732646 0.98481703 0
-6.7595043 -2.5897784 0.83766627 0
-5.8330021 -2.5302196 0.84091634 0
-0.41640854 -2.5139208 0.95929551 0
0.92501533 -2.4196813 0.9582352 0
-9.4822845 -2.2161202 0.96167886 0
-9.3599482 -2.2813365 0.83284169 0
-9.0165243 -2.3298752 0.8909893 0
-7.1590176 -2.2180085 0.89301211 0
-0.94519424 -2.3931303 0.82010531 0
-7.4792891 -2.0326972 0.90650815 0
-7.1156025 -2.0940785 0.92477196 0
-6.521975 -2.130172 0.9107964 0
-5.4930344 -2.1026664 0.81202579 0
-2.9373693 -2.0158877 0.96690416 0
7.9596834 -2.171947 0.89569497 0
-7.9762306 -1.8480196 0.98516083 0
-3.5969162 -1.925899 0.81372261 0
7.9848976 -1.8890617 0.88407886 0
-8.8278837 -1.7588425 0.87368572 0
-6.2168994 -1.7030034 0.92929041 0
-5.2296681 -1.7524508 0.83187515 0
-5.1809731 -1.6852144 0.81955433 0
-3.6187615 -1.7727711 0.84172189 0
-1.9304712 -1.6317383 0.8261472 0
-1.7949958 -1.6307814 0.84961134 0
-8.6212606 -1.4471698 0.89416987 0
-8.3645697 -1.4638796 0.85184515 0
-7.6476641 -1.5247604 0.90316379 0
-7.2151098 -1.4875559 0.84258771 0
-6.0942316 -1.5854983 0.93233526 0
-2.9567258 -1.5505052 0.87995189 0
-2.2194161 -1.4501891 0.93332505 0
-2.1423814 -1.426729 0.92427576 0
-1.8260565 -1.4983542 0.89837933 0
-1.7813358 -1.482106 0.92683995 0
1.09885 -1.5838261 0.82084668 0
-5.2416201 -1.3010817 0.84409833 0
-5.1146064 -1.2252483 0.83244514 0
-4.825213 -1.2484205 0.81599498 0
-3.5988011 -1.3429974 0.91214156 0
-2.2206588 -1.3535501 0.90166634 0
-1.8470349 -1.2772337 0.91270512 0
-1.7602174 -1.3764403 0.93282032 0
-1.452949 -1.3376555 0.99009997 0
-4.6967545 -1.1153815 0.81808561 0
-3.5677595 -1.1167541 0.94604862 0
-2.7993336 -1.0173407 0.80679119 0
-2.0171731 -1.1409134 0.83179146 0
-1.9359077 -1.1662848 0.84334564 0
8.0788174 -1.0698342 0.88010585 0
-7.5921979 -0.82794285 0.98847246 0
-4.6026297 -0.94217807 0.83158308 0
-4.5189919 -0.83443427 0.83520794 0
-1.9889334 -0.82444882 0.81971633 0
-1.4436998 -0.94327211 0.97345591 0
8.1078453 -0.93513185 0.85448903 0
-4.4477549 -0.71549273 0.83694714 0
-4.3708987 -0.62588751 0.83021021 0
-3.9079719 -0.68339157 0.82514793 0
-3.7635486 -0.69203806 0.98251128 0
-3.4048057 -0.77435827 0.84376287 0
1.2826064 -0.61842442 0.86921829 0
8.1102209 -0.7945922 0.87711293 0
17.156652 -0.70751572 0.87651438 0
-4.3113203 -0.55140567 0.82898986 0
-3.3787599 -0.52149439 0.88429999 0
-2.7250118 -0.48656535 0.87408066 0
-2.5304947 -0.45936394 0.98423171 0
2.1376743 -0.56469607 0.99091625 0
-9.3085918 -0.24833012 0.81462288 0
-4.0964217 -0.30033189 0.81962043 0
-3.1436958 -0.23603833 0.99153471 0
17.375854 -0.38697767 0.88611871 0
-9.2985249 -0.11405754 0.93223047 0
-4.0716615 -0.065916911 0.81824821 0
-3.9858902 -0.14489371 0.82615042 0
1.1287889 -0.092367172 0.84931171 0
-4.1912742 0.026750684 0.82269609 0
-0.92604923 0.0033060312 0.92716074 0
1.2567723 0.099311829 0.85037923 0
-0.62692547 0.32901907 0.9299289 0
2.4751644 0.25548983 0.83618736 0
-2.7376423 0.47484362 0.8062799 0
-0.18528557 0.56640804 0.93848419 0
0.85924578 0.48175931 0.8286044 0
3.3729544 0.50194716 0.81845307 0
8.2662325 0.40588814 0.84237349 0
-2.3086057 0.75962424 0.82473135 0
-1.2755365 0.74183679 0.8379997 0
1.2095919 0.6731863 0.87229443 0
8.2731209 0.71402371 0.86599737 0
-9.0362597 0.8869313 0.85670245 0
-8.9410858 0.87675083 0.81633902 0
-1.220386 0.90560687 0.86622107 0
1.1053452 0.86964762 0.87321138 0
1.3212309 0.83944488 0.89322281 0
8.3112202 0.88932925 0.82210785 0
-9.0939178 1.0225288 0.95953232 0
-8.999383 1.0424886 0.93551487 0
-8.6636038 1.1795956 0.96476215 0
-8.4792776 1.1088363 0.85759956 0
-8.356143 1.068838 0.80109674 0
-2.0607483 1.1698401 0.80351579 0
-1.9229445 1.1122309 0.80142987 0
-0.79221725 1.0079989 0.95158458 0
0.087840557 1.0911851 0.80113816 0
0.90462708 1.001815 0.94789785 0
-1.8110466 1.3677436 0.81115007 0
-0.66275978 1.2499678 0.98185885 0
0.1917963 1.2872167 0.82870877 0
8.5347967 1.3280164 0.83094716 0
8.6219788 1.3135304 0.8189106 0
-8.4118195 1.5426676 0.86372495 0
-2.0571299 1.4912879 0.80829871 0
-1.857358 1.5334774 0.81395322 0
8.3392677 1.4006441 0.85700798 0
-8.3496685 1.732141 0.99610311 0
-7.8250484 1.6739545 0.92604625 0
-1.8315609 1.6878381 0.80855942 0
-0.15040207 1.6307377 0.88781261 0
0.30947375 1.7496048 0.91065216 0
1.1720786 1.7208302 0.8372519 0
8.3922005 1.6624041 0.85332334 0
-2.0804272 1.9215345 0.80364692 0
-1.9184359 1.9347223 0.81173491 0
-2.6528916 2.0292094 0.91467786 0
-0.0070407391 2.1394405 0.97898281 0
-1.8536751 2.2625422 0.80855417 0
0.30993223 2.3457742 0.93989658 0
8.4502249 2.2405496 0.85485232 0
-2.0976028 2.497128 0.80539584 0
-1.8795985 2.4569991 0.80466294 0
8.4834661 2.459959 0.85163087 0
-2.0625515 2.6211615 0.91566706 0
-1.8840129 2.6865721 0.80369163 0
8.5242424 2.7767484 0.85753775 0
8.5668802 3.2469208 0.84977752 0
6.6051989 3.5956235 0.80532777 0
1.4760108 3.6167374 0.86326277 0
14.838666 3.6188583 0.88304782 0
8.6662436 4.0546188 0.84162068 0
5.9588294 4.3543849 0.9108662 0
6.0181408 4.2639227 0.80941266 0
5.8632131 4.4982386 0.93974388 0
6.0143433 4.4102955 0.98557216 0
8.700325 4.440053 0.82728547 0
3.8882415 4.7289162 0.81974208 0
4.0440712 4.7988353 0.88190061 0
9.5908527 4.7176046 0.90212405 0
3.887476 4.8634953 0.90382588 0
4.1043129 4.8621321 0.90264523 0
4.5039635 4.9238358 0.87344402 0
6.0739174 4.9896293 0.81872845 0
-8.0877333 5.1924715 0.92707598 0
-2.0393476 5.1994534 0.82403445 0
-2.0240757 5.2645555 0.9116497 0
-1.9967771 5.2755485 0.9373138 0
-1.6566391 5.3336687 0.84152293 0
3.4098382 5.2103281 0.80097497 0
8.8021975 5.3835654 0.82546264 0
-2.1260428 5.4566603 0.81350696 0
-1.8553383 5.5423741 0.91285038 0
-1.683561 5.5393066 0.94237447 0
3.3669283 5.5789509 0.85558152 0
3.5212259 5.5718851 0.80214787 0
5.1572156 5.5533361 0.86400849 0
3.3608003 5.6499457 0.87394655 0
3.4469295 5.6564388 0.93104321 0
3.6476943 5.6648593 0.96699935 0
5.5600052 5.7818546 0.82452905 0
6.1279888 5.6457405 0.90794754 0
4.9571414 5.9401512 0.86868292 0
5.0057354 5.9770498 0.83618581 0
5.5772152 5.8019733 0.83956635 0
5.6250095 5.838356 0.88970357 0
4.970634 6.0036602 0.83781016 0
4.5844388 6.4394965 0.87314415 0
-1.5226259 7.0170279 0.92929536 0
3.8460803 7.5981445 0.94624221 0
3.7868221 7.6700006 0.86711752 0
3.8777122 7.6240158 0.91902733 0
-35.792664 -37.815598 1.177702 0
-35.422951 -37.744225 1.1092358 0
-35.191734 -36.117615 1.0459385 0
-36.503551 -33.430061 1.125213 0
-33.01321 -33.044014 1.0941315 0
-32.709263 -31.4823 1.1888552 0
-32.675766 -30.907545 1.172863 0
-33.143612 -30.086439 1.1426085 0
-32.428089 -30.191378 1.145272 0
-11.792364 -29.522198 1.1572199 0
-29.724571 -29.074722 1.0910428 0
-21.614731 -29.030293 1.1200027 0
-28.244932 -27.475765 1.1097789 0
3.578403 -10.159543 1.0874913 0
-4.0323896 -9.2172241 1.1534362 0
-12.057304 -7.881043 1.1170353 0
-11.981347 -7.9421263 1.0569875 0
-5.2137127 -7.8382583 1.0360789 0
-5.1401634 -7.9015732 1.002377 0
-1.7437906 -7.8869123 1.0726386 0
1.4830971 -7.8458815 1.0193797 0
2.0482941 -7.9210081 1.1811435 0
2.4727554 -7.9991331 1.1202236 0
-12.133339 -7.6922779 1.1444784 0
-8.5854788 -7.6286082 1.0381963 0
-5.2173681 -7.7389126 1.0903789 0
-4.0593319 -7.7060895 1.1871555 0
-3.9871521 -7.7838936 1.0517795 0
-1.9598045 -7.709794 1.0221785 0
-7.3498888 -7.2018723 1.00188 0
-12.446466 -7.0826006 1.104946 0
-8.994606 -7.068615 1.0313604 0
-7.3581982 -7.1522346 1.1021491 0
-5.9097075 -7.0699492 1.0033374 0
6.980196 -7.0897093 1.1585394 0
7.53265 -7.0427136 1.0984653 0
-12.643276 -6.6978579 1.0428904 0
-5.2614899 -6.7477217 1.0910826 0
-3.3824291 -6.6290154 1.0001968 0
-12.704731 -6.5766153 1.1946111 0
-6.3382759 -6.595993 1.1642092 0
-9.4310389 -6.2807426 1.0300584 0
-12.869404 -5.8222136 1.0017544 0
-10.122745 -5.4668341 1.1326431 0
-6.418973 -5.5700417 1.0884342 0
-11.426153 -5.2644076 1.1108272 0
-7.5132346 -5.2581015 1.1615213 0
-4.8979855 -4.8682284 1.0983369 0
-11.765662 -4.5024452 1.1045461 0
-10.455322 -4.4629693 1.1103084 0
-7.9231424 -4.4491873 1.0625186 0
-11.767525 -4.2879934 1.1918025 0
-4.8538866 -4.228713 1.0592787 0
-10.053361 -4.08393 1.101963 0
-8.9581718 -3.7123413 1.1249022 0
-4.6865778 -3.6619961 1.1537068 0
-1.968838 -3.790988 1.0038686 0
-9.8713226 -3.5065515 1.1423264 0
-8.237977 -3.4509873 1.0635509 0
-8.0706511 -3.4791529 1.1702511 0
-9.7509918 -3.3896716 1.1014972 0
-6.7980881 -3.3939669 1.0274837 0
-4.4620943 -3.1964324 1.1591165 0
-8.2459927 -2.8222766 1.1584817 0
-6.9269886 -2.9486351 1.0795884 0
0.34218919 -2.8158677 1.1238042 0
-8.1362686 -2.7074633 1.1572033 0
-7.078186 -2.7154481 1.0778379 0
-4.1855989 -2.7787309 1.1693711 0
-9.4895344 -2.441175 1.1505072 0
-6.742475 -2.5879762 1.0677139 0
-0.89385271 -2.454989 1.0609908 0
-0.36884737 -2.5775208 1.1633708 0
-9.2206192 -2.3139207 1.0406097 0
-8.1419001 -2.2339122 1.0977358 0
-7.1441216 -2.2315762 1.0688225 0
-3.4595132 -2.3202639 1.0998267 0
-9.6947603 -2.1361103 1.1516042 0
-7.4550991 -2.0622802 1.1387382 0
-7.0984592 -2.1062186 1.0973477 0
-6.4691019 -2.0961406 1.1041971 0
-4.9995213 -2.0130045 1.0947729 0
-2.7999024 -2.1382136 1.1798644 0
-2.0147099 -2.0115709 1.0083966 0
-7.9598389 -1.8649132 1.1835936 0
-5.5045357 -1.8802409 1.0877694 0
-9.1487026 -1.6971416 1.1381127 0
-8.976738 -1.7097387 1.0052105 0
-5.4068151 -1.7914262 1.0880373 0
-9.6753292 -1.5581357 1.1672244 0
-8.329875 -1.4824946 1.1212809 0
-2.891088 -1.5409417 1.0758691 0
-1.8217715 -1.4170748 1.0458026 0
-1.7605245 -1.4484606 1.096141 0
-8.8719149 -1.3264818 1.149807 0
-8.6818285 -1.2724998 1.0267661 0
-7.6931973 -1.2382298 1.1121647 0
-3.8386929 -1.3278236 1.0599275 0
-3.5195456 -1.3646393 1.1607161 0
-2.1553838 -1.3547593 1.0024521 0
-1.8294069 -1.3654603 1.0411587 0
-1.418306 -1.372987 1.191118 0
0.91037649 -1.3800807 1.1951255 0
-8.4020443 -1.0902094 1.0246351 0
-8.3856487 -1.1121839 1.1735491 0
-7.0009079 -1.1155549 1.0694913 0
-3.4867992 -1.1888931 1.1860812 0
-4.6966591 -0.88009691 1.1582805 0
-8.7514744 -0.69277525 1.1274749 0
-7.806016 -0.7145561 1.1285181 0
-7.6290145 -0.77339792 1.1324505 0
-3.8736503 -0.71921301 1.0009922 0
-3.3753195 -0.68782663 1.1181892 0
-3.9320006 -0.46792555 1.1535814 0
-3.7808623 -0.41304898 1.1448818 0
-2.5038786 -0.49020219 1.1152972 0
-9.616622 -0.231359 1.0423876 0
-3.954195 -0.25415778 1.124543 0
-3.8221998 -0.18080425 1.1162835 0
-3.0804968 -0.018337965 1.023833 0
1.1483278 -0.14287841 1.0211514 0
-2.7885623 0.16216826 1.0110664 0
-2.8822482 0.28908819 1.1304355 0
-2.6721683 0.39138877 1.038469 0
0.92853832 0.39230758 1.1911132 0
1.1102961 0.20936024 1.0846148 0
17.15546 0.33114707 1.1528597 0
-2.3263998 0.48837316 1.026335 0
0.88039756 0.44036335 1.0381423 0
-2.2600269 0.67580056 1.0582905 0
-1.1680708 0.69104266 1.067022 0
1.3339815 0.68875539 1.1141443 0
-0.72342157 0.97085857 1.1895976 0
0.94557166 0.95101452 1.1513141 0
1.0954237 0.99464977 1.0241199 0
1.4763198 0.84119654 1.1062022 0
-9.2763777 1.1314356 1.1416553 0
-9.152132 1.0651788 1.0074069 0
-8.7913418 1.1880739 1.0255591 0
0.17914534 1.0418394 1.0309414 0
0.25201988 1.197891 1.0551887 0
-9.3003178 1.2269999 1.1932844 0
-8.8640099 1.2482334 1.0359668 0
-8.9164162 1.4526405 1.1455833 0
-2.9071412 1.4748213 1.0156914 0
-0.095972776 1.5830128 1.0306464 0
0.33977938 1.7189142 1.0371542 0
1.180217 1.7844656 1.099154 0
-8.2355528 1.8315902 1.1965123 0
-7.261724 1.94138 1.0091569 0
-2.1129794 1.8368626 1.1629883 0
0.016560316 2.1016121 1.1354446 0
0.13813543 2.2076454 1.0624361 0
0.20209146 2.2040043 1.1856118 0
-2.1130085 2.537292 1.0668385 0
-1.1151948 2.401227 1.1974419 0
0.21346402 2.5640192 1.0125546 0
0.28600407 2.6844504 1.0257614 0
-1.7593536 2.9459209 1.1397427 0
-0.38334179 2.8629959 1.1640373 0
-2.0496483 3.0685911 1.1169504 0
-1.1234684 3.1423652 1.1359682 0
0.56851482 3.6562543 1.0107453 0
5.7681079 4.2729053 1.0441076 0
-8.8357468 4.5779119 1.1696955 0
5.798871 4.5913758 1.1153419 0
5.849432 4.5184574 1.0666788 0
5.7739315 4.6179247 1.1435186 0
5.8170967 4.7268414 1.1715057 0
-8.2980165 4.9373512 1.1001401 0
-8.1827126 4.9875326 1.0311421 0
4.0326052 4.9482374 1.0991361 0
4.2680173 4.9632325 1.1251603 0
4.4723454 4.806263 1.0281793 0
-8.1941156 5.0084968 1.0490956 0
3.4020905 5.1793814 1.1618323 0
4.2544012 5.0243444 1.1047382 0
-1.8094698 5.4895616 1.1433239 0
-1.7410386 5.5418396 1.1475257 0
5.1664886 5.5493479 1.095507 0
5.2203922 5.574183 1.1176142 0
-1.6907134 5.6116624 1.1025976 0
3.5309308 5.7145185 1.1005638 0
3.7044926 5.7354937 1.134546 0
3.8697186 5.7345591 1.1439736 0
4.0462027 5.7183933 1.0594025 0
4.2823057 5.7723694 1.0642143 0
5.0214405 5.7728858 1.1137465 0
3.578825 5.8017726 1.1750857 0
4.9837103 5.8294458 1.067241 0
5.0051937 5.8022599 1.0097483 0
5.7550926 5.9581814 1.0999537 0
5.8116598 5.9479809 1.0918849 0
5.8165941 6.0168419 1.1753293 0
4.653666 6.3878646 1.0811684 0
11.842052 6.2270641 1.0365021 0
4.5874109 6.4606886 1.1432734 0
4.8528795 6.5208354 1.1857092 0
-4.6359396 6.9211965 1.1128681 0
3.9038174 7.497304 1.1268296 0
4.1298327 7.4054608 1.1874094 0
-39.879089 -37.942787 1.3111086 0
-40.854427 -37.683815 1.246768 0
-40.732162 -37.430729 1.3167334 0
-37.432274 -36.908485 1.3897948 0
-38.401497 -36.657204 1.2776299 0
-38.270874 -36.41317 1.3312182 0
-36.443748 -33.518143 1.3448409 0
-32.669155 -31.541771 1.335485 0
-32.635822 -30.985252 1.3678225 0
-33.243591 -30.212727 1.3899539 0
-33.253658 -30.161503 1.2625635 0
-33.285229 -29.579769 1.3842525 0
-17.26366 -29.488693 1.3624303 0
-29.828089 -28.955128 1.3638697 0
-29.722103 -28.96051 1.3114209 0
-29.093981 -27.62706 1.3238769 0
-28.286097 -27.366695 1.3018205 0
3.5563076 -10.111726 1.3056102 0
-1.8155627 -9.2243185 1.3391742 0
-5.5148973 -9.1367893 1.2705073 0
-1.8478545 -9.1633282 1.2410197 0
2.983243 -8.014369 1.2958686 0
3.137794 -8.1063614 1.371716 0
-12.206045 -7.861598 1.2871603 0
-5.5040288 -7.8104134 1.3425708 0
-5.3608532 -7.8404808 1.3363991 0
-1.9225005 -7.8124361 1.2859912 0
-12.229018 -7.7474356 1.3688108 0
-12.159966 -7.7255468 1.2560467 0
-5.2476172 -7.6689095 1.260162 0
-3.9773905 -7.7460365 1.2306656 0
-1.8775977 -7.7616949 1.2553501 0
-12.281313 -7.4916687 1.3585854 0
-6.4430504 -7.4443636 1.296448 0
-6.2217894 -7.507782 1.2902857 0
-6.1831341 -7.4344263 1.2018695 0
-7.2369323 -7.3127022 1.3174553 0
-7.0629282 -7.3832893 1.3391026 0
7.1208954 -7.234076 1.2836022 0
-9.0375843 -7.0439739 1.2272987 0
-7.3280821 -7.1204314 1.2373617 0
6.1283321 -7.1859894 1.3391378 0
-12.54616 -6.9669881 1.2753589 0
-6.3104143 -6.6130533 1.3058203 0
-12.80726 -6.4988923 1.353626 0
-9.4630623 -6.2516079 1.2267629 0
-5.5867591 -6.1367941 1.366327 0
-6.9375129 -5.8764353 1.2059581 0
-5.0455823 -5.8867741 1.2325742 0
-12.96906 -5.7075729 1.201728 0
-12.977712 -5.5677977 1.3303432 0
-10.093609 -5.4855576 1.3268588 0
-7.490818 -5.2751245 1.303805 0
-13.639553 -5.1278753 1.2826827 0
-6.8257146 -4.8471541 1.2118602 0
-4.8266768 -4.9256434 1.3472841 0
-10.537255 -4.4837818 1.2937952 0
-7.9255438 -4.4546218 1.2804072 0
-10.787906 -4.2510734 1.2245524 0
-4.7794514 -4.2911601 1.3055773 0
17.744162 -4.3411555 1.2080939 0
-11.635958 -3.8819227 1.2174379 0
-10.418398 -3.9055381 1.3712229 0
-10.331095 -3.8750074 1.2843494 0
-11.534063 -3.6014569 1.237072 0
-11.460718 -3.4022212 1.2514081 0
-9.8112717 -3.4544561 1.2582302 0
-9.7190771 -3.4159989 1.2058194 0
-8.0710659 -3.4886253 1.3901634 0
17.619778 -3.5610235 1.3501312 0
-11.39742 -3.3092165 1.245237 0
-8.8671865 -2.9502146 1.3135237 0
-9.0212469 -2.7654159 1.3743451 0
-8.0643482 -2.649627 1.3008633 0
-6.8523173 -2.7935083 1.2432004 0
-7.7513194 -2.5960193 1.2043371 0
-7.4018679 -2.4470491 1.2202406 0
-3.1054006 -2.5767856 1.2564121 0
-0.84860277 -2.5087337 1.3057643 0
-0.35289204 -2.5859249 1.3045795 0
-9.6021614 -2.3990903 1.2327405 0
-8.5800066 -2.374419 1.3713328 0
-8.134119 -2.3091235 1.2616256 0
-9.835577 -2.036691 1.3220553 0
-9.7687407 -2.0791109 1.2513824 0
-7.969552 -2.0161004 1.336592 0
-7.5197573 -2.0545149 1.321982 0
-7.0766935 -2.1085019 1.3339168 0
-1.9590626 -2.0755281 1.2479272 0
-7.9531765 -1.8819183 1.3328309 0
-4.8702087 -1.8649707 1.2517325 0
-9.3272657 -1.618407 1.2969128 0
-9.7903671 -1.4825734 1.3098407 0
-8.3121033 -1.5108669 1.3425982 0
-7.578547 -1.5184554 1.3336306 0
-2.862385 -1.5745959 1.2152805 0
-1.7777541 -1.4543589 1.2076759 0
-1.3920267 -1.4036908 1.3246071 0
-8.9783049 -1.1887233 1.2957038 0
-8.3646326 -1.1416373 1.3702587 0
-8.7195444 -0.70095253 1.2740023 0
-7.7681284 -0.74133337 1.2992222 0
-3.3318706 -0.78283548 1.3579026 0
-6.2972202 -0.46731341 1.2698798 0
-6.17624 -0.50225639 1.3400862 0
-3.8879685 -0.43343806 1.3167307 0
-3.7590694 -0.46140909 1.2311757 0
-2.4550493 -0.55791569 1.3067446 0
-9.9162359 -0.26090384 1.2756823 0
-8.5414772 -0.26942694 1.3916905 0
-3.8428984 -0.20278263 1.259231 0
-3.6482077 -0.24809551 1.3502334 0
-3.06738 -0.26661336 1.2347282 0
-7.7017169 -0.05839169 1.3207179 0
-4.0353298 -0.056638241 1.2874968 0
-3.0118456 -0.098163962 1.2589417 0
-9.5522881 0.12857389 1.2649916 0
-5.0167289 0.080485106 1.3427768 0
-4.8780355 0.17676616 1.3383868 0
-1.7840347 0.012787163 1.3013458 0
-3.7904241 0.33228719 1.3864167 0
-2.947782 0.28156739 1.293293 0
-2.7337184 0.25785941 1.2471468 0
0.98246688 0.34509993 1.3353219 0
-2.2468438 0.44703496 1.2647204 0
-2.1947827 0.5873512 1.2883811 0
0.26285648 0.99523211 1.2656413 0
-0.61413813 1.1676319 1.2144523 0
0.9420085 1.0942978 1.2519011 0
-9.4957914 1.2011838 1.2729673 0
-9.2772818 1.2560732 1.207432 0
-0.074309349 1.5426848 1.2404618 0
-8.8801937 1.6391749 1.2531155 0
0.37869573 1.677632 1.2060242 0
0.40052247 1.6323047 1.3768532 0
1.2157657 1.7426833 1.2672729 0
0.049971938 2.0514874 1.3419161 0
0.23039269 2.1439641 1.3991421 0
-1.0775461 2.3618243 1.3474697 0
-2.0481086 2.6193211 1.3601894 0
0.2999146 2.7547965 1.2275407 0
-9.4769096 2.851522 1.3255037 0
-0.97378647 2.8972106 1.3459738 0
-0.55054832 2.8034015 1.303084 0
0.43888259 3.0063429 1.3153738 0
-0.67417312 3.451169 1.3364345 0
-0.52144957 3.4098375 1.3242843 0
-9.3804226 4.472837 1.3986648 0
5.8717256 4.5775328 1.235921 0
4.4959221 4.7489257 1.3702133 0
5.1529531 4.6972175 1.2259374 0
5.7378769 4.6928434 1.2784636 0
5.8789854 4.6547866 1.2937222 0
4.1462975 4.9711204 1.2278718 0
4.2908254 4.9809165 1.2888391 0
6.0398779 4.9859276 1.2849864 0
7.0647926 4.9665179 1.2844926 0
1.748785 5.0234032 1.2496902 0
3.2738464 5.0985413 1.2547162 0
4.1242967 5.0407424 1.2575121 0
4.3414688 5.0239968 1.3335279 0
4.4228692 5.081223 1.3602561 0
2.3998075 5.2034073 1.2993253 0
-1.757489 5.5371971 1.2003671 0
5.1554084 5.5544538 1.3530049 0
5.2286711 5.5837908 1.2563474 0
3.5918198 5.7878933 1.2010903 0
3.6605792 5.7564325 1.2524849 0
3.8237934 5.7630348 1.2558197 0
5.0962453 5.6538811 1.3033881 0
5.3977375 5.7501678 1.3700202 0
6.1401186 5.6417489 1.2387363 0
3.6569757 5.8374081 1.3077534 0
3.8678639 5.8056059 1.2564161 0
4.9909124 5.9776168 1.3921041 0
5.4031963 5.8010969 1.3924762 0
5.6374922 5.9278431 1.3903103 0
5.7934108 6.0638809 1.3863633 0
5.8403192 6.0676913 1.2250642 0
6.0878892 6.1192131 1.2319014 0
4.852169 6.207202 1.3882928 0
4.5634928 6.44872 1.3576037 0
4.8123989 6.5100799 1.2259204 0
3.992461 7.3543596 1.3180439 0
4.0509739 7.3119731 1.3430954 0
-1.1792068 7.4743142 1.2477093 0
3.957854 7.4365602 1.2208886 0
-11.248322 8.9215307 1.3373252 0
-10.917793 9.4235926 1.2263298 0
-38.328201 -38.942806 1.5456676 0
-41.715523 -36.275852 1.4453506 0
-37.654938 -34.549526 1.5346823 0
-38.300747 -33.839355 1.409469 0
-37.998215 -33.819946 1.4810508 0
-38.163273 -33.738049 1.4135305 0
-36.389893 -33.508812 1.4872923 0
-35.209229 -33.511093 1.5189595 0
-33.182838 -30.273254 1.5477201 0
-33.397636 -29.696083 1.490254 0
-33.403862 -29.392738 1.4951911 0
-33.001766 -29.064863 1.5752857 0
-31.538429 -28.658405 1.4181223 0
-11.709734 -28.514763 1.5339212 0
3.590986 -10.150876 1.4171103 0
3.6102691 -10.131832 1.4532552 0
-12.441406 -7.4242435 1.5956045 0
-12.32136 -7.5326724 1.5000499 0
5.0699539 -7.5484219 1.4951738 0
-12.463976 -7.2949562 1.5753632 0
6.1123562 -7.3301363 1.597559 0
6.3175135 -7.3792639 1.588695 0
-12.617566 -6.816433 1.4418516 0
-12.862677 -6.3729153 1.5073841 0
-9.4946299 -6.2407579 1.4248195 0
-13.091021 -5.5339441 1.4713628 0
-10.110508 -5.4516559 1.5254045 0
-13.09029 -5.3927498 1.5955909 0
-7.5289812 -5.2616863 1.517746 0
-11.720697 -5.1580372 1.4806218 0
-13.613848 -4.8337517 1.5846856 0
-13.45786 -4.8091602 1.444136 0
-10.508532 -4.5137701 1.435002 0
-7.8395481 -4.519906 1.4835038 0
-10.678887 -3.8385258 1.5512093 0
-10.509037 -3.9281044 1.4268104 0
-10.642036 -3.7087872 1.5446481 0
-10.580962 -3.7499757 1.5214406 0
-4.6382971 -3.708092 1.4049215 0
-12.05604 -3.3874068 1.5703169 0
-10.656384 -3.335732 1.4952863 0
-10.510777 -3.2804778 1.4513648 0
-6.8021073 -3.2874315 1.4619324 0
-4.4066772 -3.252351 1.4054568 0
-4.1312551 -2.8388338 1.4131001 0
-7.975863 -2.7243714 1.4156848 0
-10.009462 -2.299768 1.5352736 0
-9.8841639 -2.3382232 1.4575955 0
-9.7735891 -2.3048577 1.5176077 0
-7.5239081 -2.0466864 1.4966478 0
-2.7612858 -2.1761851 1.4285738 0
-1.8764243 -2.092144 1.4924445 0
-0.67098689 -2.0138292 1.4856361 0
-10.067091 -1.9299086 1.5523745 0
-9.9447403 -1.9770211 1.4345622 0
-8.253726 -1.8197894 1.4044811 0
-7.7592974 -1.9832147 1.5206134 0
-9.9125729 -1.4275358 1.4476901 0
-7.7294116 -1.5110905 1.4028033 0
-7.2288704 -1.4457016 1.5528979 0
-2.8399231 -1.5518312 1.4627023 0
-1.3479095 -1.4597538 1.5267184 0
-9.9959698 -1.3695066 1.5501158 0
-7.6351309 -1.2664926 1.5115495 0
-7.4193239 -1.2236948 1.5859015 0
-3.4704776 -1.2810862 1.4323614 0
-9.2821951 -1.084538 1.5862825 0
-9.1287222 -1.1405418 1.4369915 0
-8.3252087 -1.158911 1.5671585 0
-8.1019478 -1.1671979 1.4617347 0
-7.9133649 -0.84649539 1.5279819 0
-7.2810092 -0.93103981 1.4352329 0
-7.0797892 -0.89340854 1.548098 0
17.283297 -0.86747098 1.503063 0
-9.8059902 -0.65073097 1.571797 0
-8.6908464 -0.73237324 1.4685888 0
-7.7240725 -0.77909583 1.5277793 0
-2.4133987 -0.60772896 1.5049957 0
-6.0528922 -0.49809813 1.4612863 0
-3.8213868 -0.42518973 1.5117693 0
-10.188057 -0.31821775 1.5136031 0
-8.5164967 -0.29539156 1.5374854 0
-7.566844 -0.31890804 1.4309752 0
-3.6574392 -0.23160648 1.4984726 0
-2.9861188 -0.29846501 1.4791715 0
-6.0069056 -0.18413424 1.5003306 0
-9.8531151 0.14522457 1.5063074 0
-8.8287506 0.16944218 1.5180833 0
-7.6690745 0.10266715 1.5008061 0
-4.7248583 0.13113499 1.581575 0
-4.9300804 0.37353301 1.5262716 0
-4.7373104 0.36648703 1.5711031 0
-7.0969925 0.41988134 1.4062735 0
-4.7707481 0.40989327 1.4860888 0
-2.1563115 0.40217876 1.503144 0
-3.4844985 0.66603351 1.4064975 0
-9.8351746 0.85783052 1.4869344 0
-7.1477604 0.99831247 1.5256889 0
-3.2854562 0.89053965 1.4189059 0
-0.65375185 0.9595623 1.4342592 0
-3.923099 1.0594231 1.5206754 0
-3.7671611 1.1041226 1.5223684 0
-3.1268189 1.0692148 1.4294977 0
-0.57173443 1.0872719 1.4495213 0
-9.4497299 1.3077111 1.4040523 0
-2.9196794 1.256999 1.5000423 0
0.84737539 1.239343 1.492582 0
-9.4401083 1.5709405 1.5253505 0
-0.031858683 1.4923987 1.4432735 0
0.0033540726 1.4534657 1.5969901 0
0.44681668 1.5915065 1.5492104 0
16.268208 1.4946193 1.5124084 0
-2.6297445 1.7971784 1.4541205 0
-8.6629133 2.0345902 1.4904892 0
0.090599298 2.001014 1.5470597 0
0.27450705 2.1198282 1.5273852 0
-1.0475922 2.3140407 1.5526749 0
-4.7867231 2.4870377 1.5636799 0
-0.4977572 2.7530355 1.5143713 0
-1.2347531 2.9540603 1.409353 0
-0.94454408 2.8588793 1.4999554 0
0.32013893 2.821804 1.487602 0
0.053633213 3.1227083 1.433589 0
0.25985074 3.0918944 1.5464398 0
-2.2195005 3.208132 1.5728246 0
-0.67266655 3.278101 1.5155673 0
-1.5467072 3.4778507 1.4804797 0
-0.65653396 3.5096729 1.5349319 0
-1.7548709 3.7738588 1.5737503 0
-0.63656473 3.6297791 1.4032531 0
-10.019344 4.2691388 1.5128982 0
-9.9458628 4.2298884 1.5106281 0
-9.727128 4.334908 1.4624457 0
-9.5982094 4.3905673 1.4484277 0
-9.4600782 4.4628034 1.4089333 0
5.7078438 4.7451186 1.4854985 0
0.5775032 4.8553224 1.512699 0
5.576582 4.9336481 1.5480254 0
5.6656046 4.8632698 1.5046313 0
5.8114371 4.8206425 1.5038093 0
3.3116069 5.1352296 1.52816 0
4.3440685 5.1047735 1.5157856 0
4.4846802 5.113986 1.5187304 0
4.6023092 5.1935945 1.5989451 0
5.1423564 5.5890412 1.5747095 0
5.2586794 5.5738187 1.4503869 0
3.8952398 5.7984924 1.4616911 0
4.9840918 5.607862 1.4374554 0
5.134572 5.6092463 1.5501474 0
5.3150854 5.6311278 1.5383198 0
5.485878 5.7328219 1.5089015 0
5.6255827 5.7975893 1.4898614 0
6.8101025 5.7947817 1.5093578 0
3.7841587 5.8981471 1.4480213 0
3.8689795 5.9122605 1.5182701 0
5.6422839 5.9764986 1.4035472 0
5.9136848 5.9743614 1.4752579 0
4.9364996 6.1113715 1.4016125 0
5.9107752 6.0073991 1.4987984 0
6.0201073 6.0548902 1.4602336 0
4.5947075 6.3550644 1.4433149 0
4.6164875 6.3761268 1.5197662 0
4.5484681 6.4459977 1.4292233 0
5.5030127 6.8798475 1.4624504 0
4.1357937 7.1692848 1.5964649 0
4.0697613 7.2610106 1.4767274 0
0.85751629 8.47015 1.5715349 0
-35.893829 -37.891937 1.7267065 0
-40.766651 -37.534336 1.765902 0
-41.090675 -36.697166 1.6426754 0
-38.232689 -36.53297 1.7459989 0
-37.938011 -33.899506 1.7028182 0
-36.429459 -33.533035 1.6758643 0
-37.621811 -32.011086 1.6405129 0
-37.363159 -31.641342 1.7753156 0
-33.16663 -30.340832 1.7135334 0
-33.37933 -29.752533 1.6133156 0
-33.185177 -29.060999 1.76106 0
-29.857361 -29.029541 1.6995333 0
-30.075439 -28.868334 1.7251065 0
-28.471527 -27.209385 1.6921688 0
3.5542614 -10.013124 1.7198647 0
3.6170895 -10.10185 1.7101605 0
3.0309811 -8.0640211 1.698747 0
3.2265158 -8.1141882 1.767639 0
5.1733322 -7.6426721 1.7699512 0
-12.462812 -7.3043866 1.69357 0
6.1649733 -7.3839583 1.7776085 0
6.2897153 -7.3916044 1.6583103 0
-12.710032 -6.6753273 1.618754 0
-12.929529 -6.2538824 1.6657451 0
-10.131237 -5.4443231 1.7247694 0
-13.201466 -5.3515286 1.7450577 0
-11.957229 -5.2640762 1.7028215 0
-13.494993 -4.5889716 1.7179024 0
-10.471509 -4.544354 1.6258323 0
-7.8639512 -4.5152664 1.7023697 0
-6.149487 -4.3173141 1.7197604 0
-5.4476781 -3.9289341 1.6567748 0
-10.84937 -3.7541394 1.6824992 0
-4.6407433 -3.673599 1.6709348 0
-8.0745029 -3.4945414 1.6059818 0
-7.9600859 -3.5893309 1.7308105 0
-12.089458 -3.2881975 1.6012492 0
-10.637282 -3.355731 1.7737924 0
-4.310163 -3.2768404 1.6529664 0
-11.923469 -2.8756852 1.6366799 0
-4.0519938 -2.8511844 1.6622539 0
-11.799172 -2.6005104 1.6605266 0
-7.9353509 -2.7571955 1.6246125 0
-11.973469 -2.4704804 1.6138425 0
-11.733122 -2.4240825 1.6723368 0
-10.480691 -2.4556551 1.7042876 0
-10.364137 -2.4488456 1.7517097 0
17.68865 -2.5216289 1.6357251 0
-11.645602 -2.2895958 1.6808014 0
-3.5024304 -2.2534456 1.6108319 0
-2.722456 -2.2144165 1.6774263 0
-1.0797224 -2.2756505 1.6042632 0
-7.7046595 -2.0320351 1.7984186 0
-9.7190037 -1.5338283 1.687519 0
-9.5967951 -1.4984976 1.7598953 0
-7.4338608 -1.4385185 1.6510117 0
-2.8496931 -1.5535662 1.6148062 0
-1.2581841 -1.5823774 1.7296524 0
-10.111088 -1.297807 1.6898069 0
-7.9807181 -1.374557 1.6077912 0
-7.6732745 -1.3047537 1.6655703 0
-9.452239 -1.0065742 1.7516289 0
-8.5119591 -1.1792955 1.7286544 0
-8.3095741 -1.181348 1.7158786 0
-7.6923018 -0.80788219 1.699653 0
-7.0586863 -0.91097355 1.6887081 0
-8.6752262 -0.77661598 1.6629235 0
-2.3674557 -0.6669507 1.7048726 0
-9.907774 -0.57028294 1.7225915 0
-6.0315266 -0.51149774 1.602439 0
-5.9723964 -0.56811428 1.7996423 0
-8.4686594 -0.32109487 1.7297728 0
-7.5080948 -0.3638458 1.6515336 0
-3.566803 -0.34375644 1.7464231 0
-5.8446913 -0.10854363 1.6361071 0
-5.7187104 -0.017290354 1.6301345 0
-5.5623012 -0.059681416 1.7302973 0
-3.7228723 -0.15181065 1.6631594 0
-10.142401 0.0017938614 1.7226439 0
-9.9969177 0.18647385 1.7502068 0
-8.8061943 0.13364786 1.6637146 0
-7.5566025 0.15965742 1.755322 0
-4.6818466 0.083051205 1.7775006 0
-7.3280253 0.39508736 1.6558017 0
-5.7720194 0.23440158 1.7956275 0
-4.875 0.38030982 1.6551294 0
-10.084753 0.43598747 1.6693275 0
-6.0988145 0.5489502 1.7321863 0
-5.9609852 0.59878683 1.7234347 0
0.80270165 0.55712676 1.7092819 0
-8.3339157 0.69551879 1.796541 0
-4.4495125 0.79473996 1.6647177 0
-7.4659081 0.84230465 1.6705322 0
-7.3203297 0.91563725 1.7485387 0
-0.56530714 0.91466737 1.6715612 0
-9.7865696 1.0355453 1.629529 0
-7.003211 1.1364702 1.7209404 0
-4.9236164 1.0896773 1.7200487 0
-9.7807684 1.258141 1.7417183 0
-5.1421604 1.2975799 1.7236366 0
-4.9916258 1.3499453 1.7096061 0
0.81116319 1.3740638 1.6749089 0
-7.167716 1.5675792 1.7586172 0
1.2960222 1.6423335 1.6678756 0
-2.4932261 1.817345 1.7300196 0
-9.1380482 2.1872282 1.7999549 0
0.28824425 2.0674992 1.6993339 0
-2.1794157 2.2552648 1.611007 0
-1.0013433 2.2622817 1.7545016 0
-4.9045682 2.4909503 1.7299737 0
-1.7128134 2.5945811 1.6350421 0
16.298048 2.5355294 1.7833556 0
-2.3262155 2.6610737 1.6285894 0
-0.44088125 2.6907666 1.7702346 0
0.35720134 2.7806895 1.6559875 0
-1.09622 2.9200921 1.6663682 0
-0.91153789 2.8204591 1.6526227 0
-4.7313929 3.0396171 1.6929288 0
-3.4309697 3.0580273 1.6922865 0
-3.3468609 3.0095034 1.7696362 0
-2.2062669 3.1691954 1.7314838 0
0.18675756 3.174818 1.6955117 0
-0.60326672 3.2201474 1.7925795 0
-10.695709 3.5842648 1.7944114 0
-1.4839067 3.5653267 1.6822109 0
-0.67041326 3.5970671 1.7455062 0
-1.9252772 3.7824793 1.7548354 0
-10.968502 3.8722112 1.7931046 0
-10.644698 3.9274323 1.6951356 0
-10.583584 3.9328718 1.6802282 0
-10.822021 4.0369473 1.7192194 0
-10.530401 4.0364714 1.6421089 0
-1.6364405 4.0750513 1.7713841 0
-0.41248655 4.0638919 1.7037352 0
-1.693783 4.3192916 1.7422808 0
9.0567322 4.5056701 1.667258 0
5.5690813 4.9456096 1.7382923 0
5.6462002 4.8095884 1.6005079 0
2.4385257 5.1499691 1.6407311 0
4.479918 5.1760364 1.6829726 0
5.4751782 5.0888147 1.7597098 0
4.4467926 5.2461786 1.7171757 0
4.6750526 5.236352 1.7276013 0
6.430398 5.3795896 1.6588529 0
5.1598439 5.5670476 1.632826 0
6.4581203 5.4561234 1.7168888 0
5.1257586 5.6153069 1.6395701 0
5.3740311 5.6675997 1.6358314 0
5.4344926 5.7179618 1.701969 0
3.9235826 5.9595633 1.6540084 0
4.1203575 5.9891615 1.6595669 0
2.4621544 6.1140709 1.6153047 0
3.9868155 6.0462728 1.7607145 0
4.0163727 6.0497398 1.780827 0
4.2248278 6.0220985 1.796815 0
4.8140602 6.0928822 1.7812835 0
5.8232112 6.3675175 1.7485617 0
5.7954273 6.4099932 1.7370038 0
6.7706027 6.5970535 1.6204278 0
5.1621857 6.7668152 1.7650336 0
4.3438606 6.9963288 1.726149 0
4.1594257 7.1046481 1.7199858 0
4.2219834 7.0184746 1.7396621 0
-0.30791283 7.7005315 1.659732 0
-42.634346 -35.484108 1.8881142 0
-37.529007 -34.670696 1.9444098 0
-37.853218 -34.019527 1.9805698 0
-37.062069 -31.318237 1.8217212 0
-36.850437 -31.092152 1.8546689 0
-36.684216 -30.915035 1.8811864 0
-36.555115 -30.768494 1.9017253 0
-33.123043 -30.406761 1.8760784 0
-21.026333 -30.532862 1.8011477 0
-32.289616 -30.350111 1.8983071 0
-33.307091 -29.859764 1.8733187 0
-33.140522 -28.939592 1.9152774 0
-30.176102 -26.835884 1.8921604 0
3.6447911 -10.058929 1.8411754 0
3.5721309 -9.6242094 1.9586452 0
3.5296135 -9.5185795 1.9539388 0
3.3713717 -9.0845337 1.9601682 0
3.2448723 -8.447897 1.8845724 0
3.635587 -7.9971266 1.8833616 0
3.9469707 -7.9835835 1.920035 0
5.2749043 -7.6185408 1.8176261 0
5.7541413 -7.515882 1.8566303 0
6.0591826 -7.4227729 1.8173336 0
-12.555466 -7.2852612 1.8098469 0
6.1151848 -7.387073 1.822552 0
-12.613077 -7.124979 1.9399213 0
-12.523039 -7.1964836 1.8063668 0
-12.805328 -6.5327158 1.8032284 0
-12.952203 -6.096324 1.8138684 0
-13.054781 -5.9937601 1.9908323 0
-13.198324 -5.1999674 1.8679588 0
-13.651965 -4.6055822 1.8672159 0
-10.483303 -4.5387483 1.8262727 0
-7.9564133 -4.4669733 1.916627 0
-6.7907629 -4.0547476 1.9601413 0
-13.679592 -3.5756602 1.9283234 0
-8.1070633 -3.4848228 1.8924475 0
-10.601303 -3.3819957 1.9674489 0
-7.8577309 -2.8292079 1.8999093 0
-10.530065 -2.4685161 1.8889573 0
-2.6398716 -2.2269564 1.9249077 0
-12.099746 -2.122402 1.8705016 0
-12.041009 -1.8448865 1.9488049 0
-10.316288 -1.6546876 1.8883731 0
17.527098 -1.7433062 1.8705719 0
-11.846099 -1.4821181 1.9846514 0
-10.24775 -1.5993273 1.9990519 0
-10.148604 -1.5655369 1.9324229 0
-9.696229 -1.5213164 1.8187521 0
-7.3779287 -1.4995944 1.8506147 0
-10.23514 -1.2215645 1.8393281 0
-7.7035074 -1.2964416 1.8438749 0
-10.327287 -1.1303197 1.9713614 0
-9.661665 -1.0497003 1.8929557 0
-8.493721 -1.1993058 1.8140621 0
-6.9715476 -1.0038927 1.8747588 0
-9.8998308 -0.97366786 1.980553 0
-8.6586189 -0.86995113 1.8435161 0
-7.6939001 -0.84573722 1.8129929 0
-9.4854889 -0.74275756 1.9303284 0
-9.3422575 -0.65028173 1.9429133 0
-7.5686488 -0.79541695 1.9126842 0
-5.9163742 -0.61883378 1.9997058 0
-2.3273721 -0.71148491 1.9106457 0
-10.067011 -0.48671442 1.924861 0
-8.4157028 -0.48110199 1.9741883 0
-8.1021509 -0.54001021 1.892766 0
-7.4628325 -0.41483977 1.9347517 0
-3.8042748 -0.43700409 1.9577196 0
-3.7362592 -0.44294357 1.8400375 0
-3.5189137 -0.40666294 1.9454602 0
-8.4403486 -0.35854495 1.924035 0
-7.475421 -0.39412922 1.8205703 0
-9.1197252 -0.15124774 1.9798787 0
-8.9775047 -0.048351526 1.9783318 0
-5.5203056 -0.10048509 1.9322932 0
-4.600111 -0.016273499 1.9611841 0
-8.791729 0.075156093 1.8565502 0
-8.3848562 0.17640162 1.9984508 0
-7.541399 0.1249553 1.9265575 0
-7.2798991 0.35469478 1.8753614 0
-5.8538322 0.29709828 1.965432 0
-4.8102674 0.39200258 1.8510002 0
-9.5888691 0.45504731 1.9232618 0
-6.0808587 0.54996562 1.890552 0
-5.9324441 0.57014942 1.8143905 0
-10.042601 0.79757118 1.9076471 0
-8.2888069 0.66433817 1.9835438 0
-7.6154909 0.92314482 1.9935308 0
-7.4868059 0.90760833 1.8187022 0
-7.2868028 0.87242889 1.9727814 0
-7.0902281 0.90943062 1.9772506 0
-8.557703 1.1585791 1.9259419 0
-7.4587831 1.0034624 1.9826121 0
-6.9281607 1.0897919 1.8684152 0
-5.1009102 1.3002009 1.8311853 0
-4.960371 1.2991769 1.8002946 0
-8.0386829 1.4726584 1.8756833 0
-4.6830916 1.4674761 1.8137981 0
-7.1942544 1.6298233 1.9074918 0
-6.9406462 1.6266854 1.8961139 0
-6.5125313 1.604859 1.9534094 0
-6.207437 1.6331043 1.9625952 0
-6.0504131 1.7038721 1.9521697 0
-4.3714442 1.7901783 1.8282551 0
-6.0289707 2.1232638 1.8483074 0
-4.08635 2.0988321 1.8422258 0
-3.871521 2.3291819 1.8514167 0
-2.0555048 2.2338042 1.878828 0
-0.98880577 2.2289 1.9102879 0
15.319144 2.2999723 1.8342822 0
-4.8589244 2.4503801 1.882135 0
-5.9511747 2.6384799 1.9567209 0
-2.2630188 2.6055439 1.8244398 0
-1.595119 2.6198843 1.9137242 0
-0.87463164 2.7694328 1.8585168 0
-0.41402507 2.6507809 1.9448183 0
-10.88388 2.9738188 1.9928526 0
-4.7789869 2.963325 1.9922099 0
-4.2874537 2.8730936 1.9687371 0
-3.3648722 2.9911005 1.9970381 0
-1.0536218 2.8255506 1.9278482 0
-10.850855 3.0931053 1.9500271 0
-4.8032532 3.0085688 1.833603 0
-3.3838937 3.005693 1.8930353 0
-2.2398777 3.1220472 1.8943784 0
-2.1613531 3.104727 1.9868071 0
-0.57700133 3.1881502 1.9220116 0
-10.782133 3.347599 1.8628255 0
0.10301089 3.3183913 1.9249516 0
-10.688339 3.506542 1.8177366 0
-4.5530491 3.5988412 1.8965058 0
-4.0506792 3.4320009 1.861115 0
-3.3329968 3.5336432 1.8784351 0
-1.4259622 3.5084319 1.9149163 0
-0.61730182 3.558243 1.9105735 0
-11.00382 3.8155704 1.810887 0
-2.7534761 3.8642559 1.9011855 0
-1.9198074 3.8426635 1.8934488 0
-3.0092838 4.1304483 1.9049907 0
-1.5961246 4.0490165 1.8973279 0
-0.5742662 4.1652975 1.93483 0
-3.6481102 4.2839265 1.978148 0
11.072254 4.3889632 1.9459422 0
10.458795 4.4153795 1.8659365 0
5.5526319 4.975132 1.8006432 0
5.4871011 5.1120052 1.8818645 0
4.5434628 5.2989564 1.8483415 0
4.6649413 5.2863173 1.8909798 0
4.8357444 5.3469601 1.9518434 0
5.3851471 5.2481847 1.9508988 0
5.4042797 5.2265019 1.9956747 0
5.1399598 5.5908604 1.9019055 0
5.6328535 5.5159874 1.9630013 0
6.4253716 5.5531292 1.8318546 0
5.1140022 5.614254 1.8645546 0
6.3205299 5.6500959 1.9910495 0
4.1100969 5.9844246 1.8260051 0
4.1305594 6.0906873 1.9203023 0
4.2724061 6.0900092 1.9345016 0
1.5711355 6.7910299 1.8923931 0
5.1635094 6.7361932 1.8244383 0
4.2676001 6.9526806 1.8939675 0
4.2151594 7.0362196 1.8155501 0
-40.647228 -37.751488 2.114418 0
-38.2304 -36.674431 2.1581111 0
-38.216427 -34.19001 2.1714759 0
-37.800701 -34.089161 2.1730139 0
-35.216225 -33.500328 2.0110884 0
-39.337009 -31.860199 2.1059794 0
-36.523808 -31.041504 2.158134 0
-36.568962 -30.98139 2.0161076 0
-17.086088 -30.966076 2.1465039 0
-36.465073 -30.48901 2.191026 0
-32.242249 -30.3703 2.0184255 0
-33.249702 -29.949827 2.0983026 0
-33.257256 -28.904409 2.0834777 0
-12.813224 -7.1529374 2.0374141 0
-12.759724 -7.0134006 2.1272807 0
-12.806166 -6.9094582 2.1863978 0
-12.761664 -6.9096084 2.1162438 0
-13.131724 -5.8606772 2.1660347 0
-13.291853 -5.0561562 2.0865438 0
-13.714415 -4.5285692 2.0128083 0
-10.497375 -4.5194321 2.0262392 0
-13.599079 -4.310441 2.122262 0
-13.877973 -3.6412215 2.0707595 0
-8.0138617 -3.5579374 2.0260441 0
-10.56212 -3.2724252 2.1130404 0
-7.7900057 -2.8887246 2.1855545 0
-5.9119749 -2.9925926 2.0796669 0
-5.3497162 -2.6846912 2.0580385 0
-14.028864 -2.4955878 2.078054 0
-10.498743 -2.4927008 2.0340147 0
-7.7063932 -2.0337722 2.0175366 0
-5.3047819 -2.044282 2.1148005 0
-10.296449 -1.6308095 2.1095839 0
-7.3217583 -1.5606816 2.0534 0
-11.729135 -1.2551414 2.0043061 0
-11.638402 -1.0806077 2.0208979 0
-10.416418 -1.1277071 2.0474911 0
-6.9319086 -1.0437205 2.0835867 0
17.290207 -1.0305723 2.1309638 0
-9.9257612 -0.97422791 2.1502025 0
-9.7823505 -0.95032573 2.0703933 0
17.627708 -0.70145559 2.1558516 0
-10.18438 -0.41062891 2.0872018 0
-3.7702324 -0.45571494 2.0987761 0
-3.4744861 -0.46114898 2.149992 0
-10.240197 -0.37404978 2.162678 0
-9.4924984 -0.34530437 2.1075685 0
-8.4766665 -0.39443511 2.1221228 0
-7.5470757 -0.39434522 2.1195838 0
-9.099165 -0.15091443 2.0580859 0
-8.9742556 -0.088191509 2.0999494 0
-5.4767871 -0.14435744 2.1338804 0
-4.5552869 -0.066698074 2.1639788 0
-8.7642384 0.022796631 2.0451772 0
-8.4713402 0.12254798 2.0544481 0
-7.5230894 0.085399032 2.0954227 0
-7.2511368 0.32432327 2.0416994 0
-4.7523308 0.34200132 2.1067636 0
-9.7163811 0.52270633 2.0813341 0
-8.6578236 0.45916367 2.0989375 0
-8.5208511 0.52503985 2.0884471 0
-5.9994764 0.58399248 2.0906653 0
-8.2542448 0.62771899 2.1725883 0
-7.483705 0.94794565 2.0895495 0
-7.2405014 0.8433888 2.1381993 0
-7.1008382 0.92286968 2.0918255 0
-6.9873042 0.90155697 2.0609426 0
-8.5669413 1.0652598 2.1127264 0
-6.8788538 1.0437862 2.0847383 0
-9.3514099 1.2779622 2.1562488 0
16.404249 1.3382672 2.1387968 0
-7.9981852 1.4515635 2.0133061 0
-6.8691268 1.5640012 2.1930838 0
-6.4632487 1.5557573 2.1645708 0
0.54279864 1.4945427 2.0106826 0
-6.1229014 1.6370142 2.0487943 0
-8.2696524 1.9062665 2.0816593 0
-5.9047103 1.917797 2.0718014 0
-6.4893456 2.1139107 2.0663114 0
-5.9914904 2.0836794 2.0051723 0
-11.118768 2.3161416 2.1990507 0
-7.5816178 2.2061334 2.1214964 0
-6.7443323 2.2939796 2.0718753 0
-5.6853757 2.2472425 2.1527662 0
-4.7975435 2.396065 2.0855541 0
-11.071694 2.493072 2.1485548 0
-5.9135094 2.5988176 2.1152582 0
-5.3726988 2.5823338 2.1688387 0
-2.2030766 2.5498981 2.0249989 0
-2.1580775 2.507534 2.1784945 0
-11.036201 2.6101191 2.1334298 0
-10.961629 2.7564411 2.0554998 0
-6.2627602 2.7427068 2.08391 0
0.43630266 2.6926413 2.0606899 0
-10.918269 2.8798058 2.021605 0
-5.1326218 2.8153462 2.1798131 0
-4.9572444 2.9926915 2.1886499 0
-4.7220387 2.9160218 2.1996961 0
-4.2404833 2.8279252 2.1766543 0
-3.3111286 2.9372563 2.1411905 0
-4.8219872 3.1380472 2.194149 0
-2.142632 3.0663908 2.1411963 0
-0.54969692 3.1418493 2.0958288 0
-6.366416 3.319226 2.1447232 0
-5.6961098 3.2104993 2.0136125 0
-4.2090173 3.3927193 2.0789547 0
15.448581 3.2813501 2.0822747 0
-3.2480056 3.4668257 2.1504464 0
-1.4012825 3.4633658 2.0868459 0
0.034528255 3.4877989 2.1731291 0
-12.100078 3.7126842 2.169302 0
-5.4003224 3.635112 2.1388443 0
-4.54528 3.6779151 2.1069779 0
-2.7440391 3.8316023 2.0332592 0
-1.9110537 3.8924441 2.0897548 0
-1.5537553 3.9943538 2.1110694 0
-3.9235227 4.0081248 2.0894351 0
-3.8289475 4.2157793 2.1247785 0
-3.3712463 4.323916 2.0288951 0
-2.9283981 4.2962456 2.1190248 0
-0.5913682 4.2844973 2.085062 0
-2.9006848 4.6618791 2.0212147 0
-3.7823682 4.8391228 2.1476166 0
-2.5132203 4.9923725 2.0783794 0
-1.3507888 4.8043413 2.0135047 0
5.4248915 5.1664896 2.0467606 0
4.6773133 5.3802886 2.0070333 0
4.841795 5.3412428 2.0780134 0
5.377491 5.2658863 2.0690961 0
5.4727864 5.2242675 2.0675144 0
5.9472103 5.2336721 2.1868267 0
-13.095371 5.5336113 2.1502485 0
-12.999569 5.5059633 2.078582 0
5.1684699 5.5636916 2.0760326 0
-12.947922 5.6562481 2.0451386 0
6.2882776 5.7221656 2.0780401 0
8.8692684 5.7071133 2.0064123 0
4.8799162 5.9579763 2.0515723 0
-13.172079 6.0727425 2.0320129 0
4.3482056 6.1086426 2.0759077 0
-13.342484 6.2273641 2.1955233 0
4.2481103 6.2272544 2.1288178 0
4.9328003 6.583271 2.1744478 0
4.3402152 6.8461881 2.1088834 0
-0.71614933 7.3218112 2.0908322 0
-39.575527 -35.432388 2.2606215 0
-40.630424 -35.268608 2.249166 0
-37.154663 -34.358791 2.2218614 0
-37.73938 -34.178574 2.362546 0
-41.372753 -33.507038 2.3299582 0
-40.292461 -33.039986 2.2874641 0
-40.183983 -33.071812 2.3561771 0
-39.279659 -32.335361 2.319067 0
-39.409218 -31.822802 2.2841468 0
-36.478649 -31.118486 2.3522842 0
-36.411709 -30.548555 2.3300567 0
-36.135967 -29.958923 2.2817028 0
-20.928562 -29.540516 2.2064497 0
-33.268921 -28.808422 2.2504969 0
-30.839077 -26.882015 2.221787 0
-12.888186 -6.8308616 2.331393 0
-13.7152 -4.2779765 2.2808712 0
-13.906637 -3.4949844 2.2876482 0
-10.634563 -3.3529778 2.3019056 0
-10.438005 -2.4751327 2.3019798 0
-13.891879 -2.2256651 2.3200564 0
-7.6061449 -2.1276259 2.2151139 0
-5.769866 -2.0075746 2.3596983 0
-10.261721 -1.6354594 2.2603872 0
-7.2758665 -1.6058018 2.2636755 0
-3.8110425 -1.3455906 2.3312843 0
-11.920288 -1.153896 2.2203081 0
-9.9139652 -1.0018244 2.3545907 0
-6.9187508 -1.0527775 2.3007827 0
-3.4904349 -0.83058834 2.2231731 0
-11.701344 -0.698053 2.2594099 0
-5.8707943 -0.66431308 2.2056313 0
-11.544308 -0.41873673 2.2784846 0
-10.802774 -0.53720045 2.3349214 0
-11.423699 -0.21493897 2.2935219 0
-10.341108 -0.30591935 2.3033686 0
-11.330379 -0.061976343 2.3048744 0
-8.7332497 -0.04409194 2.2287982 0
-7.6375566 -0.047733426 2.2457838 0
-5.437973 -0.17821026 2.3393457 0
-4.5216217 -0.092741489 2.3724594 0
-8.4930162 0.1514883 2.2325194 0
-7.2509155 0.3108421 2.2134471 0
-4.785408 0.39246941 2.2957423 0
-8.2015409 0.59876293 2.3642087 0
-5.9576206 0.53284049 2.3259101 0
-9.8739328 0.65403736 2.3192077 0
-7.8956423 0.69936347 2.2560983 0
-7.2172613 0.82263267 2.2503335 0
-7.078135 0.91869766 2.2949512 0
-6.8207636 0.98628783 2.3568387 0
-8.5202961 1.0531366 2.3035858 0
-6.841279 1.0092032 2.2470994 0
-9.4563112 1.3666463 2.3206148 0
-7.9225035 1.3808717 2.3867121 0
-7.9645362 1.4145594 2.2000422 0
-7.0658274 1.407666 2.2070465 0
-6.9033365 1.4587429 2.2620683 0
-6.6679087 1.5044003 2.3975937 0
-6.4953876 1.4731135 2.3034067 0
-11.29783 1.8494799 2.3820074 0
-8.219203 1.8566302 2.335681 0
-11.21822 2.0537388 2.2937911 0
-11.166842 2.1321111 2.2641506 0
-8.9094753 2.0516093 2.3973043 0
-7.5464201 2.1789558 2.2570746 0
-7.1343279 2.0750823 2.3176501 0
-6.3977451 2.0790238 2.272469 0
-5.9395695 2.0307729 2.2132661 0
-11.138763 2.276087 2.2346537 0
-4.7294025 2.3398867 2.2909529 0
-5.8705835 2.5459046 2.3270626 0
-7.8136039 2.666996 2.2734272 0
-7.1255264 2.7153223 2.2989597 0
-4.1778173 2.7794385 2.381634 0
-2.3073006 2.6638217 2.3247628 0
-7.9741192 2.9073787 2.3846996 0
-6.2645588 2.8053968 2.2278135 0
-4.6641693 2.8762581 2.3528521 0
-3.2735453 2.8864615 2.3464251 0
-2.304769 2.8217256 2.3595285 0
-2.1993926 3.0025396 2.2930446 0
-12.391562 3.2433758 2.3512447 0
-7.5934224 3.2589173 2.3858976 0
-7.3205299 3.2029271 2.3826241 0
-6.5583267 3.2357473 2.2947369 0
-5.7164917 3.2845411 2.2320712 0
-4.1630592 3.3473759 2.2867014 0
-5.3553581 3.5924339 2.3104444 0
-3.2325432 3.4108257 2.3559396 0
-1.3540525 3.4216752 2.2601509 0
-0.53579402 3.4581535 2.3081944 0
-0.057726622 3.5747967 2.3411996 0
13.091788 3.5833802 2.3804183 0
-2.6961622 3.7697868 2.2890773 0
-6.5838728 3.8430154 2.3280969 0
-6.3232565 3.8171802 2.3284812 0
-1.8621545 3.8413525 2.3149343 0
-1.5468066 3.9493253 2.2387834 0
14.478983 3.8731513 2.2718334 0
-5.9482059 4.1135855 2.3024476 0
-5.5555191 4.1163692 2.2980838 0
-4.7738199 4.0563335 2.3200402 0
-3.9373641 4.0662637 2.2340136 0
-3.7925267 4.1846633 2.2509913 0
-5.3720636 4.5527687 2.3235941 0
-0.72199583 4.4020052 2.3152027 0
-5.2574549 4.7772503 2.3881161 0
-4.7976732 4.6593003 2.2825866 0
-3.9972842 4.687335 2.2869821 0
-4.8400359 4.9245095 2.3471942 0
-1.4933295 4.9136992 2.2442062 0
-3.8756254 5.0763416 2.2273002 0
-2.6626587 5.1770267 2.3948197 0
-1.5585763 5.0027304 2.394402 0
-13.183512 5.3629694 2.2607918 0
-3.6130552 5.3502741 2.3112006 0
5.3491106 5.3008051 2.2917125 0
4.8847561 5.4745703 2.2684591 0
5.2340932 5.4778638 2.3737812 0
4.4208412 6.166163 2.2666366 0
5.424243 6.1821499 2.3106508 0
-13.463398 6.2407188 2.2583034 0
4.4732695 6.2282677 2.3673253 0
4.5581007 6.4740658 2.2655768 0
4.8487086 6.5329733 2.2794163 0
-1.7419128 7.2527285 2.2035584 0
0.18792963 7.2041931 2.2436829 0
-14.21959 9.2507544 2.2135811 0
-40.476246 -37.964722 2.4556632 0
-38.076591 -36.86422 2.5176334 0
-41.544445 -36.719948 2.4393034 0
-40.275734 -33.070892 2.5224295 0
-39.329987 -32.368275 2.4012666 0
-39.399693 -31.750681 2.461832 0
-36.412785 -31.199951 2.5402339 0
-36.355343 -30.627949 2.5205379 0
-36.102715 -29.918255 2.4885087 0
-16.947813 -29.974236 2.5598621 0
-36.81934 -29.799713 2.5111699 0
-33.389389 -28.724783 2.5042808 0
-33.229931 -27.860006 2.4484887 0
-30.045498 -27.131361 2.4811635 0
-12.946558 -6.8323965 2.4035704 0
-13.045424 -6.7749472 2.5259256 0
-12.975853 -6.6020703 2.5564475 0
-13.010965 -6.5639048 2.59304 0
-13.788781 -4.2061324 2.4361072 0
-13.770795 -4.064806 2.5652201 0
-13.996869 -3.3965266 2.5144839 0
-10.501451 -2.4937725 2.4940331 0
-7.5595918 -2.1712191 2.4295893 0
-10.218681 -1.6847286 2.4540694 0
-7.2213411 -1.6634774 2.4756272 0
-13.674843 -1.3633091 2.4983869 0
-9.8713064 -1.0638316 2.5461004 0
-6.8546386 -1.1194339 2.5068293 0
-4.3473835 -1.0423141 2.5836351 0
-5.9627757 -0.5421052 2.4390249 0
-11.582368 -0.28270459 2.4614444 0
-10.490036 -0.20898843 2.5049944 0
-9.5072479 -0.38164735 2.407177 0
-5.3864508 -0.23711133 2.544157 0
-11.477307 0.028775692 2.5415902 0
-8.4209652 0.080423117 2.4925127 0
-11.20253 0.38429117 2.5843768 0
-11.225834 0.40123802 2.566817 0
-8.2824287 0.57388955 2.511781 0
-5.9273138 0.5665282 2.4725773 0
-11.079641 0.63740104 2.5824821 0
-10.014607 0.77270359 2.5292168 0
-9.9632311 0.72578901 2.4498839 0
-7.9762235 0.68206906 2.5000458 0
-11.253087 0.83241886 2.5556743 0
-10.913713 0.82950079 2.5826595 0
-8.5025749 0.98224169 2.5356143 0
-7.3973422 0.85123163 2.5866096 0
-6.7910452 0.96250945 2.4665635 0
-8.4976501 1.0277181 2.4468164 0
-11.469173 1.3301462 2.5495837 0
-7.9373646 1.3472092 2.5291872 0
-11.428296 1.4362408 2.4770849 0
-9.6292601 1.5029703 2.5815456 0
-9.5449343 1.4619051 2.477222 0
-6.8266125 1.5172976 2.4110332 0
-6.3762331 1.4688627 2.5383911 0
-11.37721 1.6557178 2.4384069 0
-8.1822624 1.8207774 2.5201602 0
-5.8938303 1.9745665 2.5097842 0
-8.9533949 2.0891602 2.4708719 0
-7.7735143 2.1158907 2.4412572 0
-7.5140295 2.1373825 2.4397547 0
-6.3638105 2.0281293 2.4893684 0
15.466334 2.146064 2.4587538 0
-8.4083271 2.2530446 2.5619481 0
-7.5540805 2.295543 2.5982757 0
-6.934782 2.4056726 2.402679 0
-5.8149614 2.4930258 2.5382061 0
-4.8505487 2.5720868 2.5227911 0
-12.442731 2.6289976 2.541945 0
-8.4588127 2.6447601 2.5545831 0
-7.7564993 2.6233904 2.4976993 0
-7.0501623 2.6657853 2.5382068 0
-6.6290274 2.7363737 2.418709 0
-4.1424284 2.7463312 2.5409162 0
-6.4068232 2.9708552 2.4313571 0
-12.608261 3.0898814 2.4575169 0
-12.567589 3.0976093 2.4383924 0
-7.2972813 3.1678033 2.516463 0
-6.4845371 3.1607103 2.5996609 0
-6.2548366 3.1419156 2.4388039 0
-13.181303 3.2763922 2.5726464 0
-7.5374465 3.3418489 2.4261434 0
-6.5236702 3.2045074 2.4249055 0
-6.1042409 3.288733 2.4467793 0
-4.122817 3.3022099 2.4949901 0
-3.2499137 3.3493931 2.506408 0
-5.3118734 3.549597 2.4815078 0
-0.5290761 3.4493768 2.4301157 0
-7.2146807 3.6129141 2.4183939 0
-6.717885 3.6911242 2.5367112 0
-2.6181338 3.7088807 2.5460944 0
-1.5004976 3.9143775 2.4133201 0
12.08164 3.9602113 2.4035695 0
-6.7072001 4.0535092 2.4093301 0
-5.5175138 4.0662251 2.46944 0
-4.7121992 4.006907 2.5561156 0
-3.7306981 4.1192994 2.5068803 0
-2.8393102 4.2444344 2.4645166 0
11.054489 4.2907252 2.5819557 0
-4.9187016 4.5418115 2.4723048 0
-0.77666712 4.5861478 2.5671816 0
-3.9610348 4.6582608 2.4124787 0
-13.268755 4.8472614 2.4890816 0
-2.774152 5.2444258 2.5521033 0
5.6472664 5.2612071 2.5021756 0
-3.6843538 5.4362683 2.469079 0
5.1786318 5.4868345 2.5250087 0
-13.604204 6.2341146 2.4211578 0
4.5219798 6.5683312 2.5033898 0
4.4818869 6.6308928 2.4120843 0
-14.540778 8.7704115 2.5679135 0
-14.50318 8.9734077 2.5034509 0
-15.979649 11.419971 2.5372012 0
-42.78371 -36.02441 2.6173854 0
-38.609184 -33.17601 2.6838231 0
-38.499329 -33.014103 2.7130661 0
-36.356224 -31.263594 2.6821227 0
-36.305729 -30.707361 2.7134001 0
-36.899639 -29.89505 2.6918852 0
-36.940125 -29.291824 2.7568336 0
-33.493252 -28.627514 2.7649338 0
-32.43425 -28.117886 2.672688 0
-13.061015 -6.5237422 2.7210426 0
-13.864309 -3.9983346 2.7387724 0
-13.927408 -3.2341938 2.6406319 0
-10.460079 -2.5124607 2.6391063 0
-13.986483 -2.0312703 2.6940069 0
-10.215818 -1.6791561 2.6622953 0
-7.2549391 -1.6228092 2.6264958 0
-13.64353 -1.1358664 2.7967715 0
-9.8573446 -0.97918367 2.7580948 0
-13.486069 -0.48360229 2.7705684 0
-9.4470606 -0.44888794 2.6736579 0
-5.3730712 -0.23408937 2.6864409 0
-8.3580675 0.030034542 2.707346 0
-11.182277 0.53975785 2.6311886 0
-5.9552236 0.59327412 2.6308274 0
-7.9347076 0.62635922 2.6897328 0
-10.895645 0.91992736 2.6395545 0
-10.1532 0.86163378 2.717906 0
-8.4752922 0.93663448 2.6222854 0
-6.9625745 0.92431021 2.7223082 0
-11.830364 1.1902602 2.7962575 0
-11.784888 1.1964175 2.7765968 0
-11.546868 1.1750711 2.6094978 0
-11.69836 1.2557348 2.6565447 0
-10.699924 1.2226844 2.6853278 0
-7.8589172 1.3418884 2.6245821 0
-10.487361 1.5099182 2.730175 0
-9.6517305 1.5790187 2.7014937 0
-7.077426 1.589636 2.795404 0
-9.5591984 1.7681735 2.7592099 0
-8.1505327 1.7809525 2.7065406 0
-12.643753 1.975587 2.7655888 0
-10.19589 1.8676805 2.7999208 0
-9.8980913 2.198669 2.7968025 0
-9.0368271 2.1811984 2.6494782 0
-7.4631786 2.1023211 2.6209328 0
-9.1548615 2.2123873 2.7340114 0
-7.7025843 2.3350782 2.7728004 0
-8.9446173 2.4967761 2.7896061 0
-7.714613 2.5499976 2.767029 0
-5.9063597 2.4001527 2.6940866 0
-12.427074 2.7066479 2.6556811 0
-8.8055429 2.6848483 2.7977207 0
-8.7011662 2.7094553 2.7507629 0
-8.5474386 2.7464762 2.7281849 0
-7.0155935 2.6225114 2.7164543 0
-12.425036 2.9655066 2.755692 0
-12.358302 2.8696489 2.7406657 0
-9.080946 2.8122725 2.798445 0
-7.875392 2.8582544 2.69595 0
-4.2657104 2.8362854 2.6757107 0
-13.22303 3.0511322 2.6546185 0
-13.186079 3.039731 2.6158841 0
-7.5852261 3.1670322 2.7081268 0
-7.2629919 3.1235669 2.6925945 0
-6.4403849 3.1180573 2.7747951 0
-4.2804613 3.0915854 2.7305403 0
-7.9160461 3.2533028 2.6709023 0
-7.3948174 3.3804326 2.7168171 0
-7.226326 3.5414932 2.722156 0
-7.1489067 3.5343063 2.6884842 0
-5.2520032 3.4967289 2.6970537 0
-7.4974051 3.7420998 2.7229211 0
-6.808012 3.7715349 2.7262034 0
-6.6553087 3.6408796 2.7584782 0
-1.794404 3.7591748 2.7210686 0
-0.28020263 3.7408028 2.6949549 0
-6.8361678 3.8082542 2.7914693 0
-4.6960554 3.9683132 2.7320082 0
-5.4767199 4.022706 2.6406271 0
-3.6662664 4.057951 2.7668583 0
-2.7894824 4.191185 2.7020705 0
-13.743807 4.344604 2.7636771 0
-13.558052 4.3967953 2.6451628 0
-13.766779 4.4449663 2.7560081 0
-13.54645 4.4026833 2.6381021 0
-4.8697667 4.4908562 2.7109113 0
-3.8633292 4.5893106 2.753206 0
-13.293579 4.7899246 2.7960105 0
-3.916425 4.6025267 2.6232514 0
-0.92085528 4.6306067 2.7222457 0
-13.267248 4.9124122 2.7398641 0
-13.322142 5.023993 2.6467249 0
-1.6326578 5.1538076 2.6267178 0
12.17911 5.0023632 2.680321 0
-4.7505159 5.2650375 2.6078544 0
-2.8832619 5.3096523 2.7056777 0
-4.7367821 5.4025359 2.7507987 0
-3.9731281 5.5216866 2.7876918 0
-3.7420161 5.5319648 2.624135 0
5.179471 5.5306959 2.6488194 0
4.9246054 5.8831062 2.6202033 0
4.6028295 6.3757772 2.6044838 0
5.0996008 6.3922486 2.6619036 0
4.5775156 6.4453673 2.6516485 0
4.6178904 6.4421334 2.7349741 0
-44.133564 -35.311607 2.9560027 0
-41.030376 -34.261974 2.8414164 0
-40.910412 -34.108509 2.8685517 0
-40.120548 -33.164696 2.9522429 0
-20.75046 -31.022741 2.9816518 0
-36.87413 -29.987494 2.9217043 0
-37.034611 -29.468779 2.9863985 0
-37.038158 -29.399059 2.8633657 0
-37.052288 -29.104185 2.871855 0
-36.618469 -28.770668 2.9354968 0
-33.524044 -28.523327 2.9636755 0
-31.802702 -28.466768 2.9584017 0
-29.399906 -27.359859 2.8400314 0
-13.132487 -6.2984433 2.9041932 0
-12.262126 -3.8519778 2.937113 0
-12.177876 -3.730813 2.9795015 0
-14.031979 -3.197577 2.8080578 0
-13.992905 -3.0563092 2.939167 0
-13.890168 -1.8657973 2.8242657 0
-10.212605 -1.6695073 2.8704901 0
-9.8684521 -1.0593188 2.966341 0
-9.4794254 -0.38325214 2.869514 0
-8.4001598 0.11690903 2.829958 0
-8.36831 0.065119028 2.9759247 0
-11.570923 0.4574582 2.8118255 0
-7.8688097 0.66925049 2.8822727 0
-6.9834833 0.90356684 2.9280403 0
-11.908359 1.1322411 2.8742175 0
-11.890495 1.2075717 2.863534 0
-9.8334427 1.6970606 2.9251928 0
-9.7591 1.6292732 2.8026903 0
-12.675483 1.9021379 2.8722985 0
-7.1958656 1.8141785 2.8577652 0
-10.034755 2.076683 2.8139687 0
-7.4513283 2.0582807 2.8064003 0
-10.176128 2.3260181 2.8064671 0
-9.2138062 2.3712754 2.9544475 0
-9.1251793 2.3021855 2.8141441 0
-8.9278336 2.3793106 2.8543952 0
-8.8713856 2.5483687 2.8189011 0
-7.6648135 2.52126 2.9518209 0
-6.9761066 2.5801558 2.8964787 0
-12.317683 2.9531512 2.9046967 0
-8.9335928 2.9983776 2.8047581 0
-8.6334763 2.8445284 2.8967624 0
-8.5931168 2.8599672 2.8264096 0
-12.418285 3.0053575 2.8514495 0
-12.347761 3.0230269 2.9887724 0
-8.4110336 3.0700142 2.8305144 0
-7.2469101 3.0443473 2.9091785 0
-6.3898039 3.0898213 2.908206 0
-8.2785807 3.2294269 2.8333054 0
-8.0818329 3.3646512 2.8563993 0
-8.0516548 3.4355025 2.9765685 0
-6.6342468 3.5782318 2.930943 0
-5.3494606 3.4903433 2.8909743 0
-4.3862224 3.5912812 2.8800969 0
-13.975513 3.9877338 2.9978554 0
-6.8705506 3.8722553 2.8906355 0
-5.4145174 3.9358616 2.9161224 0
-4.6509485 3.9355636 2.9078183 0
-13.910582 4.1785645 2.8982325 0
-2.840486 4.1038823 2.8690808 0
-13.828941 4.2779527 2.8636208 0
-13.769091 4.3178554 2.8255644 0
-13.164305 4.5096169 2.942692 0
-4.8374453 4.4500842 2.8842561 0
-3.8275683 4.5384283 2.9251525 0
-13.385075 4.7828884 2.8412769 0
8.6105728 4.6282473 2.984087 0
-13.277927 4.9238129 2.8283143 0
-1.6871243 5.3308616 2.8753839 0
-4.8804512 5.4533296 2.9119842 0
-2.8793714 5.4526539 2.8661504 0
-3.9481509 5.6588678 2.934396 0
5.4965124 5.7061977 2.8218398 0
-15.998655 11.492348 2.9624987 0
-41.712807 -36.621872 3.1465435 0
-44.66663 -35.437984 3.1064873 0
-40.169422 -33.145672 3.0780098 0
-41.305485 -31.623947 3.150615 0
-37.637016 -30.6689 3.015135 0
-36.82333 -30.052692 3.0793836 0
-36.970306 -29.544727 3.1857038 0
-33.785667 -26.63744 3.1654317 0
-29.231531 -26.379292 3.1886127 0
-13.15628 -6.2082653 3.0134027 0
-13.235336 -6.0528278 3.185432 0
-13.187191 -6.1394281 3.0643084 0
-12.205143 -3.6184378 3.0495138 0
-12.211961 -3.467278 3.1994178 0
-12.178845 -3.5316231 3.0777555 0
-12.210556 -3.3779073 3.1994584 0
-14.001001 -2.9509301 3.0851054 0
-14.073461 -1.8700311 3.005151 0
-14.011359 -1.7352014 3.137454 0
-13.684542 -0.96107948 3.0915918 0
-9.4476967 -0.42897391 3.0164018 0
-13.183267 -0.087536812 3.0742095 0
-13.040714 0.42676628 3.0923972 0
-7.9209347 0.65780616 3.1041319 0
-12.07795 1.1095082 3.0790493 0
-11.999344 1.0940591 3.0305691 0
-12.366611 1.2003988 3.1441107 0
-12.698936 1.7431862 3.0684755 0
-11.253004 1.7435042 3.1492012 0
-9.8935966 1.7419457 3.0135913 0
15.566331 1.9898835 3.0914927 0
-11.013026 2.2587116 3.1157191 0
-6.5972342 2.2493086 3.0107322 0
-9.2935963 2.4394507 3.0864253 0
-8.8864326 2.4944525 3.0177693 0
-6.7110667 2.4979086 3.0839944 0
-10.042093 2.6240726 3.1360974 0
-6.1489201 2.764143 3.0966842 0
-8.7419653 2.9521933 3.0909481 0
-6.254344 2.9854047 3.1653256 0
-12.296209 3.033344 3.0892153 0
-7.1941881 3.0345383 3.0467613 0
-6.4505873 3.0654914 3.0010502 0
-8.1295614 3.5049357 3.1148667 0
-6.5985527 3.5322981 3.1069491 0
-14.060744 3.7040238 3.1120827 0
-13.957331 3.6569724 3.0421946 0
12.300018 3.8006275 3.0259814 0
-12.919262 4.1014118 3.1775858 0
-7.4215732 4.0742426 3.0238197 0
-3.7761333 4.004724 3.0730596 0
-13.042885 4.3573389 3.0504258 0
-12.980713 4.2524805 3.1120481 0
-14.530984 4.5205154 3.1766407 0
-13.103971 4.5083365 3.0196936 0
-4.8060341 4.408411 3.0589547 0
8.0970707 4.6224928 3.0631511 0
-14.629011 4.9581614 3.1154859 0
-1.1140043 4.8329639 3.087441 0
-13.430231 5.1527309 3.1313226 0
-5.68925 5.088501 3.1488328 0
5.6970463 5.356976 3.1592028 0
-4.9034014 5.5813141 3.0668807 0
-2.9739833 5.5337982 3.0267997 0
-1.7915747 5.4031897 3.0385137 0
5.1628871 5.5460906 3.0183058 0
5.2141132 5.5616417 3.0971489 0
-13.617206 5.764688 3.1751468 0
-13.565845 5.6972318 3.180141 0
-4.015511 5.7445726 3.0884156 0
-3.0607657 5.6236744 3.1927009 0
-13.626167 5.8171258 3.1705694 0
4.9298973 5.9996667 3.066294 0
4.8860264 6.0200424 3.1115816 0
4.5877032 6.4464803 3.0971944 0
-16.008268 11.532956 3.1005974 0
-16.049038 11.61325 3.1405985 0
-42.064632 -36.709709 3.2186213 0
-43.792831 -35.584225 3.2182975 0
-42.833813 -34.253071 3.2798176 0
-41.955647 -33.406166 3.3432326 0
-40.128922 -33.197418 3.2103794 0
-40.010895 -31.791788 3.2410612 0
-41.064232 -31.272982 3.2764254 0
-40.721416 -30.943619 3.3140116 0
-40.504597 -30.723358 3.340152 0
-37.431816 -30.722466 3.2829888 0
-40.271122 -30.486664 3.3669429 0
-36.766953 -30.11837 3.2399366 0
-35.90588 -30.090357 3.2938993 0
-20.584385 -30.035183 3.3916941 0
-36.926308 -29.591253 3.3051708 0
-36.777344 -28.709009 3.2036328 0
-33.684158 -28.366251 3.374284 0
-31.617271 -27.504128 3.3475146 0
-13.555595 -6.1087813 3.3584955 0
-13.29887 -5.9446573 3.3298235 0
-12.220308 -3.2844639 3.338681 0
-14.050061 -2.8609171 3.2521353 0
-13.945858 -1.592345 3.2652829 0
-13.715416 -0.87742627 3.2429667 0
-13.399849 -0.1223526 3.2441545 0
-13.3414 0.0072828531 3.3875003 0
-12.979246 0.55769563 3.2481742 0
-12.386841 1.2810775 3.3009181 0
-12.755482 1.5518156 3.3390052 0
-12.731026 1.6253495 3.2319691 0
-11.453481 1.7285079 3.3242028 0
-10.809052 2.4642293 3.2786496 0
-9.398737 2.5458698 3.2768559 0
14.623545 2.5189023 3.2636373 0
-9.9039621 2.7755692 3.2917705 0
-12.253903 2.9310386 3.2722919 0
-12.249606 3.0749815 3.3175168 0
-8.8701439 3.0897913 3.332644 0
-8.1917057 3.5564294 3.2221336 0
-8.2504921 3.6204839 3.3403168 0
-7.050621 4.1281643 3.3290935 0
-14.880137 4.3990698 3.3428419 0
-14.875978 4.4130135 3.3410318 0
-14.718903 4.4505501 3.2581201 0
-14.474885 4.5652404 3.2680919 0
-14.551371 4.7268424 3.2013822 0
-13.311746 4.7994642 3.2535207 0
-6.9078016 4.6893406 3.2653971 0
-13.329533 4.9537482 3.3377473 0
-6.0127034 4.9559059 3.2669823 0
-13.343909 5.0613751 3.3000112 0
6.1679659 5.0930777 3.3887854 0
10.808043 5.0900292 3.3804207 0
-5.6442237 5.2640009 3.3184214 0
-5.3441381 5.4109015 3.2045107 0
-1.9972111 5.5855279 3.3964856 0
5.2208004 5.5357819 3.2972 0
9.3199081 5.4291053 3.234725 0
-13.596531 5.756875 3.20158 0
-5.0509887 5.7809505 3.3921051 0
-4.9866056 5.6704597 3.2259641 0
-3.1840751 5.6876106 3.3559303 0
5.0433187 5.7179976 3.3356152 0
-13.844717 5.9507623 3.3905132 0
-4.0159831 5.8859715 3.2557662 0
4.594593 6.4081783 3.3698175 0
-15.839647 11.163278 3.3379157 0
-16.060144 11.678669 3.2895916 0
-44.653511 -35.536438 3.5674696 0
-45.237186 -35.396984 3.5168302 0
-44.334011 -34.540443 3.5896134 0
-39.818466 -31.851589 3.5101442 0
-37.242149 -30.803471 3.5518954 0
-36.875488 -29.657871 3.4672217 0
-36.866089 -28.613966 3.4540386 0
-13.507721 -6.0060215 3.4219775 0
-13.552564 -5.9234385 3.5315294 0
-13.390522 -5.850491 3.4402921 0
-13.401791 -5.7949405 3.520658 0
-13.392548 -5.7293358 3.5541127 0
-12.297085 -3.2241557 3.488924 0
-12.246421 -3.1956797 3.4455378 0
-13.995831 -1.5141038 3.4294991 0
-13.709011 -0.67281151 3.5344043 0
-12.952727 0.71754533 3.4798126 0
-12.81439 1.3210536 3.5671165 0
-12.760237 1.3854171 3.4853854 0
-12.765169 1.4709136 3.4214065 0
-12.310591 1.4480152 3.5209122 0
-11.138905 1.9636691 3.4446881 0
-10.862396 2.5431461 3.4470453 0
-12.23676 2.9888666 3.5467527 0
-12.228209 3.0527785 3.5013778 0
-12.197044 3.0692983 3.4106007 0
-8.3060799 3.7074647 3.4780409 0
14.726833 3.6162512 3.5514829 0
-8.0404663 4.0947995 3.5670867 0
-7.964345 4.0173359 3.4205675 0
-7.6635647 4.3200784 3.492105 0
9.4933376 4.2279167 3.5705607 0
-14.903343 4.4623952 3.545224 0
-13.166802 4.5594254 3.558315 0
-14.534986 4.7494431 3.5656691 0
-13.227668 4.7615709 3.4540482 0
-13.182402 4.6406631 3.4964061 0
-7.133841 4.7040176 3.4756737 0
-14.676833 5.0614014 3.5128121 0
-6.2266598 5.0175815 3.5300469 0
-6.0796328 5.0240412 3.4073896 0
5.1465425 5.5697384 3.4855466 0
5.0991664 5.628263 3.5621171 0
6.1962767 5.7786059 3.4737928 0
-13.849716 5.9676557 3.4713218 0
-5.1193714 5.8915973 3.5647306 0
-4.1620431 5.9230347 3.4102817 0
5.758069 5.9489393 3.5589366 0
-13.81555 6.0021448 3.4836717 0
-13.760929 6.073442 3.5234325 0
-4.2425852 6.0153484 3.5806241 0
4.5410595 6.4589138 3.5830631 0
4.8821068 6.6226673 3.4213321 0
-14.606467 8.212162 3.4974337 0
-15.823191 11.154043 3.5634458 0
-15.877905 11.252748 3.4782348 0
-16.065739 11.712114 3.4635615 0
-54.904797 -42.197578 3.7880933 0
-42.130039 -36.838863 3.759419 0
-43.681538 -35.80669 3.6016545 0
-44.513302 -35.303524 3.6307421 0
-41.922123 -33.348961 3.6341338 0
-39.613796 -31.947397 3.7652073 0
-39.482197 -30.572268 3.6849473 0
-39.353695 -30.284815 3.759217 0
-36.929256 -28.554462 3.6199822 0
-29.86245 -27.054037 3.7557971 0
-27.477425 -25.906513 3.6314101 0
-13.660617 -5.7499924 3.7652946 0
-13.450047 -5.6699066 3.6826034 0
-12.431221 -3.2207465 3.6307704 0
-12.490965 -3.1759372 3.6997037 0
-14.101089 -1.3387843 3.7856548 0
-13.630249 -0.5322206 3.6556828 0
-13.263257 0.28550321 3.743844 0
-12.84955 0.90786076 3.6894588 0
-12.850272 1.1590018 3.6668644 0
-12.817635 1.2545842 3.6069155 0
-11.336032 1.9592682 3.6330674 0
-11.108161 2.1403642 3.7408495 0
-10.816098 2.7644823 3.7686779 0
-12.249415 2.9325883 3.676307 0
-8.6749506 3.8042827 3.7995558 0
11.031751 3.8849559 3.7309482 0
-14.939037 4.4791117 3.6349833 0
-7.6070023 4.5997152 3.761121 0
-7.4870667 4.5789471 3.6328878 0
-14.555311 4.6753693 3.7182996 0
-14.687375 5.0614929 3.6417267 0
-6.4598198 5.0622501 3.791841 0
-6.313168 5.0709305 3.6712213 0
-13.558102 5.5941753 3.7973878 0
-13.670024 5.7579579 3.7408657 0
-13.566062 5.6246867 3.7917743 0
-13.709259 5.8867764 3.6974776 0
-5.2643471 5.9445052 3.7291572 0
-3.3149693 5.9599061 3.7600341 0
-13.746855 6.1175137 3.6083248 0
5.6456413 6.1446838 3.6299016 0
4.9783602 6.3708925 3.6994162 0
-16.051533 11.704483 3.6880546 0
-16.10289 11.817768 3.7326782 0
-45.237846 -34.415092 3.8672848 0
-44.292904 -34.494083 3.8840299 0
-41.783192 -33.493885 3.8127983 0
-44.346596 -33.379177 3.9076095 0
-41.413624 -32.451767 3.8981714 0
-41.842606 -31.726923 3.9825528 0
-42.990173 -31.337128 3.9348042 0
-39.438362 -30.597181 3.9394009 0
-39.323441 -30.409637 3.9780395 0
-36.991768 -28.44272 3.8765159 0
-35.237129 -26.627668 3.8628922 0
-13.738268 -5.6388626 3.8973613 0
-13.716337 -5.5539947 3.9617274 0
-13.553621 -5.4919729 3.9190526 0
-12.728393 -3.1845458 3.9959502 0
-13.640865 -0.32910046 3.9627156 0
-13.332354 0.40123779 3.9953766 0
-12.903214 0.96310526 3.8359017 0
-12.85017 1.0947561 3.9967029 0
-11.310966 2.1448162 3.9515734 0
-12.297396 2.7390375 3.9478498 0
-12.281385 2.8004756 3.8820784 0
-10.818228 2.8700633 3.9360945 0
-8.3088036 4.1323552 3.8343973 0
13.44387 4.299603 3.9163165 0
-15.264736 4.4622869 3.8774457 0
-15.121427 4.5543413 3.8904371 0
-7.9943752 4.5276909 3.9964895 0
-14.529705 4.7136831 3.8108883 0
12.491329 4.6776838 3.9445553 0
-14.247583 5.3939457 3.9497201 0
-13.503228 5.3949099 3.9596806 0
-14.21561 5.4213681 3.9174588 0
-14.183676 5.4387131 3.9192014 0
-13.60153 5.5841017 3.8040748 0
-13.51967 5.4664364 3.8737371 0
-5.9628153 5.4297867 3.8000441 0
6.8517179 5.476162 3.8494885 0
-13.625715 5.7516141 3.8545327 0
5.3887911 5.6514502 3.8883548 0
-13.663631 5.865345 3.9702697 0
-4.3693705 6.260828 3.9715419 0
4.5583286 6.486033 3.8189492 0
-15.162246 9.5913324 3.9881177 0
-15.878551 11.316202 3.9130137 0
-16.118982 11.877496 3.8997083 0
-57.211044 -43.271446 4.0619969 0
-44.548813 -35.412136 4.0855699 0
-44.619114 -34.847458 4.0471001 0
-44.141682 -34.656967 4.0443611 0
-41.71917 -33.572033 4.040144 0
-44.293564 -33.057304 4.0390553 0
-43.547863 -32.260075 4.1485977 0
-43.435596 -32.159401 4.1552157 0
-41.71719 -31.441114 4.0697365 0
-39.332195 -30.674028 4.1537971 0
-39.261501 -30.520363 4.1923156 0
-37.074928 -28.334732 4.1431212 0
-37.886467 -28.124994 4.1361847 0
-30.179077 -28.046907 4.0838785 0
-27.825064 -26.884464 4.0001068 0
-35.935997 -26.634466 4.0670881 0
-13.600464 -5.4077873 4.0206861 0
-13.70287 -5.3602996 4.1121764 0
-13.568411 -5.0862317 4.0856318 0
-12.810763 -3.1136966 4.1431336 0
-12.777629 -3.1127884 4.0938349 0
-12.53891 -0.50933915 4.159585 0
-12.607131 -0.34798062 4.142828 0
-12.74275 -0.13983309 4.154448 0
-13.095518 0.24751318 4.1796436 0
-13.328304 0.50502223 4.1535602 0
-13.019577 0.55078882 4.0590968 0
-13.017874 0.65854061 4.027339 0
-12.989843 0.65021759 4.0075145 0
-12.629631 1.7146591 4.1300454 0
-12.419374 1.7112458 4.0913787 0
-12.495206 2.1383009 4.0898571 0
-12.426852 2.2910411 4.1161909 0
-11.182337 2.2836475 4.0760102 0
-12.33121 2.5674076 4.1383338 0
-12.318961 2.6471052 4.0781779 0
-10.808979 2.9778981 4.1029339 0
-13.546539 4.7941127 4.1552148 0
-13.650042 4.9493799 4.1607933 0
-7.4761534 4.9222994 4.0215702 0
-13.718193 5.0764227 4.086535 0
11.425133 5.024827 4.1143856 0
-14.232797 5.2535539 4.0298395 0
-13.61404 5.7486534 4.0076981 0
-13.571918 5.6946592 4.0296431 0
-5.9507475 5.6228189 4.0265446 0
5.1007504 5.6385884 4.150352 0
-13.676923 5.8680239 4.0410738 0
-5.4016027 6.2312393 4.1431589 0
-14.088447 6.7269216 4.1701961 0
-13.941336 6.6502905 4.0132704 0
-15.894819 11.397668 4.1776543 0
-16.087374 11.826745 4.0408654 0
-44.062077 -34.757774 4.2588458 0
-46.662697 -34.245747 4.3777399 0
-41.643036 -33.667854 4.2601862 0
-41.262283 -32.598492 4.2896304 0
-43.392311 -32.206882 4.3264966 0
-41.801552 -31.759771 4.2400899 0
-41.692875 -31.571758 4.2877464 0
-39.222191 -30.752974 4.3697 0
-37.097458 -28.230923 4.3426447 0
-13.670115 -5.2028699 4.2555337 0
-13.707717 -5.1522617 4.2971067 0
-12.888104 -3.029969 4.2988515 0
-12.901611 -2.9982173 4.3167644 0
-12.584505 -1.1094217 4.3073092 0
-13.242043 -0.048813164 4.2835388 0
-13.150499 0.18649215 4.2172947 0
-13.406068 0.58058816 4.3537912 0
-12.977586 1.1442325 4.2021871 0
-12.833202 1.2970177 4.3118663 0
-12.750413 1.3320903 4.2873421 0
-12.673512 1.5126348 4.2814217 0
-12.347938 1.8799584 4.314363 0
-11.199672 2.3677986 4.2475767 0
-10.673774 3.1225319 4.2307091 0
-13.90341 4.4759102 4.3456211 0
7.7789907 4.5714746 4.3458891 0
8.354454 4.4717221 4.3682356 0
5.7393017 6.1132565 4.3035784 0
4.5464759 6.510426 4.2028017 0
-14.064919 6.688808 4.2595568 0
-13.964398 6.713686 4.3476357 0
-14.532585 8.1670151 4.3491979 0
-15.918512 11.458375 4.3244767 0
-16.10537 11.901068 4.3006787 0
-44.433113 -35.632736 4.4304399 0
-43.986324 -34.852844 4.4780979 0
-41.527611 -33.73299 4.4822998 0
-45.901505 -33.42638 4.5111952 0
-45.780407 -33.34446 4.5057487 0
-41.683895 -31.84866 4.4443622 0
-41.612801 -31.696692 4.4883966 0
-40.24654 -29.301537 4.5060205 0
-38.274384 -27.805361 4.435708 0
-35.911316 -26.705149 4.4210825 0
-13.889227 -5.1414356 4.4305315 0
-13.707775 -4.5046554 4.4873514 0
-12.943867 -2.8848505 4.455925 0
-12.951696 0.71941948 4.4132838 0
-12.930027 1.3712853 4.5264912 0
-12.361043 2.0215764 4.5785675 0
-11.215403 2.4535816 4.4252729 0
-10.764258 3.2095697 4.4397011 0
-14.371118 3.7749643 4.4269767 0
-14.298116 3.8717067 4.4999123 0
-14.064838 4.3931198 4.4907489 0
-14.017159 4.4158397 4.4554238 0
-14.208954 4.9143491 4.5192833 0
-14.293242 5.1288314 4.468442 0
7.5767241 5.4793601 4.5711727 0
-14.095384 6.7727537 4.5283461 0
-14.080522 7.0586972 4.4909463 0
-15.93108 11.503865 4.4353366 0
-16.101944 11.891348 4.4345522 0
-16.155712 12.059661 4.520937 0
-44.251862 -35.866619 4.7550979 0
-43.874802 -34.912338 4.7008724 0
-45.744678 -33.373264 4.6915021 0
-43.316456 -33.347988 4.6255317 0
-44.377853 -33.166443 4.6491337 0
-41.576668 -31.933914 4.6565752 0
-42.314026 -31.400572 4.7657714 0
-29.553864 -29.572906 4.6805773 0
-27.21726 -28.378483 4.6912127 0
-37.24403 -28.075607 4.755929 0
-38.253059 -27.895931 4.7894058 0
-15.189221 -6.2999368 4.7084236 0
-14.267406 -5.1376858 4.6357012 0
-13.957457 -3.900763 4.7833686 0
-11.25732 2.5380912 4.624711 0
-10.731481 3.3322637 4.6111188 0
-14.387691 3.5966041 4.7258949 0
-10.707755 3.4549625 4.792738 0
-14.312985 3.8798962 4.702076 0
-15.053497 4.8133588 4.7987084 0
-14.872694 5.2375011 4.7694592 0
-14.721142 5.3060789 4.7071218 0
8.3195953 5.3437071 4.6041222 0
-14.139173 6.8860946 4.7006521 0
-15.939672 11.558541 4.7713118 0
-15.998554 11.76046 4.6887951 0
-16.163088 12.078568 4.7384644 0
-45.054825 -34.904469 4.8353539 0
-44.524826 -31.465961 4.8577256 0
-44.222404 -31.442724 4.9237189 0
-44.386734 -31.364109 4.8571157 0
-36.005291 -26.760098 4.8071856 0
-36.886703 -25.80162 4.9794083 0
-15.219522 -6.3317761 4.8847342 0
-15.186933 -6.2895036 4.8651652 0
-14.911098 -5.0831289 4.9676228 0
-14.860199 -4.9495463 4.9758186 0
-14.83016 -4.7964482 4.960505 0
-13.243391 -2.6332078 4.9979806 0
-13.144512 0.47375196 4.8509827 0
-14.937911 5.1013722 4.8298707 0
6.0164804 5.7479887 4.8815994 0
-14.070119 6.7628942 4.887392 0
-14.132922 6.8581119 4.8354368 0
-16.167978 12.053815 4.9205289 0
-46.29261 -34.194344 5.0540547 0
-44.181347 -31.495825 5.0452542 0
-29.39835 -28.593561 5.1041708 0
-38.329475 -27.969143 5.1742058 0
-27.076187 -27.379431 5.0713286 0
-36.103691 -26.174686 5.1308465 0
-15.202953 -6.3334808 5.1131973 0
-15.179565 -6.2807646 5.0954943 0
-14.110332 7.1993699 5.1068506 0
-14.114061 7.2307911 5.1426888 0
-15.977847 11.685684 5.141973 0
-16.152624 12.109603 5.0912609 0
-16.19688 12.223959 5.1700182 0
-46.849312 -32.675941 5.2859936 0
-46.546314 -32.652367 5.3447623 0
-46.707169 -32.587605 5.2768917 0
-44.680206 -32.111542 5.2923441 0
-44.1245 -31.562698 5.2340927 0
-42.748928 -28.617113 5.3611002 0
-15.176693 -6.298449 5.2845592 0
-13.799612 6.1642938 5.2227173 0
-14.193705 6.976202 5.393198 0
-15.988934 11.728055 5.3131533 0
-15.997985 11.857946 5.2996211 0
-16.177622 12.182596 5.2739582 0
-45.221848 -34.824448 5.5512447 0
-48.169987 -33.598293 5.5839586 0
-47.626934 -33.484055 5.4229484 0
-48.873524 -33.057518 5.4898572 0
-46.498283 -32.719448 5.4571095 0
-44.063522 -31.639877 5.4197903 0
-42.707108 -28.673477 5.505465 0
-42.609856 -28.124289 5.5119829 0
-42.283878 -27.596228 5.5879455 0
-35.464401 -26.49003 5.4134178 0
-16.051935 11.928379 5.5003815 0
-16.228014 12.313287 5.4178262 0
-45.569145 -34.915905 5.6189713 0
-47.282368 -33.774811 5.6682539 0
-45.396988 -33.701981 5.6551118 0
-46.433582 -32.799427 5.638608 0
-44.004375 -31.711376 5.6103373 0
-46.48613 -30.636051 5.7709112 0
-45.466206 -29.932951 5.7522697 0
-43.730148 -29.695269 5.7882438 0
-42.644592 -28.749691 5.693882 0
-42.574532 -28.181627 5.6595535 0
-42.247639 -27.552465 5.7940369 0
-16.020079 11.817297 5.6614966 0
-16.236656 12.285758 5.6754351 0
-51.155586 -34.277046 5.9920778 0
-46.363754 -32.892338 5.8153534 0
-43.947037 -31.777342 5.8054204 0
-47.562016 -31.070183 5.8600922 0
-46.493843 -30.648281 5.9397302 0
-46.376251 -30.669888 5.8368974 0
-29.199514 -30.099998 5.8253474 0
-45.506824 -29.962706 5.8480706 0
-45.349892 -29.947451 5.8449759 0
-45.05201 -29.857391 5.864675 0
-44.9953 -29.922598 5.9996481 0
-42.576057 -28.827761 5.8817616 0
-26.911686 -28.848078 5.8722839 0
-42.540436 -28.261248 5.8550386 0
-43.071857 -27.494308 5.9639473 0
-42.947414 -27.420033 5.8295894 0
-35.25634 -25.54426 5.8322225 0
-15.15033 -6.4054332 5.9039059 0
-16.953421 1.6570895 5.9921012 0
-16.028217 11.866298 5.9107881 0
-16.221355 12.337641 5.8463917 0
-16.243853 12.41383 5.832593 0
-45.641167 -35.053772 6.1626883 0
-47.174828 -34.007347 6.0470557 0
-48.147057 -33.721985 6.032702 0
-48.003078 -33.493702 6.1022882 0
-48.935486 -33.27536 6.012536 0
-46.231628 -33.054585 6.1891313 0
-46.303715 -32.958801 6.0062866 0
-48.040298 -32.452747 6.0930328 0
-46.42448 -30.6581 6.0804214 0
-44.937614 -30.005928 6.1875539 0
-43.500347 -29.807743 6.0156031 0
-44.867702 -29.436602 6.178545 0
-44.925491 -29.372437 6.0434055 0
-44.577908 -28.847628 6.1254702 0
-42.533581 -28.884693 6.0273175 0
-42.46426 -28.333435 6.0429602 0
-43.039433 -27.539419 6.0863905 0
-43.19442 -27.027699 6.1917958 0
-43.169086 -26.714436 6.1862154 0
-18.740587 -7.8682718 6.1868167 0
-16.023321 11.892168 6.0933852 0
-16.047041 12.015633 6.0267315 0
-16.266605 12.49053 6.1706696 0
-47.991199 -32.419395 6.3868127 0
-48.863579 -31.937878 6.3090587 0
-48.676888 -31.892582 6.3309994 0
-47.867901 -31.211422 6.2853003 0
-47.709171 -31.215042 6.3539567 0
-47.710152 -31.147945 6.2639179 0
-46.33593 -30.751112 6.3443694 0
-44.864063 -30.092859 6.3696289 0
-44.810116 -29.521677 6.3657217 0
-28.976402 -29.126322 6.2508183 0
-44.538155 -28.814646 6.3335176 0
-26.691854 -27.854853 6.2563267 0
-43.007832 -27.603025 6.2505798 0
-43.14555 -27.070518 6.3086686 0
-33.47451 -25.126179 6.2150941 0
-39.895237 -24.305998 6.3395882 0
-19.91498 6.1130838 6.3540416 0
-20.012398 6.3348799 6.2861176 0
-19.999949 6.3175802 6.3025169 0
-16.028788 11.942394 6.2121816 0
-16.29093 12.569891 6.2913733 0
-60.991486 -41.04089 6.5337524 0
-47.947063 -33.658287 6.5008183 0
-47.837914 -32.590355 6.5374489 0
-49.846909 -32.332218 6.4083257 0
-48.448677 -32.049751 6.5641422 0
-48.779156 -31.918007 6.4708748 0
-46.309872 -30.713821 6.502387 0
-44.86895 -30.686546 6.4447703 0
-44.80724 -30.159159 6.5077381 0
-45.512619 -29.67906 6.5367689 0
-44.740997 -29.607361 6.5495596 0
-45.296371 -28.725361 6.466814 0
-42.925156 -27.697559 6.4881372 0
-42.03331 -27.711393 6.5969496 0
-43.078274 -27.148827 6.5069489 0
-42.831047 -26.293413 6.4943447 0
-33.80368 -26.128351 6.5154119 0
-38.645073 -24.93317 6.5712805 0
-18.48283 2.8547442 6.4576287 0
-16.257332 12.5076 6.4980793 0
-47.758255 -32.694721 6.7498178 0
-50.397964 -32.448933 6.7941217 0
-47.843819 -32.487003 6.7309151 0
-48.699043 -31.919777 6.6128578 0
-46.303951 -30.736956 6.6528039 0
-45.458145 -29.725027 6.7871552 0
-45.391415 -29.39501 6.6370015 0
-47.459167 -29.180744 6.6384673 0
-47.186569 -28.820024 6.7503824 0
-45.284782 -28.851456 6.7291679 0
-46.859169 -28.501972 6.7718468 0
-46.635197 -28.282818 6.7872334 0
-45.450123 -28.300879 6.7833142 0
-45.347916 -28.186779 6.6714401 0
-45.442001 -27.99605 6.7965999 0
-43.05685 -27.203548 6.6276183 0
-42.987263 -27.261934 6.7890377 0
-42.961838 -26.21554 6.7543921 0
-47.913563 -33.860081 6.8832479 0
-47.679417 -32.797794 6.9641705 0
-50.332359 -32.146515 6.9451256 0
-48.55872 -32.027264 6.9577169 0
-44.737255 -30.837849 6.8426089 0
-45.341965 -29.820721 6.9882493 0
-45.357105 -29.535992 6.8453259 0
-45.19273 -28.956757 6.9577465 0
-45.416004 -28.35882 6.9010797 0
-46.466011 -28.11199 6.8003116 0
-46.327122 -27.967648 6.8107181 0
-42.976536 -26.129499 6.9190164 0
-42.158112 -25.591934 6.9566541 0
-19.584177 5.3708215 6.8465157 0
-47.553097 -32.882328 7.1735792 0
-48.59679 -32.004116 7.0874405 0
-46.773006 -31.58947 7.1528602 0
-49.511753 -31.322586 7.0816298 0
-47.836201 -31.394199 7.1940002 0
-45.278053 -29.667534 7.0412989 0
-45.153996 -29.028835 7.1189132 0
-44.297909 -29.012737 7.1197634 0
-45.347626 -28.448984 7.09341 0
-45.129135 -27.609446 7.1199799 0
-33.17263 -27.682177 7.040453 0
-43.875023 -27.292141 7.1117234 0
-43.056232 -26.025986 7.1765671 0
-41.9039 -25.817692 7.058279 0
-47.740913 -34.097073 7.2056723 0
-48.550335 -32.064232 7.2146988 0
-49.410572 -31.319405 7.2622814 0
-49.717102 -30.485842 7.2735066 0
-49.443199 -30.132072 7.3936353 0
-45.241932 -29.910456 7.2000718 0
-45.277657 -28.539814 7.2878075 0
-45.215031 -27.525093 7.3818064 0
-48.277 -32.574631 7.5184221 0
-49.12463 -29.817667 7.4200673 0
-48.895485 -29.597279 7.4384847 0
-48.711166 -29.429466 7.4513726 0
-48.581703 -29.285177 7.4654727 0
-49.14233 -28.86451 7.4697514 0
-45.278423 -27.47876 7.552557 0
-32.989944 -26.719761 7.4954119 0
-43.208744 -25.964443 7.4328585 0
-41.864365 -25.919378 7.4039836 0
-49.48843 -31.88014 7.7582426 0
-41.934288 -26.00602 7.78757 0
-43.176659 -25.824747 7.6375542 0
-40.305042 -24.318974 7.6319442 0
-50.495026 -30.638811 7.9022083 0
-50.189648 -30.618958 7.9564581 0
-50.357853 -30.529459 7.9087448 0
-48.196041 -30.424601 7.868278 0
-48.06567 -30.28027 7.8979077 0
-45.291435 -27.353231 7.8171492 0
-39.488777 -24.56374 7.8296223 0
-50.830696 -31.156551 8.1839905 0
-50.151062 -30.658348 8.0861788 0
-51.368961 -30.212278 8.1752911 0
-32.817856 -28.254345 8.1599503 0
-45.379551 -27.265259 8.0916338 0
-43.350143 -25.691891 8.0350113 0
-38.827637 -24.845432 8.1163855 0
-48.792511 -32.611458 8.307373 0
-48.43277 -32.532238 8.2318363 0
-51.47147 -32.193249 8.3550758 0
-49.049618 -31.679253 8.2115374 0
-51.35968 -31.289171 8.3252335 0
-50.078876 -30.758825 8.2544317 0
-45.445873 -27.209801 8.2805862 0
-52.381683 -31.509632 8.581789 0
-50.489502 -31.460094 8.4151793 0
-50.009083 -30.85154 8.4294176 0
-47.114025 -28.010014 8.4147282 0
-48.653652 -27.847788 8.5522251 0
-38.616653 -23.917576 8.5696793 0
-54.810539 -32.209461 8.6523523 0
-50.372475 -31.721615 8.7720089 0
-51.343128 -31.424873 8.7767334 0
-49.867119 -31.038923 8.7887144 0
-49.936836 -30.949297 8.6056023 0
-51.481586 -30.688496 8.6928644 0
-46.912174 -28.093935 8.6709261 0
-48.60342 -27.917057 8.688261 0
-48.519436 -27.370403 8.7469378 0
-32.560661 -27.299494 8.6145115 0
-45.515865 -27.031744 8.716485 0
-64.611984 -39.26194 8.9001827 0
-48.852798 -32.783764 8.8354616 0
-51.203026 -31.193794 8.8632317 0
-49.818584 -31.102755 8.9121819 0
-51.421932 -30.678192 8.977334 0
-52.306004 -29.81605 8.9957314 0
-46.929565 -29.462454 8.8559885 0
-51.477314 -29.17239 8.9958572 0
-51.320587 -29.109985 8.9737663 0
-46.699814 -28.212885 8.9107733 0
-48.534264 -28.009457 8.867548 0
-48.463081 -27.440149 8.8800192 0
-48.178181 -26.854904 8.8464041 0
-36.848652 -23.535486 8.9578085 0
-51.286091 -30.830734 9.1401958 0
-52.471134 -29.880375 9.0158987 0
-52.335205 -29.889368 9.1139412 0
-51.403648 -29.198351 9.083643 0
-51.276237 -29.188202 9.0382252 0
-48.434097 -28.138393 9.1140213 0
-48.395607 -27.532856 9.0601377 0
-48.124397 -26.828283 9.0506077 0
-48.827744 -26.69643 9.1398592 0
-51.142605 -31.381781 9.2489071 0
-51.199432 -30.953308 9.3404694 0
-52.317268 -29.912334 9.3016529 0
-51.741611 -29.90238 9.3647041 0
-51.458683 -29.717943 9.3527708 0
-48.031986 -28.442852 9.3107433 0
-48.919102 -27.961176 9.2122288 0
-48.848713 -27.68869 9.3408718 0
-48.32283 -27.626154 9.2392921 0
-48.899197 -26.834072 9.3866711 0
-48.93359 -26.777285 9.2693663 0
-37.172249 -24.541885 9.2223663 0
-51.116501 -31.0702 9.5467243 0
-53.831493 -30.693327 9.4046917 0
-53.763664 -30.383387 9.5754566 0
-50.96928 -30.114265 9.5768137 0
-48.855797 -28.019348 9.4559231 0
-48.752132 -27.833336 9.5199604 0
-48.825615 -26.908152 9.5324106 0
-49.027073 -26.325764 9.5402527 0
-48.922398 -26.207045 9.4296789 0
-48.996452 -26.011019 9.5598488 0
-51.107819 -31.602995 9.62006 0
-50.991676 -31.160257 9.7539558 0
-52.165421 -30.021847 9.6435766 0
-52.197826 -29.995834 9.7759571 0
-52.99725 -29.609236 9.7398968 0
-52.878151 -29.521982 9.7431908 0
-47.898705 -28.614124 9.6998749 0
-48.77029 -28.111012 9.6701498 0
-48.664688 -27.975729 9.7063618 0
-47.882332 -27.040382 9.7656498 0
-48.791046 -26.987089 9.6898184 0
-48.982185 -26.383848 9.6527014 0
-36.582035 -26.119333 9.6927891 0
-48.587593 -25.714317 9.6155396 0
-45.659195 -23.632383 9.7359447 0
-41.742447 -22.762892 9.6650467 0
-50.936619 -31.855576 9.931036 0
-52.152485 -30.070087 9.8989716 0
-52.826878 -29.588058 9.9063921 0
-49.955338 -29.348646 9.9971809 0
-48.649857 -28.217018 9.866765 0
-48.73003 -27.065315 9.840991 0
-47.845329 -27.073313 9.8798037 0
-48.889633 -26.511587 9.8968277 0
-48.683781 -25.647184 9.8927488 0
-47.240852 -25.614012 9.852993 0
-45.263561 -24.160868 9.8394318 0
-51.010162 -29.14868 10.048555 0
-53.29557 -28.476673 10.041406 0
-53.001095 -28.12525 10.167701 0
-52.671562 -27.815706 10.197696 0
-48.8083 -26.619957 10.105387 0
-48.772446 -25.578709 10.158985 0
-36.385086 -25.17695 10.178709 0
-45.222878 -24.275019 10.18111 0
-51.371819 -30.216351 10.383045 0
-52.454426 -27.603622 10.219813 0
-52.281975 -27.436369 10.237827 0
-52.148705 -27.299534 10.251398 0
-48.762474 -25.496029 10.33165 0
-53.905132 -28.895941 10.594971 0
-53.764725 -28.798565 10.596843 0
-45.27779 -24.372215 10.558641 0
-52.695103 -29.745125 10.610859 0
-52.599323 -29.512678 10.707972 0
-53.574059 -28.925373 10.695595 0
-51.361 -28.204765 10.771397 0
-51.218082 -28.070881 10.797857 0
-36.210854 -26.73391 10.785384 0
-48.844372 -25.422443 10.60298 0
-43.382946 -22.134327 10.787573 0
-53.483139 -29.051815 10.925604 0
-54.978439 -28.263605 10.903113 0
-48.90807 -25.33548 10.881464 0
-42.578053 -22.39522 10.974522 0
-51.860355 -30.264566 11.198014 0
-51.503567 -30.182251 11.108359 0
-53.415779 -29.143789 11.10092 0
-53.914642 -28.818974 11.186401 0
-54.886761 -28.180595 11.073084 0
-48.911774 -25.245075 11.088632 0
-58.23597 -30.470764 11.307908 0
-53.341827 -29.252714 11.270494 0
-53.560707 -29.125629 11.3964 0
-54.453659 -28.936974 11.369773 0
-52.032024 -26.165695 11.319746 0
-35.941681 -25.799126 11.270675 0
-41.93689 -22.745131 11.220408 0
-67.790611 -36.838524 11.505842 0
-55.54718 -29.279566 11.453636 0
-53.309727 -29.287096 11.479454 0
-54.632019 -28.485184 11.586963 0
-51.977966 -26.240591 11.45031 0
-50.240807 -25.835587 11.413069 0
-51.87809 -25.698 11.522491 0
-49.015091 -25.11002 11.525555 0
-51.89286 -30.451321 11.720942 0
-53.433064 -29.386103 11.749891 0
-54.401569 -29.099689 11.796305 0
-55.863457 -28.178356 11.734143 0
-55.684776 -28.157362 11.744415 0
-54.861084 -27.492281 11.721927 0
-54.694546 -27.467686 11.716947 0
-51.910667 -26.339369 11.626375 0
-50.093918 -25.857431 11.733246 0
-51.823193 -25.773104 11.653621 0
-51.512794 -25.185986 11.630393 0
-41.69743 -21.839767 11.70945 0
-54.263596 -28.864384 11.885853 0
-54.579708 -28.475037 11.883456 0
-55.779926 -28.182964 11.888622 0
-54.70652 -27.492966 11.818224 0
-51.840088 -26.439142 11.801704 0
-51.780102 -26.516367 11.93222 0
-49.831562 -26.063543 11.90005 0
-51.783642 -25.876488 11.837555 0
-52.180157 -25.034925 11.943249 0
-51.470142 -25.169586 11.841044 0
-54.443203 -28.638494 12.036173 0
-55.699673 -28.204763 12.024442 0
-51.68581 -25.973005 12.006441 0
-52.260544 -25.149672 12.124857 0
-39.913048 -21.49231 12.103214 0
-54.187492 -29.056751 12.266635 0
-54.355583 -28.772875 12.228424 0
-55.548199 -28.329948 12.35904 0
-54.309517 -26.998251 12.3994 0
-51.085541 -26.106245 12.241049 0
-52.045822 -25.803429 12.224243 0
-51.952629 -25.544027 12.352275 0
-52.185944 -25.262535 12.330885 0
-52.374176 -24.677216 12.358322 0
-52.357239 -24.37483 12.392525 0
-40.262047 -22.508415 12.326931 0
-54.274033 -28.898157 12.429729 0
-56.92749 -28.207069 12.496469 0
-55.58815 -28.331734 12.488198 0
-54.598167 -27.177752 12.434341 0
-51.985447 -25.871971 12.46673 0
-51.879795 -25.690298 12.538623 0
-52.146019 -25.345524 12.48291 0
-52.324284 -24.737415 12.467334 0
-51.919922 -24.069263 12.450017 0
-44.824055 -20.385864 12.436041 0
-54.130169 -29.290878 12.625534 0
-54.154572 -28.990919 12.636862 0
-55.535034 -28.390217 12.611323 0
-56.134033 -27.436514 12.692884 0
-56.012215 -27.354294 12.69615 0
-53.817417 -27.381897 12.601892 0
-50.932785 -26.284365 12.619864 0
-51.872982 -25.984419 12.660229 0
-51.78471 -25.844704 12.712996 0
-52.087326 -25.430002 12.631042 0
-51.194016 -25.447989 12.661694 0
-52.23074 -24.874443 12.706173 0
-52.076359 -24.075178 12.657133 0
-39.674709 -24.111734 12.719822 0
-49.035774 -22.070757 12.623859 0
-53.951664 -29.538988 12.931774 0
-55.969959 -27.408941 12.873007 0
-52.974506 -27.037317 12.990934 0
-56.655605 -26.793375 12.817634 0
-56.369087 -26.455347 12.953748 0
-56.030521 -26.148405 12.991827 0
-51.778549 -26.090515 12.865915 0
-52.162716 -24.995794 12.910818 0
-52.066864 -24.004095 12.823866 0
-50.327446 -23.505795 12.956346 0
-54.022766 -26.849966 13.083839 0
-55.814774 -25.939857 13.020061 0
-55.644897 -25.777431 13.041695 0
-55.507446 -25.681435 13.038637 0
-52.102158 -23.918669 13.087467 0
-48.338646 -22.07279 13.000682 0
-52.12545 -23.822735 13.358253 0
-39.468521 -23.194088 13.24789 0
-48.291672 -22.201948 13.335152 0
-54.16412 -27.514065 13.416879 0
-57.03056 -26.755787 13.582945 0
-56.885822 -26.670929 13.57922 0
-52.22028 -23.806705 13.536737 0
-56.680386 -26.814734 13.746184 0
-56.719215 -26.765659 13.619115 0
-58.338547 -26.595371 13.700011 0
-39.285309 -24.780695 13.779596 0
-52.289284 -23.772211 13.72051 0
-48.370338 -22.319592 13.714735 0
-46.402794 -19.696011 13.688454 0
-56.611427 -26.92086 13.911617 0
-55.359856 -26.850546 13.803885 0
-58.171471 -26.493212 13.85918 0
-54.351421 -25.918777 13.838734 0
-54.214008 -25.780375 13.866721 0
-52.300861 -23.699974 13.922049 0
-45.601608 -19.998768 13.814114 0
-54.248531 -27.50383 14.14208 0
-56.535576 -27.046038 14.066848 0
-44.96257 -20.396345 14.001373 0
-61.364639 -28.299522 14.255185 0
-56.472309 -27.134325 14.247448 0
-56.663696 -26.172256 14.384193 0
-39.032265 -23.870119 14.309058 0
-52.397842 -23.58284 14.353115 0
-56.400826 -27.244217 14.419353 0
-56.29961 -26.474663 14.57286 0
-57.181957 -26.311405 14.581951 0
-55.096642 -24.116669 14.486864 0
-53.238373 -23.545454 14.487667 0
-44.72604 -19.50016 14.500801 0
-54.606644 -27.784006 14.776386 0
-57.286205 -27.203007 14.601462 0
-58.502308 -27.038307 14.672367 0
-57.584526 -26.241333 14.77906 0
-58.894371 -26.036169 14.758588 0
-57.887291 -25.355267 14.775478 0
-52.766335 -24.414528 14.764814 0
-54.998253 -24.265768 14.719643 0
-54.942177 -23.660061 14.713414 0
-53.043682 -23.61075 14.759228 0
-54.594234 -23.115973 14.777062 0
-56.15937 -26.73041 14.924652 0
-59.973827 -26.450815 14.849857 0
-58.893024 -26.079056 14.921324 0
-58.781876 -26.082882 14.810227 0
-57.89077 -25.408167 14.878964 0
-57.734955 -25.412951 14.855851 0
-57.792816 -25.392889 14.801284 0
-54.931137 -24.373634 14.891713 0
-54.848358 -23.809042 14.948532 0
-54.571983 -23.119884 14.916565 0
-42.907703 -19.143818 14.82019 0
-70.718155 -34.715965 15.09108 0
-57.122299 -26.460176 15.02797 0
-57.526352 -26.225903 15.083204 0
-56.975365 -26.233555 15.105765 0
-58.796658 -26.133339 15.09403 0
-54.883518 -24.454403 15.022932 0
-54.804764 -23.92058 15.124601 0
-54.554428 -23.104567 15.067949 0
-55.252586 -22.970493 15.097727 0
-43.239182 -20.165913 15.040212 0
-57.373413 -26.405111 15.214889 0
-58.661415 -26.251968 15.38287 0
-54.996906 -23.543068 15.364605 0
-53.824722 -23.440557 15.357222 0
-55.331123 -23.0923 15.274111 0
-42.638084 -21.771442 15.383957 0
-47.599251 -17.660233 15.314447 0
-57.282234 -26.534174 15.408364 0
-56.867012 -26.444233 15.465804 0
-58.703651 -26.266392 15.51066 0
-55.240753 -23.21566 15.468614 0
-54.901325 -23.28483 15.493952 0
-55.439285 -22.627943 15.530555 0
-55.423164 -22.328968 15.579454 0
-57.197422 -26.653427 15.610998 0
-59.908424 -26.270588 15.611126 0
-58.632034 -26.351599 15.671731 0
-59.829037 -25.98444 15.787218 0
-54.871819 -23.670408 15.700646 0
-53.645073 -23.627054 15.718739 0
-54.829212 -23.430685 15.680742 0
-54.290443 -23.42975 15.795543 0
-55.203175 -23.307566 15.61877 0
-55.166794 -23.39966 15.769081 0
-55.403469 -22.700256 15.639322 0
-54.98455 -22.03207 15.649136 0
-57.061455 -26.760117 15.803321 0
-56.79845 -26.67186 15.829936 0
-59.048939 -25.221436 15.964652 0
-58.931076 -25.129791 15.972586 0
-59.747166 -24.722887 15.91762 0
-54.692787 -23.842464 15.984596 0
-54.725101 -23.587444 15.847414 0
-55.312431 -22.849594 15.871065 0
-55.144096 -22.048418 15.857103 0
-42.409393 -20.861633 15.917099 0
-52.058979 -20.059685 15.898654 0
-56.598183 -26.92741 16.117233 0
-58.880592 -25.188513 16.145319 0
-55.64716 -24.414593 16.181086 0
-59.465107 -24.397776 16.067446 0
-59.12952 -24.09713 16.118292 0
-58.888237 -23.88793 16.153135 0
-58.715462 -23.726885 16.182447 0
-58.585743 -23.620892 16.191082 0
-55.232868 -22.976707 16.069183 0
-55.063019 -21.947874 16.019739 0
-53.272778 -21.246033 16.068821 0
-51.286438 -19.799627 16.052893 0
-56.701088 -24.23238 16.349394 0
-58.95647 -23.517479 16.283091 0
-55.160873 -21.907578 16.294779 0
-51.214832 -19.932259 16.379538 0
-42.211578 -22.454506 16.416327 0
-61.390587 -24.565363 16.628767 0
-55.211426 -21.810854 16.66152 0
-51.291069 -20.059286 16.764393 0
-48.307343 -17.313457 16.745869 0
-49.13559 -17.063778 16.649437 0
-61.376392 -24.515137 16.905514 0
-59.915169 -24.557407 16.907305 0
-59.690796 -24.504147 16.927074 0
-55.341763 -21.7864 16.936594 0
-41.926613 -21.5522 16.947664 0
-47.660385 -17.708408 16.890039 0
-59.546051 -24.63192 17.127174 0
-56.976696 -23.337069 17.12199 0
-56.844158 -23.194296 17.150373 0
-55.352455 -21.723835 17.141441 0
-59.402496 -24.839838 17.374195 0
-59.453773 -24.767406 17.265478 0
-47.391426 -16.819052 17.390526 0
-59.327599 -24.941418 17.54397 0
-64.217163 -26.149647 17.729668 0
-59.245403 -25.061916 17.706787 0
-57.997406 -21.874275 17.720882 0
-55.394066 -21.588942 17.602057 0
-55.859978 -20.961494 17.768627 0
-45.562149 -16.449198 17.6157 0
-57.939018 -21.957186 17.844694 0
-57.833908 -21.420887 17.946167 0
-55.618622 -21.068314 17.984058 0
-45.879662 -17.481178 17.833574 0
-61.068233 -24.519144 18.167759 0
-61.821167 -23.906227 18.181532 0
-61.653702 -23.839252 18.16008 0
-60.809475 -23.203451 18.179321 0
-60.635914 -23.213541 18.184956 0
-60.65242 -23.139812 18.155783 0
-57.856133 -22.068325 18.006369 0
-57.782246 -22.178278 18.173855 0
-57.770569 -21.503944 18.067955 0
-57.475677 -20.921398 18.074896 0
-45.240944 -19.087004 18.105148 0
-61.673637 -23.914776 18.277264 0
-60.158741 -23.70578 18.249901 0
-60.735039 -23.242424 18.259497 0
-60.575989 -23.237324 18.234253 0
-57.710522 -22.265284 18.294067 0
-57.692699 -21.614799 18.233475 0
-55.414879 -21.166193 18.232079 0
-57.417877 -20.917091 18.280315 0
-61.644497 -23.953041 18.462021 0
-60.078938 -23.704262 18.542107 0
-57.625519 -21.725576 18.403616 0
-58.202694 -20.8738 18.543224 0
-58.101929 -20.781836 18.416033 0
-61.511196 -24.077847 18.720598 0
-59.919304 -23.88088 18.664448 0
-58.084068 -21.035599 18.784794 0
-58.161304 -20.945932 18.650227 0
-57.56921 -20.997648 18.745853 0
-58.178482 -20.323832 18.759356 0
-44.994942 -18.186804 18.646214 0
-61.505096 -24.092804 18.916821 0
-59.814404 -24.015753 18.846958 0
-58.026623 -21.127298 18.928904 0
-57.476948 -21.076887 18.97241 0
-57.485142 -20.7369 18.888149 0
-58.255875 -20.486782 18.915846 0
-58.26511 -20.155285 18.917191 0
-57.821678 -19.853798 18.972626 0
-73.164536 -32.344273 19.098766 0
-61.450344 -24.168358 19.031639 0
-59.713188 -24.144604 19.036591 0
-57.97876 -21.220619 19.074839 0
-57.113121 -21.246252 19.066151 0
-57.362888 -21.187878 19.163105 0
-57.371178 -20.894844 19.043781 0
-58.145576 -20.63562 19.139734 0
-44.748161 -19.788198 19.095722 0
-54.892494 -17.859465 19.134647 0
-59.562321 -24.258709 19.215065 0
-62.42749 -23.783688 19.206097 0
-62.342373 -23.49135 19.392199 0
-62.528862 -22.570797 19.389809 0
-57.221931 -21.309258 19.33633 0
-57.264278 -21.051636 19.206837 0
-58.100597 -20.73881 19.278564 0
-57.866505 -19.793941 19.253679 0
-55.809307 -18.697334 19.391296 0
-53.864223 -17.230528 19.308182 0
-61.501526 -22.689049 19.534285 0
-62.250343 -22.250988 19.53244 0
-61.926548 -21.953184 19.575243 0
-58.022202 -20.826973 19.420769 0
-57.989834 -19.779802 19.536234 0
-61.379185 -22.711859 19.69701 0
-61.688488 -21.7432 19.604191 0
-61.522331 -21.580858 19.630548 0
-61.38195 -21.441521 19.652578 0
-57.954643 -19.703959 19.716021 0
-44.451836 -18.894709 19.632608 0
-53.776306 -17.370209 19.628311 0
-56.169994 -21.893108 19.999836 0
-58.027744 -19.661526 19.995901 0
-56.449654 -22.0811 20.034111 0
-53.827538 -17.50622 20.012901 0
-55.661617 -22.272139 20.205967 0
-58.134949 -19.639622 20.272552 0
-60.919952 -23.183466 20.550278 0
-64.131546 -22.399323 20.445475 0
-62.306641 -22.05917 20.529732 0
-62.071144 -22.082483 20.565634 0
-58.067139 -19.532671 20.498106 0
-62.010921 -22.166187 20.65913 0
-61.879608 -22.336969 20.887968 0
-58.201843 -19.480038 20.925533 0
-61.811577 -22.406483 21.116159 0
-61.719734 -22.53895 21.179224 0
-56.021534 -22.36005 21.040627 0
-61.661289 -22.611252 21.288967 0
-58.94532 -22.3181 21.304081 0
-59.566536 -21.868036 21.244101 0
-57.197395 -21.725483 21.363708 0
-60.443241 -19.417704 21.301025 0
-66.611053 -23.764122 21.562849 0
-60.285271 -19.616247 21.574291 0
-60.376923 -19.502731 21.419346 0
-60.268051 -18.967049 21.52483 0
-56.102455 -22.323875 21.759556 0
-60.198647 -19.729601 21.733755 0
-60.197327 -19.052271 21.64138 0
-59.890537 -18.461277 21.636049 0
-56.451908 -22.411884 21.870811 0
-64.210793 -21.495407 21.934744 0
-64.03244 -21.47438 21.927814 0
-58.535107 -21.013641 21.941843 0
-63.133812 -20.830631 21.960907 0
-62.975563 -20.816496 21.93206 0
-63.214684 -20.798546 21.879679 0
-63.048252 -20.760157 21.869711 0
-60.127514 -19.816677 21.851807 0
-60.034615 -19.279942 21.965233 0
-60.143295 -19.170589 21.813341 0
-59.837856 -18.465078 21.847328 0
-59.272163 -22.460768 22.12286 0
-59.100121 -22.026455 22.188984 0
-65.196632 -21.911226 22.094088 0
-64.107498 -21.504471 22.082796 0
-58.169991 -21.299988 22.14687 0
-59.051796 -21.150581 22.145046 0
-60.616062 -18.439167 22.158703 0
-60.522472 -18.342907 22.02774 0
-64.020493 -21.549921 22.201307 0
-54.651203 -19.197134 22.240421 0
-60.483883 -18.605158 22.389681 0
-60.555676 -18.509287 22.256355 0
-60.571682 -17.886824 22.380682 0
-56.455315 -22.583359 22.402649 0
-63.834206 -21.700451 22.507929 0
-60.426327 -21.79755 22.530197 0
-58.015457 -21.551531 22.49589 0
-58.99139 -21.278347 22.597729 0
-60.391388 -18.722282 22.557646 0
-60.652344 -18.061829 22.542007 0
-60.655582 -17.724953 22.54895 0
-49.579502 -12.354738 22.506187 0
-63.772812 -21.80423 22.789543 0
-63.858597 -21.708317 22.64126 0
-58.844257 -21.050728 22.661455 0
-60.337296 -18.818441 22.701162 0
-59.477604 -18.808033 22.606958 0
-60.52813 -18.21417 22.755606 0
-55.723583 -18.211176 22.789127 0
-57.325584 -15.413915 22.632193 0
-59.689522 -22.543785 22.967905 0
-59.345345 -22.455463 22.858879 0
-60.475204 -18.286968 22.855682 0
-60.399796 -18.383661 22.990194 0
-60.282433 -17.389545 22.880527 0
-58.743988 -21.231522 23.042965 0
-61.723232 -21.077435 23.189671 0
-55.546333 -18.377367 23.162352 0
-60.343418 -17.355396 23.161573 0
-62.317924 -22.082745 23.38937 0
-61.353462 -21.400352 23.351448 0
-62.238804 -21.209335 23.397785 0
-64.887383 -20.213156 23.207664 0
-64.596008 -19.887983 23.342474 0
-64.264633 -19.583689 23.37306 0
-64.022583 -19.370577 23.392572 0
-60.319321 -17.298353 23.34025 0
-59.681313 -22.75309 23.483238 0
-58.661308 -21.45668 23.40274 0
-57.773159 -19.417538 23.494442 0
-63.850163 -19.207155 23.41153 0
-63.716644 -19.088753 23.417019 0
-61.200676 -21.677019 23.682293 0
-58.461163 -21.69318 23.704456 0
-57.54459 -19.166302 23.661514 0
-60.343781 -17.242752 23.624729 0
-51.133827 -11.766865 23.787161 0
-62.164192 -21.377369 23.827965 0
-62.008652 -21.157459 23.903828 0
-58.586227 -19.002731 23.805361 0
-60.399143 -17.202957 23.917288 0
-50.312187 -12.004558 23.898125 0
-58.792572 -18.433826 24.130589 0
-60.377174 -17.136627 24.133085 0
-52.45919 -12.786848 24.047215 0
-49.636925 -12.334442 24.080158 0
-61.983208 -21.333817 24.333887 0
-66.392021 -20.075819 24.255573 0
-66.425362 -20.070925 24.455173 0
-58.61834 -18.626041 24.493065 0
-58.896141 -18.060919 24.560266 0
-58.759827 -17.919601 24.576855 0
-60.437641 -17.061506 24.58662 0
-49.381119 -11.420512 24.542246 0
-61.834747 -21.598526 24.63125 0
-47.574493 -11.020442 24.758753 0
-61.620064 -21.88068 24.891743 0
-60.614098 -19.386169 24.981569 0
-61.653671 -19.190008 25.173098 0
-57.795326 -15.653556 25.089893 0
-47.866409 -12.043965 25.016991 0
-57.56654 -15.744056 25.319899 0
-47.203979 -13.62812 25.357922 0
-57.332088 -15.867699 25.533546 0
-53.143539 -12.545961 25.442753 0
-53.902962 -12.092108 25.476608 0
-62.967281 -19.247971 25.650276 0
-62.071793 -18.417515 25.701431 0
-52.461182 -12.86296 25.612812 0
-61.896317 -18.298368 25.977699 0
-46.963791 -12.701498 25.857906 0
-61.823818 -18.582958 26.111885 0
-62.047901 -18.3577 26.05006 0
-61.771835 -18.150671 26.018324 0
-59.526947 -15.661826 26.083374 0
-59.42688 -15.400873 26.19845 0
-52.165073 -11.989687 26.12553 0
-61.729603 -18.688999 26.316357 0
-59.429909 -15.731336 26.309288 0
-59.313667 -15.549671 26.362997 0
-46.716518 -14.278847 26.381708 0
-50.336075 -11.665455 26.315243 0
-61.620182 -18.819139 26.502037 0
-59.293667 -15.840281 26.489285 0
-59.199738 -15.699692 26.529289 0
-50.654339 -12.692682 26.515923 0
-55.868607 -11.834513 26.477459 0
-61.404518 -18.975555 26.635309 0
-64.336716 -18.47538 26.661745 0
-60.742241 -15.921179 26.690018 0
-59.145935 -15.954408 26.664654 0
-50.061291 -14.317556 26.745712 0
-57.799751 -13.319586 26.626509 0
-74.898743 -27.103939 26.925911 0
-64.252495 -18.201836 26.812901 0
-63.482353 -17.417892 26.931442 0
-63.366486 -17.323612 26.930902 0
-60.493423 -16.03797 26.891476 0
-46.399017 -13.35879 26.872715 0
-55.782818 -11.959446 26.804329 0
-63.525608 -20.927191 27.157887 0
-66.015778 -19.408846 27.127583 0
-65.061996 -18.614628 27.188606 0
-63.299854 -17.3902 27.089876 0
-60.23764 -16.218124 27.052567 0
-55.799042 -12.072736 27.181705 0
-49.776173 -13.433828 27.295469 0
-64.813744 -18.806982 27.588907 0
-65.026764 -18.578392 27.539351 0
-64.703926 -18.953224 27.760845 0
-62.408142 -15.973333 27.672613 0
-62.294327 -15.723874 27.799883 0
-49.541206 -15.049073 27.704624 0
-64.600372 -19.088543 27.945152 0
-62.542744 -19.081697 27.964815 0
-62.261154 -18.897659 27.933422 0
-64.310249 -16.747353 27.910873 0
-64.168221 -16.663134 27.889002 0
-63.997215 -16.74815 27.916828 0
-62.302761 -16.062239 27.887032 0
-62.180347 -15.887424 27.950378 0
-64.391655 -19.252554 28.069529 0
-61.76049 -19.294918 28.113115 0
-63.897804 -16.85849 28.109554 0
-62.131535 -16.114048 28.091816 0
-78.170013 -26.923546 28.225212 0
-67.306213 -18.642532 28.218851 0
-67.208664 -18.381598 28.385008 0
-63.766365 -17.011501 28.35037 0
-62.051155 -16.304253 28.245289 0
-49.209881 -14.172411 28.250589 0
-60.575871 -13.727304 28.309952 0
-58.600971 -12.301142 28.204144 0
-66.406349 -17.644985 28.519821 0
-66.286041 -17.557665 28.518797 0
-63.673256 -17.127281 28.506418 0
-62.40559 -14.014878 28.54911 0
-58.507389 -12.448821 28.518877 0
-66.216286 -17.640306 28.667866 0
-63.589142 -17.214474 28.681629 0
-62.342945 -14.093288 28.674568 0
-62.244137 -13.552475 28.758619 0
-62.092133 -19.417839 28.941864 0
-68.519287 -18.420856 28.998783 0
-62.153294 -14.305711 28.993801 0
-62.255356 -14.197898 28.837795 0
-62.178574 -13.63177 28.882114 0
-61.884907 -13.040885 28.853781 0
-58.543617 -12.58983 28.898935 0
-65.163773 -15.402072 29.189672 0
-65.009827 -15.342314 29.150339 0
-64.987267 -15.389383 29.199684 0
-62.092369 -14.384308 29.121496 0
-62.089184 -13.736984 29.0448 0
-61.815372 -13.030692 29.055988 0
-63.166401 -18.777281 29.273161 0
-66.153389 -16.114273 29.270895 0
-65.968063 -16.077003 29.270151 0
-65.082039 -15.426832 29.274153 0
-64.925064 -15.418732 29.240076 0
-62.001671 -13.842685 29.20936 0
-62.593281 -13.000671 29.364906 0
-62.512909 -12.913329 29.235998 0
-67.185394 -17.009701 29.562292 0
-66.87619 -17.003883 29.576204 0
-67.042351 -16.92053 29.550133 0
-67.125671 -16.524109 29.451672 0
-66.056808 -16.128582 29.413877 0
-65.959297 -16.147903 29.542618 0
-62.543278 -13.069187 29.470438 0
-62.567638 -12.444437 29.567133 0
-62.501945 -19.494621 29.780224 0
-62.160542 -19.403122 29.671618 0
-66.840256 -17.044004 29.715649 0
-65.873833 -16.236382 29.693813 0
-62.388115 -13.240788 29.743961 0
-62.473866 -13.1551 29.611042 0
-62.606255 -12.639826 29.782946 0
-62.651661 -12.567576 29.67687 0
-62.649609 -12.274424 29.72629 0
-62.212269 -11.963176 29.751083 0
-59.321442 -9.8997965 29.707413 0
-64.552765 -18.041214 29.974886 0
-66.643272 -17.307066 29.979147 0
-66.729126 -17.199774 29.822113 0
-65.780281 -16.273512 29.924032 0
-62.310661 -13.330628 29.882792 0
-61.457813 -13.336496 29.831985 0
-62.524513 -12.755088 29.95537 0
-65.133904 -19.053288 30.189396 0
-64.188454 -18.346939 30.15526 0
-65.055412 -18.189362 30.166821 0
-66.551849 -17.431482 30.126974 0
-65.735703 -16.363152 30.10112 0
-62.453472 -12.815425 30.055342 0
-62.381214 -12.906942 30.194775 0
-62.275707 -11.916271 30.041836 0
-62.500648 -19.683483 30.309475 0
-66.459633 -17.554829 30.280207 0
-60.61414 -16.339808 30.2404 0
-65.172943 -14.385704 30.323742 0
-62.342335 -11.874254 30.321363 0
-64.020096 -18.630482 30.473946 0
-66.847229 -14.783504 30.487789 0
-65.061852 -14.533327 30.516005 0
-64.973839 -13.942683 30.545883 0
-62.367191 -11.835855 30.50268 0
-71.428062 -18.605837 30.660763 0
-64.990044 -18.333281 30.617907 0
-64.83625 -18.110905 30.688549 0
-64.924927 -14.711161 30.744434 0
-66.556564 -14.447453 30.608206 0
-66.227394 -14.137731 30.625416 0
-64.914284 -14.03255 30.666857 0
-65.993225 -13.922212 30.636662 0
-65.818741 -13.755789 30.647646 0
-65.703209 -13.683345 30.624479 0
-66.043686 -13.554618 30.767159 0
-64.617081 -13.454334 30.676754 0
-62.366978 -11.754547 30.77832 0
-55.366745 -9.644187 30.658209 0
-68.805725 -16.333834 30.979326 0
-67.956543 -15.711039 30.953186 0
-67.766533 -15.698143 30.957399 0
-61.641724 -15.353902 30.854351 0
-64.851448 -14.802297 30.858112 0
-64.737381 -14.270145 30.97641 0
-64.821281 -14.151132 30.818863 0
-64.53653 -13.45796 30.87392 0
-64.729645 -18.311852 31.057985 0
-69.951683 -16.784935 31.194399 0
-68.866982 -16.418564 31.155037 0
-68.765205 -16.406576 31.035641 0
-68.969635 -16.397099 31.013237 0
-67.874809 -15.74727 31.030628 0
-65.218201 -13.326836 31.076859 0
-62.389053 -11.679794 31.071964 0
-68.746918 -16.476458 31.313843 0
-61.469013 -15.535238 31.223934 0
-65.278641 -13.459465 31.254547 0
-62.428505 -11.644903 31.27364 0
-64.649818 -18.546064 31.414188 0
-68.580276 -16.61598 31.574739 0
-68.685669 -16.558475 31.418587 0
-68.428818 -14.649266 31.543629 0
-65.076378 -13.690811 31.55308 0
-65.156479 -13.59128 31.424385 0
-65.353958 -13.015806 31.549032 0
-65.249748 -12.879193 31.438881 0
-64.443886 -18.805662 31.695068 0
-68.600266 -16.623287 31.708927 0
-63.473186 -16.293385 31.743784 0
-68.249985 -14.551104 31.689623 0
-64.161484 -13.822689 31.615814 0
-65.020226 -13.792492 31.692842 0
-65.28965 -13.086112 31.64279 0
-65.321327 -12.71687 31.610411 0
-62.495094 -11.557707 31.712717 0
-61.913868 -10.462282 31.648037 0
-63.745323 -17.683651 31.902973 0
-68.539352 -16.709667 31.814728 0
-64.508606 -16.107517 31.925943 0
-65.160934 -13.244886 31.850368 0
-64.926201 -12.39189 31.937094 0
-65.061272 -13.385324 32.030403 0
-56.058342 -9.3817196 32.050854 0
-56.838142 -8.980876 32.051029 0
-69.586891 -15.124763 32.329163 0
-64.96489 -12.335823 32.310078 0
-55.380669 -9.6890259 32.230869 0
-69.274895 -14.804487 32.46167 0
-68.936684 -14.508965 32.489243 0
-68.705124 -14.304304 32.509571 0
-68.525192 -14.143818 32.526733 0
-68.37439 -14.013912 32.536961 0
-61.964622 -16.055477 32.770966 0
-62.599564 -15.61747 32.697334 0
-64.698074 -15.12825 32.729462 0
-65.015289 -12.286134 32.683861 0
-55.098351 -8.8036575 32.727119 0
-65.077072 -12.262993 32.971142 0
-53.270115 -8.4571991 32.908581 0
-64.98893 -12.165818 33.194939 0
-53.571625 -9.4819241 33.128075 0
-71.112488 -15.005142 33.240791 0
-63.613457 -12.807808 33.359104 0
-52.954178 -11.0954 33.388657 0
-71.135773 -15.003244 33.435291 0
-71.015343 -14.945894 33.599503 0
-63.373188 -12.915379 33.570763 0
-62.304855 -16.154406 33.614925 0
-63.137817 -13.052815 33.772182 0
-65.029602 -12.093098 33.654186 0
-68.835327 -16.335318 33.859936 0
-67.91803 -15.526634 33.924782 0
-63.377213 -15.528566 33.921917 0
-52.68119 -10.197664 33.921101 0
-62.37405 -16.12394 34.345245 0
-67.669518 -15.705816 34.330822 0
-67.877602 -15.492867 34.264103 0
-65.289757 -12.853126 34.351284 0
-52.444931 -11.801135 34.367245 0
-62.716972 -16.214031 34.458988 0
-67.555931 -15.851463 34.501663 0
-65.187927 -12.934904 34.571022 0
-65.186539 -12.597573 34.480137 0
-67.454437 -15.976336 34.69331 0
-64.779922 -14.784164 34.619785 0
-65.061203 -13.050508 34.751587 0
-64.958054 -12.915908 34.791325 0
-65.062355 -12.759471 34.626678 0
-62.704624 -16.400976 34.982758 0
-67.235802 -16.149412 34.80978 0
-65.358002 -15.784964 34.869637 0
-70.159973 -15.5602 34.950237 0
-64.411163 -15.083 34.80505 0
-65.289146 -14.92256 34.828373 0
-64.930016 -13.168419 34.930725 0
-60.863785 -13.031776 34.848888 0
-52.114136 -10.910786 34.892735 0
-63.498817 -10.578095 34.952511 0
-61.522362 -9.1347055 34.807945 0
-80.942924 -23.947113 35.127342 0
-70.065392 -15.290602 35.114773 0
-64.247215 -15.348562 35.139488 0
-61.424076 -9.2742033 35.124088 0
-55.692017 -6.2725515 35.119431 0
-65.237595 -15.10733 35.255932 0
-65.059135 -14.845805 35.330505 0
-69.274223 -14.534341 35.244305 0
-69.118401 -14.489985 35.31179 0
-68.989449 -14.526507 35.579025 0
-61.910259 -12.040688 35.449928 0
-61.455833 -9.4071045 35.505733 0
-64.947342 -15.041204 35.700649 0
-61.72884 -12.215387 35.816994 0
-64.865074 -15.266532 36.062588 0
-64.666534 -15.504181 36.361343 0
-70.05407 -13.910595 36.24897 0
-69.914932 -13.800013 36.25362 0
-69.714478 -13.936411 36.315407 0
-63.700653 -13.00142 36.331551 0
-69.597488 -14.078669 36.523689 0
-62.909103 -14.010695 36.468903 0
-64.747894 -12.816645 36.519161 0
-56.357758 -5.8919954 36.557316 0
-57.160824 -5.5951433 36.493984 0
-69.508629 -14.188692 36.678246 0
-55.697334 -6.2834048 36.689026 0
-69.323509 -14.424822 36.987366 0
-69.417221 -14.304812 36.83176 0
-68.075577 -11.238313 36.972672 0
-61.960304 -12.128618 37.168941 0
-61.673904 -11.948216 37.115547 0
-67.994385 -11.325616 37.079426 0
-67.881821 -10.790044 37.185349 0
-55.421715 -5.383913 37.165031 0
-74.278923 -15.508423 37.392921 0
-61.171619 -12.313764 37.322033 0
-64.888214 -11.745153 37.320518 0
-67.864311 -11.496002 37.317524 0
-67.814873 -10.876299 37.303795 0
-67.507111 -10.291248 37.292732 0
-53.586411 -5.0114594 37.334251 0
-70.683578 -12.505893 37.596481 0
-67.752106 -11.639263 37.51474 0
-67.725159 -10.990802 37.460583 0
-67.443298 -10.294003 37.498955 0
-53.895042 -6.0373816 37.582336 0
-71.851631 -13.281692 37.693859 0
-71.666451 -13.252293 37.688164 0
-70.680527 -12.613312 37.680622 0
-70.8423 -12.587271 37.617146 0
-70.665634 -12.584285 37.619038 0
-67.642792 -11.105295 37.621254 0
-67.364494 -10.283181 37.702862 0
-68.118179 -10.162662 37.695015 0
-72.821136 -13.66303 37.888863 0
-71.742104 -13.288179 37.841557 0
-68.21627 -10.259823 37.831646 0
-68.145805 -10.327692 37.923691 0
-63.877167 -9.5056982 37.852924 0
-53.264656 -7.6377988 37.878384 0
-71.620529 -13.339282 38.002308 0
-61.500858 -12.407041 38.161278 0
-68.065697 -10.422848 38.0532 0
-67.987 -10.519291 38.184517 0
-68.259972 -9.8435745 38.162926 0
-63.631821 -9.6075325 38.065666 0
-71.466675 -13.483006 38.33062 0
-67.920029 -10.615789 38.323727 0
-67.071739 -10.640204 38.249413 0
-68.195602 -9.9118404 38.258591 0
-68.240883 -9.5495157 38.221504 0
-64.863281 -7.2660866 38.212513 0
-52.995796 -6.7259665 38.389584 0
-71.409241 -13.554741 38.507801 0
-69.0802 -13.041486 38.473 0
-68.17057 -12.225319 38.516232 0
-62.584236 -11.791036 38.461918 0
-68.076546 -10.069572 38.471642 0
-67.812981 -9.1944304 38.53096 0
-67.958458 -10.199365 38.65237 0
-67.910561 -12.408782 38.911209 0
-61.568367 -12.362473 38.891064 0
-68.131477 -12.181901 38.856766 0
-72.474525 -11.979088 38.987598 0
-65.564865 -9.515954 38.877945 0
-67.900024 -9.1773119 38.822132 0
-52.729218 -8.3172379 38.866516 0
-67.805679 -12.531773 39.101513 0
-61.910397 -12.454606 39.009151 0
-72.181671 -11.659341 39.115318 0
-71.833344 -11.354889 39.135204 0
-71.599808 -11.14692 39.15049 0
-63.988541 -11.065419 39.138542 0
-71.414528 -10.984816 39.162304 0
-65.471413 -9.5884171 39.10743 0
-65.351952 -9.4091091 39.162483 0
-65.464531 -9.2561007 39.001637 0
-67.864929 -9.1161423 39.000137 0
-67.69986 -12.65612 39.291798 0
-63.612041 -11.356619 39.326035 0
-64.501244 -11.199629 39.361549 0
-71.636337 -10.782637 39.297794 0
-65.345566 -9.6978302 39.291965 0
-65.237671 -9.5636034 39.324055 0
-60.098206 -9.2432871 39.316025 0
-67.935577 -9.0908527 39.28537 0
-52.414032 -7.4117393 39.374348 0
-61.846565 -5.7435045 39.259361 0
-67.483559 -12.817153 39.417351 0
-61.888268 -12.635717 39.531303 0
-64.548904 -12.07129 39.410728 0
-65.201881 -9.8147993 39.465416 0
-67.93071 -9.0202742 39.579224 0
-63.807442 -7.2057414 39.436417 0
-61.745438 -5.8749213 39.577885 0
-55.038811 -2.3899961 39.430267 0
-70.337112 -12.007883 39.697525 0
-63.454258 -11.59864 39.680122 0
-64.43911 -11.38282 39.783619 0
-69.415451 -11.141523 39.7999 0
-67.912659 -8.9621267 39.790829 0
-81.086365 -20.745693 39.912579 0
-69.537094 -11.221451 39.814377 0
-69.352852 -11.193306 39.974186 0
-64.27533 -11.103345 39.866753 0
-61.164352 -8.2548389 39.904873 0
-61.772583 -5.9995136 39.961243 0
-73.974747 -11.821675 40.177258 0
-64.156738 -11.292067 40.236732 0
-67.94873 -8.8759089 40.250591 0
-60.968994 -8.4238968 40.266716 0
-64.069923 -11.507822 40.602989 0
-61.697998 -10.470185 40.65889 0
-63.852657 -11.753641 40.889908 0
-69.953705 -10.641139 40.925022 0
-70.325058 -10.576152 40.814259 0
-70.09848 -10.527582 40.809753 0
-62.945999 -9.219348 40.822918 0
-55.710724 -1.9915452 40.865349 0
-56.529385 -1.711096 40.804253 0
-69.879982 -10.711845 41.111305 0
-64.000168 -9.0433674 41.017033 0
-55.051163 -2.3698955 41.006214 0
-69.725693 -10.912695 41.313896 0
-60.627956 -8.3279591 41.373642 0
-69.588516 -11.07018 41.558441 0
-59.970894 -8.7461548 41.450356 0
-68.34642 -7.9145107 41.53672 0
-54.782562 -1.4555948 41.459782 0
-68.209808 -8.0663881 41.745502 0
-64.140465 -7.971209 41.779736 0
-68.154648 -7.4608421 41.737602 0
-67.828857 -6.9168782 41.779102 0
-52.972752 -1.0522122 41.621708 0
-74.518005 -12.188986 41.993263 0
-68.107613 -8.1785307 41.898235 0
-68.020775 -7.612359 41.951981 0
-67.752747 -6.9116073 41.978729 0
-53.255806 -2.0760398 41.889091 0
-71.125648 -9.2365494 42.151009 0
-70.950462 -9.2393713 42.146717 0
-70.970238 -9.1672859 42.117683 0
-68.049744 -8.2591858 42.024891 0
-67.961525 -7.7261539 42.123398 0
-67.692284 -6.8998628 42.189472 0
-68.436111 -6.7861848 42.176029 0
-72.074326 -9.9473972 42.313438 0
-71.942871 -9.9119301 42.234245 0
-71.041115 -9.2586412 42.236603 0
-70.88446 -9.2422981 42.205795 0
-60.304558 -8.8212805 42.304523 0
-68.51223 -6.8744116 42.304302 0
-63.157898 -5.7061386 42.256672 0
-52.586575 -3.6581831 42.211655 0
-73.100861 -10.340982 42.441128 0
-71.900932 -10.002308 42.54641 0
-68.375465 -7.036303 42.53701 0
-68.461029 -6.9459753 42.407261 0
-68.474152 -6.322649 42.517963 0
-62.928505 -5.7943754 42.484756 0
-71.833916 -10.070148 42.657341 0
-61.405239 -8.2129459 42.608387 0
-67.37249 -7.2371659 42.735321 0
-68.287056 -7.1270308 42.667309 0
-68.535965 -6.4858613 42.680054 0
-68.55822 -6.1605144 42.685787 0
-62.686447 -5.9177961 42.69046 0
-65.2005 -3.835911 42.625141 0
-52.332455 -2.731703 42.703411 0
-71.73806 -10.121468 42.882301 0
-68.31015 -9.3044777 42.982582 0
-67.412292 -8.4795284 42.999722 0
-68.239296 -7.2226672 42.81284 0
-68.412292 -6.6368694 42.89616 0
-68.358009 -6.7079277 42.996719 0
-71.683441 -10.197821 43.059162 0
-60.704842 -8.8662615 43.150623 0
-60.371185 -8.7634935 43.035583 0
-68.281532 -6.8025279 43.131813 0
-68.19986 -5.8056617 43.095108 0
-67.372688 -8.4286785 43.338886 0
-62.81234 -7.5102296 43.269691 0
-68.235046 -5.7818413 43.278988 0
-64.853043 -5.7202735 43.297161 0
-52.040024 -4.3080544 43.212452 0
-54.031303 1.3375568 43.369312 0
-72.759911 -8.6187572 43.506424 0
-67.101151 -8.6974506 43.503796 0
-63.355213 -8.5178308 43.566277 0
-63.326855 -7.6431351 43.505482 0
-62.43206 -7.7879958 43.46381 0
-68.247116 -5.7415643 43.460995 0
-64.699318 -5.6953793 43.552971 0
-58.974884 -5.6012411 43.412655 0
-64.755203 -5.4568825 43.413826 0
-61.192543 -1.8793435 43.584259 0
-60.694157 -9.0194044 43.693165 0
-66.933655 -8.8834276 43.784267 0
-72.460999 -8.2898474 43.625423 0
-72.124733 -7.9852567 43.639492 0
-71.895187 -7.7753811 43.650284 0
-71.73539 -7.6115665 43.664711 0
-71.588974 -7.4957047 43.659096 0
-64.624672 -5.8916674 43.710224 0
-68.209991 -5.6489196 43.738483 0
-64.521713 -5.7539692 43.741241 0
-63.118847 -3.3700855 43.792938 0
-51.745239 -3.3874707 43.701908 0
-66.709305 -9.046154 43.906204 0
-62.256348 -8.0344524 43.807178 0
-63.257072 -7.8206167 43.926937 0
-64.485619 -5.9998274 43.890652 0
-60.057686 -4.6230693 43.990837 0
-61.100422 -2.0050049 43.910461 0
-69.648949 -8.531023 44.037491 0
-69.55999 -8.2661591 44.178951 0
-63.095177 -7.5406022 44.000229 0
-68.313644 -5.6375332 44.025612 0
-68.787834 -7.4812894 44.273335 0
-68.669724 -7.3932285 44.26289 0
-68.230362 -5.5314674 44.244488 0
-59.834625 -4.793396 44.334778 0
-61.106339 -2.1186278 44.288986 0
-63.052929 -7.6854696 44.437214 0
-68.600853 -7.452569 44.426788 0
-60.006454 -7.0459108 44.422104 0
-80.180382 -17.189247 44.615993 0
-74.29686 -8.4683132 44.700249 0
-62.881866 -7.9242353 44.746307 0
-68.274864 -5.4423499 44.699474 0
-54.728264 1.6493169 44.752975 0
-55.561996 1.8695135 44.670502 0
-61.800606 -5.6120372 44.920563 0
-54.027557 1.3861229 44.940186 0
-62.655811 -8.164464 45.033195 0
-62.851357 -5.4571686 45.110821 0
-58.312592 -5.274229 45.188038 0
-58.967308 -4.8796749 45.096558 0
-69.586044 -6.819869 45.271206 0
-69.27594 -6.8046875 45.280514 0
-69.447525 -6.7200918 45.258034 0
-53.781807 2.3122511 45.379826 0
-69.240395 -6.8257856 45.429382 0
-69.121742 -6.975318 45.541016 0
-51.972534 2.7535086 45.523144 0
-69.028206 -7.0794625 45.697914 0
-68.934418 -7.1816778 45.859112 0
-63.015659 -4.3688283 45.863068 0
-67.651917 -4.1120415 45.932579 0
-52.23632 1.7289288 45.810356 0
-68.839516 -7.2846479 46.023026 0
-58.638828 -5.3461723 46.043034 0
-67.514816 -4.2567363 46.145542 0
-67.466003 -3.6514776 46.122337 0
-67.144547 -3.1003652 46.148655 0
-51.550995 0.16483685 46.1623 0
-59.752876 -4.7512617 46.349102 0
-67.423004 -4.3609695 46.306572 0
-67.33593 -3.7962244 46.342827 0
-67.06057 -3.0879579 46.344551 0
-62.107208 -2.0395353 46.341015 0
-73.753601 -8.4872875 46.495369 0
-70.405899 -5.4743538 46.577503 0
-70.239555 -5.430048 46.563644 0
-67.341286 -4.4428539 46.422558 0
-67.294685 -3.9093342 46.522774 0
-66.991806 -3.0689602 46.552563 0
-67.750877 -2.9706411 46.544224 0
-61.84129 -2.1591022 46.522652 0
-71.305847 -6.1424923 46.677094 0
-71.189522 -6.191493 46.711426 0
-70.321243 -5.496954 46.661011 0
-70.163704 -5.4775763 46.629883 0
-58.696537 -5.2863998 46.767334 0
-67.811546 -3.0941582 46.734104 0
-61.589798 -2.2760301 46.724831 0
-51.303574 1.1044937 46.633636 0
17.451036 16.095743 46.730507 0
-71.180847 -6.2013826 46.964172 0
-71.280479 -6.1800852 46.840176 0
-59.033115 -5.3886471 46.890953 0
-67.694122 -3.2149746 46.91404 0
-67.894897 -2.6337032 46.997059 0
-67.798187 -2.5012202 46.878563 0
-64.581253 0.031588554 46.925758 0
-52.554966 4.9429598 46.944969 0
16.735558 16.421436 46.860718 0
-71.053322 -6.3509932 47.181717 0
-67.168739 -5.7862315 47.101406 0
-66.263763 -4.9272089 47.096703 0
-61.168091 -4.068368 47.007095 0
-67.613091 -3.3034563 47.048672 0
-67.565201 -3.3917546 47.198662 0
-66.694229 -3.3955441 47.11388 0
-67.832939 -2.6987128 47.096996 0
-67.883011 -2.3358581 47.04303 0
-57.349651 -2.0954373 47.09005 0
-50.973145 -0.4567478 47.167107 0
-70.991745 -6.353106 47.26548 0
-61.689758 -5.0823812 47.318886 0
-61.671024 -4.2178144 47.236214 0
-60.78595 -4.3314648 47.207989 0
-67.700256 -2.8404393 47.314117 0
-63.767723 -2.1049428 47.347507 0
-67.506805 -1.981617 47.347866 0
-70.949623 -6.4274035 47.514034 0
-71.009476 -6.3485074 47.400806 0
-59.00943 -5.5422401 47.428352 0
-66.001381 -5.0741844 47.507397 0
-66.235054 -4.8498797 47.453869 0
-60.59409 -4.5812492 47.541649 0
-67.595795 -2.965759 47.50209 0
-63.665962 -2.1666729 47.574894 0
-63.665768 -1.8408065 47.451698 0
-60.16991 1.806169 47.54187 0
-65.88662 -5.1927409 47.695396 0
-61.603146 -4.3788996 47.670078 0
-61.439575 -4.1032038 47.730202 0
-63.526199 -2.2676568 47.755482 0
-63.443439 -2.1213868 47.796535 0
-67.55249 -1.9304833 47.627598 0
-63.548847 -1.9827344 47.618988 0
-58.453659 -1.1271164 47.665798 0
-62.073158 0.28267929 47.789764 0
-50.681015 0.4783344 47.636147 0
17.367174 15.956934 47.630699 0
23.008144 26.555403 47.60096 0
-65.772911 -5.3091846 47.886848 0
-72.053955 -4.8546796 47.931526 0
-63.380642 -2.3714099 47.934555 0
-67.518997 -1.8612852 47.802967 0
-60.079639 1.6867657 47.872375 0
-65.555862 -5.4483891 48.023346 0
-68.498993 -4.9916072 48.156487 0
-71.777313 -4.5243745 48.045921 0
-71.424194 -4.204392 48.049461 0
-61.316051 -4.2690649 48.111885 0
-71.205383 -3.9910047 48.056953 0
-71.017242 -3.8222485 48.059448 0
-70.8881 -3.7020178 48.056515 0
-67.57106 -1.8162314 48.086613 0
-58.249737 -1.2769821 48.030941 0
16.430256 16.43671 48.135792 0
23.43742 26.431732 48.042946 0
-68.415657 -4.7127705 48.300652 0
-67.656296 -3.9254045 48.366859 0
-67.541275 -3.8317842 48.357681 0
-67.594284 -1.7504358 48.376392 0
-60.094181 1.5772389 48.257721 0
-53.223495 5.3601069 48.37183 0
-54.091091 5.4621897 48.248516 0
17.492231 15.984324 48.361603 0
-61.215202 -4.4732208 48.480862 0
-67.469864 -3.8887112 48.520466 0
-67.571373 -1.6781356 48.586674 0
-52.542168 5.0120893 48.514088 0
17.203991 15.856382 48.562836 0
18.711281 19.245094 48.562416 0
-60.988743 -4.6984816 48.775921 0
-60.180805 -2.1334507 48.624214 0
-78.87233 -13.851699 48.933422 0
-61.234589 -1.9952233 48.81913 0
-52.306469 5.9493942 48.938263 0
-73.601357 -4.721715 49.035732 0
-73.486336 -4.6505671 49.196957 0
-67.616859 -1.5817616 49.038116 0
-50.515411 6.4247837 49.070625 0
17.382442 15.667997 49.052742 0
13.582215 19.672205 49.139309 0
23.403019 26.537725 49.139164 0
22.677387 26.800514 49.180954 0
-68.461235 -3.268337 49.351589 0
-68.151398 -3.2444839 49.361256 0
-68.322754 -3.1734998 49.329597 0
-50.751671 5.4002061 49.369873 0
15.557901 16.775528 49.373516 0
15.114803 17.039715 49.318611 0
12.836826 19.91432 49.22398 0
21.89045 27.10018 49.388115 0
25.443638 28.040789 49.236801 0
-68.091034 -3.2986977 49.474781 0
-54.615074 -1.140316 49.414185 0
-61.413231 -0.90219331 49.555817 0
17.750542 20.115482 49.474991 0
26.190453 25.472717 49.591637 0
-67.944839 -3.4561658 49.704628 0
-50.019714 3.8542528 49.733253 0
14.737471 15.984509 49.693478 0
15.824873 16.545782 49.665985 0
14.695959 16.849892 49.662647 0
18.054581 19.957304 49.755398 0
-67.799065 -3.6068115 49.94479 0
-66.600388 -0.4700655 49.891132 0
-60.517712 1.4129781 49.957615 0
26.631197 25.170654 49.971008 0
-67.700188 -3.7084098 50.108696 0
-66.439034 -0.64394629 50.178432 0
-66.52607 -0.54559362 50.011242 0
-66.42749 -0.00049181283 50.076401 0
-66.084656 0.51919866 50.155891 0
-52.971413 0.69333172 50.127087 0
-53.651382 1.069921 50.053734 0
-60.279015 1.3394127 50.182571 0
-49.806328 4.8037724 50.197361 0
14.878345 16.678825 50.063499 0
15.041527 16.9566 50.091637 0
13.441723 19.467705 50.030521 0
26.514732 26.414192 50.020073 0
-66.332283 -0.74602878 50.333778 0
-66.314713 -0.12703544 50.284622 0
-66.018349 0.5319401 50.360523 0
-60.028038 1.2308742 50.387577 0
27.048401 24.86104 50.374241 0
-66.239357 -0.82653666 50.446613 0
-66.167007 -0.278355 50.527058 0
-66.705193 0.63957369 50.559887 0
15.14699 16.822874 50.575089 0
12.439671 19.811247 50.474541 0
-72.587723 -4.979095 50.632683 0
-70.271317 -2.6323159 50.777435 0
-70.067627 -2.6309333 50.797283 0
-70.112877 -2.5657115 50.735481 0
-69.256966 -1.9086547 50.692146 0
-69.110062 -1.8738159 50.652622 0
-66.74939 0.52111077 50.744194 0
-65.914902 0.53014278 50.607773 0
-49.451183 3.2560182 50.751034 0
15.480109 16.549761 50.715492 0
16.407158 18.944721 50.744411 0
13.506231 19.458235 50.775555 0
-70.166229 -2.6355722 50.919788 0
-65.535271 -2.380583 50.836643 0
-64.650352 -1.4982789 50.822388 0
-66.630623 0.40711066 50.927441 0
-53.28545 0.62087345 50.992645 0
-63.588409 3.7052035 50.868443 0
15.735862 16.327065 50.976311 0
13.243253 19.270485 50.910408 0
27.380335 25.795189 50.808842 0
-70.074341 -2.6728077 51.037674 0
-64.610054 -1.4347122 51.160423 0
-66.497879 0.28094998 51.130287 0
-65.615829 0.25042978 51.123146 0
-66.843262 0.98541701 51.001621 0
-66.778114 0.92413998 51.101879 0
-66.828247 1.2901601 51.03915 0
-62.211098 1.3707697 51.024513 0
-62.105209 1.6351862 51.117538 0
-58.676945 5.3497715 51.141979 0
17.985785 30.510876 51.120316 0
-69.866707 -2.7838573 51.350563 0
-64.384758 -1.6327093 51.234882 0
-66.616722 0.75456965 51.372925 0
-66.680267 0.81707633 51.271641 0
-54.41114 1.1700768 51.305271 0
-62.107876 1.3142443 51.252377 0
-61.9986 1.5020252 51.296829 0
-66.427467 1.6739851 51.327366 0
-49.184074 4.2015519 51.208557 0
15.434626 19.009764 51.217289 0
14.405934 22.781651 51.244457 0
-69.885208 -2.7808542 51.485291 0
-64.261818 -1.7546637 51.416729 0
-56.912788 0.33848858 51.458035 0
-66.53833 0.66710591 51.511086 0
-61.912056 1.287823 51.44268 0
-60.561798 3.792274 51.426357 0
-58.595154 5.2334781 51.479301 0
13.391304 19.075727 51.417984 0
10.991522 20.200497 51.586544 0
18.410736 30.403938 51.569862 0
-69.82016 -2.8467901 51.600334 0
-64.150871 -1.8572185 51.616135 0
-63.929279 -1.9927423 51.751236 0
-53.334759 0.68587971 51.71788 0
-61.810463 1.1173186 51.607784 0
-66.499283 1.7385702 51.704811 0
-47.593567 11.141148 51.708107 0
11.443895 19.985065 51.675728 0
9.3739834 21.704536 51.737404 0
8.615715 21.913807 51.799061 0
-70.958557 -1.2982587 51.995518 0
-53.663761 0.57072258 51.846474 0
-55.838413 1.8008652 51.976032 0
-52.114426 3.9315362 51.996853 0
-58.591194 5.1319308 51.859715 0
10.705238 19.076925 51.84227 0
11.71808 19.754459 51.960224 0
10.564608 19.953867 51.895313 0
-66.811951 -1.3383057 52.023365 0
-70.665947 -0.95111644 52.099545 0
-70.344955 -0.6389271 52.097401 0
-70.113426 -0.41316825 52.099247 0
-66.050209 -0.51723433 52.076931 0
-65.938644 -0.41710663 52.070034 0
-69.944153 -0.24553198 52.100101 0
-69.809624 -0.11836838 52.0947 0
-55.443443 1.5548706 52.173847 0
-66.523521 1.8331199 52.075706 0
-55.882133 2.4891553 52.158298 0
13.289574 23.493933 52.148788 0
-65.868965 -0.46187043 52.240891 0
-53.619713 0.41729736 52.379005 0
-56.311218 0.76285362 52.298622 0
-56.340675 1.6449504 52.227013 0
-66.550217 1.9005332 52.363983 0
-55.213581 2.0983124 52.210182 0
10.742118 19.763779 52.282223 0
10.870852 20.05714 52.347717 0
16.266399 22.365265 52.33461 0
-55.251163 1.3313518 52.523438 0
-66.530342 1.9745963 52.572208 0
-53.228088 4.8536749 52.566795 0
13.584878 23.345976 52.443863 0
-56.259087 1.4898067 52.659904 0
-56.108986 1.7762074 52.719524 0
-55.85371 2.2404389 52.721977 0
11.020772 19.890747 52.755516 0
9.2041941 21.476244 52.623146 0
16.840343 22.25708 52.680122 0
18.296883 30.430622 52.65884 0
17.537613 30.616451 52.668606 0
-77.12542 -10.714311 52.820312 0
-53.015739 4.7164798 52.932755 0
16.701643 30.776779 52.810143 0
-72.500908 -1.1733403 53.105202 0
-66.866707 0.15569878 53.072773 0
-66.522537 0.14124107 53.122955 0
-66.730125 0.24959803 53.046612 0
-55.961376 1.6050315 53.086109 0
-55.498318 1.9812098 53.056145 0
-66.56797 2.0853105 53.025822 0
-48.257484 11.447104 53.087688 0
-49.088646 11.761219 53.088867 0
11.247347 19.646622 53.026932 0
8.1745367 21.766035 53.032028 0
20.159782 32.105595 53.015797 0
-72.315331 -1.0678704 53.241737 0
-66.392548 0.018019438 53.336349 0
-47.550934 11.226517 53.271667 0
11.557266 19.436581 53.245213 0
9.2512608 21.445282 53.355495 0
11.97621 22.117277 53.240932 0
18.168339 26.367208 53.284977 0
21.134735 29.600861 53.25872 0
-66.293312 -0.078917265 53.49437 0
-55.857193 1.4204216 53.467007 0
-56.61731 2.5521159 53.420673 0
-65.064964 2.9828744 53.564625 0
-54.911205 3.7969408 53.572113 0
8.9844704 21.24818 53.484798 0
-66.195656 -0.16827035 53.660168 0
-55.61628 1.2052174 53.758598 0
-64.984604 2.9101346 53.681385 0
-53.128262 3.3258343 53.661041 0
-64.89827 3.4560795 53.740341 0
-55.959625 3.8914533 53.776157 0
-45.575489 12.720338 53.784733 0
10.965677 22.060566 53.649693 0
18.331644 26.26296 53.609985 0
21.569805 29.313665 53.653893 0
21.328924 30.534624 53.77317 0
-66.094597 -0.26475453 53.824909 0
-55.879196 1.9185133 53.929909 0
-55.551174 2.0329256 53.802479 0
-64.883614 2.8139849 53.841503 0
-64.81469 3.383944 53.857162 0
-64.528641 3.987509 53.868683 0
9.1241884 21.045862 53.989548 0
14.909883 22.198936 53.834953 0
15.106953 22.099951 53.955154 0
15.035664 22.460651 53.898029 0
9.9768295 24.796503 53.947216 0
16.52195 24.692934 53.921719 0
18.467888 26.098194 53.903851 0
-64.74057 2.6799562 54.062206 0
-64.615593 3.1898715 54.184097 0
-58.025784 3.1931939 54.147259 0
-64.716827 3.2869811 54.021297 0
-64.469803 4.0121622 54.082016 0
-54.246895 5.2329645 54.185837 0
-45.76667 11.69054 54.096382 0
-49.57856 12.348182 54.122211 0
12.606627 19.233902 54.146694 0
7.1345758 21.864677 54.185032 0
6.6711426 22.067846 54.092514 0
15.328793 22.107534 54.131493 0
15.201988 22.322187 54.020676 0
4.8780818 22.846292 54.194405 0
22.002914 29.020121 54.059391 0
13.243448 32.670357 54.11599 0
-70.967651 -1.6525748 54.38147 0
-67.723518 1.503231 54.341949 0
-67.533302 1.5381998 54.3466 0
-57.625404 2.9216042 54.317398 0
-58.522232 3.031918 54.391617 0
-65.257774 4.0081997 54.350365 0
-64.382553 4.0043817 54.255344 0
-51.464211 5.1234274 54.39674 0
-52.141052 5.4971776 54.347878 0
11.834066 18.265095 54.259373 0
13.021248 19.043612 54.37413 0
6.4126244 20.938963 54.330704 0
6.2426152 21.797588 54.380665 0
15.463684 21.939703 54.270329 0
4.1412282 23.090546 54.243572 0
-68.679535 0.7608974 54.488655 0
-68.479942 0.75675035 54.50351 0
-68.518143 0.83931613 54.44912 0
-67.637993 1.4804535 54.421543 0
-55.828987 1.7410603 54.453362 0
-58.522999 2.1627655 54.444664 0
-65.142502 3.9107227 54.514847 0
-62.12973 7.2162457 54.466068 0
-45.003334 10.175059 54.472939 0
13.188639 18.930174 54.521584 0
12.728148 19.288202 54.469215 0
7.3975286 21.646549 54.489471 0
22.201347 29.946705 54.581779 0
13.646394 32.566795 54.586353 0
-69.62381 0.3240056 54.722733 0
-68.519684 0.76109481 54.694626 0
-57.438999 2.6865482 54.662636 0
-65.001686 3.7923949 54.714569 0
-64.084877 3.7354896 54.774895 0
-65.250336 4.3890786 54.748749 0
-65.306572 4.4541082 54.6437 0
-65.31913 4.7452011 54.686031 0
-64.899933 5.069303 54.685234 0
13.364245 18.801535 54.654388 0
6.4114027 21.607613 54.772465 0
-68.378021 0.66459322 54.903889 0
-58.443867 2.8654752 54.825821 0
-58.279972 3.1378574 54.885265 0
-64.936417 3.7093186 54.861088 0
-65.155075 4.283289 54.921005 0
-64.963165 5.0908589 54.890682 0
-52.110786 5.2570362 54.921562 0
-55.343258 6.1615715 54.821663 0
-55.354126 7.3359809 54.871677 0
-44.764137 11.141461 54.906467 0
13.562635 18.7313 54.802227 0
6.5232153 21.905636 54.85191 0
8.8107204 25.437717 54.807209 0
-68.276726 0.63038409 55.129997 0
-65.003494 4.1415806 55.16045 0
-65.08857 4.2238898 55.022446 0
-64.994064 5.1252427 55.075336 0
-55.123627 6.0028043 55.173534 0
-55.143387 7.3125105 55.136768 0
4.6996608 22.608593 55.065327 0
9.1000919 25.295353 55.111202 0
11.375338 25.412397 55.064663 0
-68.221703 0.55992818 55.311893 0
-58.136318 2.955368 55.249783 0
-65.000145 5.1791639 55.254265 0
-51.740704 5.0008531 55.245472 0
-54.855888 7.1779494 55.299236 0
6.6730871 21.728754 55.24781 0
11.974362 25.275553 55.358292 0
-64.974152 5.2494106 55.427074 0
-44.366245 9.6109724 55.475716 0
-50.209789 12.660855 55.550671 0
-51.03093 12.94602 55.545959 0
6.9481206 21.501261 55.48558 0
3.6491423 22.883949 55.460159 0
-69.370766 2.1065769 55.692219 0
-69.110428 2.4471312 55.793694 0
-68.784142 2.7747684 55.786667 0
-58.027718 2.7497416 55.61747 0
-68.556313 3.0006819 55.781502 0
-68.390015 3.1714625 55.779236 0
-68.263191 3.3028271 55.773842 0
-65.022675 5.3030539 55.709099 0
-52.864544 5.5397038 55.610355 0
-49.487671 12.471011 55.736931 0
13.123636 19.185383 55.748222 0
11.579302 20.031845 55.714703 0
11.683299 20.1241 55.668682 0
7.2487855 21.307541 55.726105 0
13.479277 32.558636 55.677368 0
11.867514 32.745934 55.712791 0
12.728121 32.76535 55.682594 0
-57.786716 2.5168247 55.895569 0
-60.196152 3.3902326 55.874645 0
-59.363895 4.2799587 55.83514 0
-57.02388 5.0968966 55.800117 0
-51.782097 5.0451965 55.984119 0
-65.026962 5.3935828 55.99987 0
-57.026737 7.2379794 55.965168 0
-44.132645 10.569639 55.92149 0
10.868668 19.16394 55.800854 0
11.79506 20.086342 55.825558 0
4.4579215 22.378429 55.929077 0
4.7232223 22.58087 55.807495 0
7.5117488 23.983156 55.8218 0
-59.321358 4.3490863 56.172634 0
-52.105827 4.9222689 56.113178 0
-58.074604 5.2123256 56.03326 0
-49.772923 6.3168669 56.096287 0
-56.91217 7.185719 56.187572 0
-56.941177 7.5105429 56.064056 0
-53.663155 11.34978 56.001301 0
6.4978747 23.870672 56.1777 0
15.268501 34.307289 56.134254 0
-59.082607 4.1531072 56.238281 0
-65.020416 5.4587097 56.20401 0
-54.290623 6.1557755 56.357231 0
-56.767872 7.0985279 56.370972 0
-56.804783 7.3770952 56.225132 0
-56.674744 7.2446547 56.393635 0
-50.561825 8.2831249 56.366417 0
-55.453777 9.7287512 56.313206 0
-53.55196 11.245285 56.328327 0
-47.475876 13.800758 56.219448 0
-46.048893 15.507607 56.254131 0
7.2631588 20.754021 56.328938 0
7.938055 21.804338 56.349277 0
0.19726467 23.407854 56.366203 0
9.961319 24.982769 56.394321 0
12.80662 29.463591 56.381969 0
16.323273 31.834846 56.368946 0
-58.958755 4.0475483 56.427689 0
-53.882252 5.8933611 56.523716 0
-56.620293 7.0098372 56.554146 0
-47.695068 12.761389 56.496437 0
8.3515797 21.638733 56.595722 0
4.5768094 22.185413 56.450848 0
2.5807214 22.962767 56.590221 0
2.1188817 23.156271 56.48349 0
-0.54223728 23.652134 56.404919 0
10.166613 24.89323 56.513466 0
10.060213 25.250113 56.478611 0
5.3815455 25.94072 56.417942 0
-58.82848 3.9329696 56.611603 0
-52.052914 4.7514429 56.642208 0
-54.75605 5.1081257 56.65147 0
-65.057373 5.5748076 56.655964 0
-54.784641 5.9873638 56.610531 0
-48.957016 8.2601376 56.712803 0
-48.688057 8.4633636 56.637939 0
-53.506508 11.125824 56.679337 0
-46.958138 11.215262 56.79884 0
8.5247965 21.522812 56.736633 0
8.0401917 21.832197 56.662048 0
1.8740172 22.022915 56.71384 0
1.6938262 22.873661 56.752411 0
10.352474 24.911589 56.730644 0
10.227926 25.119379 56.60807 0
11.307682 27.607462 56.768661 0
16.759911 31.558704 56.771629 0
8.4980907 33.864746 56.686043 0
-70.899933 2.2339053 56.899651 0
-58.677418 3.8752441 56.809963 0
-53.682301 5.6571436 56.860596 0
-48.135807 8.1448078 56.810406 0
-51.66259 9.1802559 56.997505 0
11.024631 20.593632 56.921604 0
11.402421 20.593666 56.958435 0
11.145526 20.692999 56.863071 0
11.308828 20.667944 56.889202 0
8.697382 21.408745 56.882565 0
2.8576274 22.735994 56.876251 0
10.505713 24.746037 56.855225 0
13.105093 29.189711 56.990665 0
16.461428 32.764256 56.90855 0
-61.50993 4.3696671 57.070133 0
-60.724503 5.266119 57.094654 0
-54.686466 5.8075194 57.025318 0
-54.534977 6.0915017 57.09243 0
11.539491 20.508308 57.086441 0
8.8915892 21.345978 57.039005 0
1.8513536 22.690186 57.156525 0
12.765269 23.499857 57.113354 0
12.887478 23.421206 57.181568 0
17.185709 31.273304 57.188591 0
8.9069366 33.773949 57.154007 0
-60.59565 5.275466 57.257992 0
-48.779808 8.2652388 57.336273 0
-57.373806 8.5924053 57.254097 0
-51.431553 9.024745 57.343887 0
-46.718376 12.154844 57.276356 0
11.821209 20.313049 57.327011 0
11.679574 20.410322 57.205048 0
1.9537182 22.991785 57.242832 0
-0.002122879 23.177273 57.24453 0
13.013704 23.328693 57.329926 0
12.95693 23.974661 57.263435 0
13.062053 23.899551 57.360649 0
13.267275 24.514229 57.285976 0
4.1953769 26.558401 57.240788 0
-54.470753 5.9483442 57.531578 0
-57.125217 8.515419 57.467743 0
11.967624 20.205587 57.44524 0
13.274878 23.154661 57.538158 0
13.159073 23.230268 57.450954 0
13.186925 23.793985 57.498981 0
13.389021 24.526268 57.462261 0
4.4785724 26.420378 57.553452 0
15.628679 27.841894 57.503883 0
-59.367725 4.4204612 57.616539 0
-48.418278 8.0311642 57.676876 0
-56.867222 8.4049425 57.662254 0
-46.319012 10.596904 57.768303 0
-46.677269 15.854318 57.717522 0
-47.524517 16.067837 57.69978 0
2.10183 22.813097 57.635273 0
-1.0525446 23.44875 57.613396 0
13.362488 23.585135 57.754887 0
13.349833 23.701557 57.609982 0
13.555855 24.523905 57.671543 0
13.671515 24.441391 57.775944 0
17.317839 32.192204 57.74054 0
-54.267048 5.7085443 57.821442 0
-53.321514 8.0819521 57.999199 0
-45.960831 15.63181 57.875252 0
6.1049061 21.454475 57.855785 0
8.3394098 21.694273 57.982006 0
6.7292161 22.388767 57.881878 0
2.3730845 22.591408 57.881737 0
6.8810987 22.467686 57.922783 0
0.020514488 23.146023 57.974129 0
-71.454865 -5.4152451 58.108322 0
-62.320862 4.6688929 58.165257 0
-61.436867 5.5950899 58.161713 0
-54.017113 5.4799414 58.096409 0
-61.604031 5.8613319 58.100399 0
-61.473141 5.9672003 58.076839 0
-61.290981 5.8837872 58.087547 0
-49.543034 8.542366 58.038925 0
2.6810136 22.394716 58.116951 0
-0.25573063 22.949192 58.103119 0
12.950884 24.327429 58.168854 0
13.954608 24.252983 58.021858 0
12.72661 24.463558 58.000896 0
12.828667 24.408606 58.067318 0
7.2870445 27.088388 58.012791 0
-61.123444 5.7539234 58.364315 0
-61.226482 5.8399248 58.204556 0
-54.363487 8.1653538 58.229031 0
-59.043457 8.4914045 58.380512 0
-46.077122 11.530068 58.253933 0
-43.984772 17.007751 58.345573 0
10.605597 21.916771 58.391262 0
-4.5736504 23.512247 58.232426 0
-5.3063288 23.75691 58.252644 0
13.19697 24.162006 58.376122 0
13.080728 24.248137 58.266777 0
12.765781 24.958958 58.250195 0
12.835112 24.831459 58.395592 0
2.8932986 25.078766 58.227573 0
12.742993 25.18487 58.365734 0
13.107655 25.517328 58.299091 0
8.728838 33.766705 58.232388 0
7.0906854 33.960495 58.275398 0
7.9649892 33.956776 58.226288 0
-61.1464 5.4357991 58.544384 0
-61.383446 5.6423955 58.49324 0
-61.015644 5.6556115 58.517223 0
-48.759392 7.9325399 58.52779 0
-48.449757 8.0713253 58.408073 0
-58.912338 8.4230928 58.585361 0
-59.910019 8.7651072 58.545563 0
-58.927303 8.7508926 58.467964 0
-55.557259 12.521828 58.505753 0
10.529075 21.830719 58.497128 0
10.679073 21.844145 58.427086 0
12.997702 24.73562 58.518921 0
1.8634777 24.952377 58.572128 0
13.098619 25.523226 58.513924 0
0.65196228 26.513491 58.596497 0
-61.020554 5.3175368 58.725426 0
-60.909126 5.5641937 58.678089 0
-58.754822 8.321249 58.752655 0
-58.675629 8.4698639 58.793663 0
-59.820877 8.6963968 58.657795 0
-58.794552 8.6087532 58.624199 0
-50.973957 9.1298027 58.789394 0
1.517909 9.0898542 58.631321 0
-59.802158 9.2303209 58.740044 0
-59.439575 9.7847528 58.770168 0
-57.392052 10.925714 58.787518 0
-44.473881 10.828415 58.662785 0
-45.159267 11.169327 58.612873 0
-47.287086 11.330206 58.768585 0
-44.172119 15.965021 58.622604 0
-42.926987 18.641689 58.612858 0
9.6843395 21.05294 58.762527 0
9.8206053 21.029346 58.763462 0
2.7255054 22.339993 58.705017 0
-0.13120556 22.749645 58.611992 0
-2.1362247 23.528214 58.722412 0
3.3734396 23.430779 58.762962 0
-2.6065755 23.727825 58.622509 0
13.193468 24.57839 58.712242 0
13.055903 24.650743 58.610764 0
13.130162 25.560081 58.694454 0
10.47916 35.547024 58.734921 0
-60.893841 5.1984529 58.907654 0
-60.807449 5.4875088 58.849686 0
-58.611217 8.2234707 58.93383 0
-59.610954 8.5151968 58.980389 0
-59.713211 8.6055765 58.816895 0
-50.561096 8.8777542 58.956291 0
-59.667599 9.1778698 58.827583 0
-59.569878 9.0860548 58.994209 0
-59.356998 9.8098526 58.965244 0
-55.469009 12.39476 58.839535 0
-43.400261 14.4369 58.922085 0
9.7581463 21.017614 58.912903 0
-2.8482313 22.591316 58.844944 0
-3.0275335 23.439713 58.873486 0
13.151441 25.587162 58.877663 0
5.2490506 26.688597 58.964939 0
3.7495098 34.436146 58.886284 0
-60.733658 5.1183529 59.092293 0
-48.706886 7.7708778 59.064571 0
-51.414196 8.0707722 59.085823 0
-59.531376 8.4464331 59.102898 0
-59.453194 8.9946938 59.151596 0
-51.452942 8.9404736 59.031025 0
-60.042049 9.8760529 59.170593 0
-45.111912 10.930603 59.18578 0
-55.410522 12.263026 59.179531 0
7.4915452 18.471069 59.132381 0
9.9130354 20.966776 59.033588 0
6.0953512 22.867115 59.055893 0
6.3192201 22.897259 59.05452 0
6.4279809 22.825628 59.110752 0
3.9573987 23.1637 59.165058 0
-4.7826958 23.290558 59.108395 0
-1.8690648 23.306702 59.021172 0
3.7815013 23.279469 59.025658 0
3.4579453 23.460701 59.087872 0
13.177993 25.619083 59.058331 0
5.4540029 26.605001 59.088669 0
5.3331738 26.957323 59.058529 0
5.4987564 26.830929 59.193653 0
7.9151573 31.28702 59.147198 0
11.549343 33.081097 59.000134 0
-63.619778 5.4103227 59.277687 0
-62.49287 7.1918402 59.37545 0
-62.331192 7.2429194 59.352089 0
-50.349899 8.6418457 59.286865 0
-60.120838 9.7913094 59.319157 0
-59.167133 9.7423363 59.34684 0
-59.255287 9.8173809 59.214005 0
-2.3778615 10.362907 59.29438 0
-57.14101 13.100611 59.363358 0
-43.177303 15.382343 59.396366 0
10.174869 20.866785 59.310654 0
6.5721068 22.723314 59.224087 0
6.7172532 22.622545 59.342136 0
4.1219058 23.061224 59.325264 0
-2.8734598 23.255642 59.276836 0
-2.7669802 23.553444 59.355293 0
13.207887 25.653425 59.239384 0
5.5944686 26.547865 59.29718 0
5.6696739 26.703787 59.324993 0
-0.5430212 27.131405 59.393387 0
4.1580687 34.35096 59.355446 0
-65.608826 3.9185448 59.495605 0
-63.540504 5.6848083 59.420544 0
-63.416397 6.4160032 59.544445 0
-63.238876 6.4574451 59.527836 0
-62.810009 6.5110531 59.48708 0
-62.692478 6.5930195 59.459511 0
-62.404022 7.1844616 59.460716 0
-62.25032 7.1987677 59.414757 0
-51.360413 8.7777672 59.463196 0
-51.219193 9.0703411 59.535286 0
-60.048916 9.7359266 59.417961 0
-59.976257 9.6578445 59.562572 0
-60.120197 10.359419 59.49361 0
-44.744648 10.704048 59.525116 0
-53.777664 11.604887 59.501381 0
-48.411564 12.211254 59.41304 0
10.283994 20.795998 59.464378 0
6.8577185 22.536705 59.476494 0
4.3203444 22.994438 59.47678 0
-5.8277082 23.565401 59.452225 0
13.248355 25.696751 59.422161 0
7.498517 25.835653 59.535004 0
5.784493 26.464373 59.440353 0
6.4737039 29.356531 59.44091 0
8.105938 31.174202 59.427647 0
11.661036 34.012238 59.543858 0
-64.341911 5.9411831 59.796314 0
-63.305786 6.4280891 59.68642 0
-62.615982 6.5425572 59.625923 0
-59.867741 9.5834951 59.688053 0
-58.916183 9.5697861 59.724949 0
-60.124447 10.175274 59.715881 0
-60.227505 10.201476 59.625748 0
-60.20845 10.527834 59.651405 0
-53.520844 11.533388 59.706478 0
-48.183113 12.06465 59.764706 0
7.0021782 22.445192 59.609108 0
-9.3526163 23.24012 59.739323 0
-10.091834 23.496494 59.760941 0
7.5648398 25.768009 59.686798 0
13.344973 25.784092 59.601288 0
7.6049261 26.320139 59.770111 0
-0.26872826 26.995583 59.714924 0
8.1904631 31.005255 59.768436 0
-61.407177 5.6574755 59.940353 0
-63.202866 6.4164777 59.807785 0
-51.140965 8.9202709 59.962952 0
-59.771133 9.5069532 59.824299 0
-60.011459 10.080363 59.884674 0
-59.955372 10.017167 59.989426 0
-59.826851 10.938143 59.921661 0
-45.881115 11.195148 59.898384 0
-53.218525 11.390699 59.848572 0
-42.744408 13.834641 59.888435 0
-44.418755 19.035486 59.989727 0
-5.0542088 23.07666 59.973961 0
-4.7651768 23.264349 59.834202 0
-2.7189779 23.396732 59.849373 0
7.8816414 25.580336 59.908237 0
7.7159042 25.676826 59.80397 0
13.378664 25.825207 59.808784 0
7.8542981 26.154549 59.999088 0
7.6831331 26.234747 59.892216 0
7.8612309 26.886787 59.8493 0
12.405764 32.533318 59.836945 0
-62.998692 6.3055468 60.117905 0
-59.866993 9.9386415 60.127041 0
-40.606487 13.286825 60.142109 0
-41.3022 13.616685 60.101395 0
-43.564022 18.929703 60.055359 0
1.4872386 22.953592 60.190826 0
-2.3779445 23.171921 60.030281 0
9.9683409 23.18889 60.166664 0
10.130934 23.372583 60.126774 0
10.256319 23.527739 60.100792 0
7.9776134 25.513493 60.020535 0
7.9988203 26.060286 60.128666 0
7.9614305 26.893295 60.041119 0
2.0052547 28.260237 60.046539 0
-73.700684 -3.9142094 60.230705 0
-63.009117 6.3023252 60.246304 0
-62.970753 6.2497034 60.325554 0
-58.566837 7.5438619 60.394917 0
-57.722538 8.4697752 60.383369 0
-50.933937 8.6889935 60.256157 0
-45.09053 10.607544 60.390175 0
-44.764061 10.73499 60.247234 0
-59.893768 10.982446 60.210632 0
-59.876942 11.04705 60.383289 0
-42.507347 14.774622 60.367607 0
-42.837925 18.721727 60.205658 0
9.2112865 22.255787 60.227486 0
9.4830055 22.611343 60.275803 0
-2.1167207 22.956692 60.295033 0
9.7737684 22.953747 60.20879 0
2.0810559 23.932703 60.26487 0
2.2776632 23.996458 60.393608 0
2.1799555 24.03216 60.225552 0
-1.8589997 25.654213 60.365387 0
8.0163155 25.935728 60.264366 0
13.396601 25.865053 60.254475 0
7.3216238 26.846485 60.367271 0
8.1074619 26.888578 60.266251 0
8.2271271 26.812347 60.371002 0
2.2647719 28.246365 60.268276 0
12.506042 33.452129 60.395065 0
3.2033167 34.491077 60.378933 0
-63.600475 7.1160073 60.508205 0
-63.295689 7.1662855 60.520775 0
-63.470135 7.2335615 60.498707 0
-50.737469 8.4700336 60.56665 0
-50.028084 11.076189 60.414215 0
-55.383583 11.422922 60.573597 0
-39.464184 21.423168 60.448814 0
-4.926115 22.875088 60.474087 0
3.7167883 23.298758 60.40646 0
-6.928175 23.66358 60.554058 0
-7.3896613 23.859436 60.437016 0
5.3886271 23.970453 60.583122 0
-4.1069889 26.6301 60.41254 0
7.321485 26.704481 60.558563 0
2.568954 28.17738 60.417339 0
9.8449192 30.38554 60.473598 0
3.9623938 34.347054 60.430935 0
2.3329887 34.543407 60.441002 0
-63.118729 6.9923086 60.764378 0
-63.224072 7.0932908 60.614922 0
-64.142723 7.7424088 60.746899 0
-57.42659 8.3195324 60.766495 0
-57.671864 8.5249815 60.721481 0
-59.91708 11.106366 60.663811 0
-51.076344 11.143747 60.656609 0
-55.269142 11.363726 60.795704 0
-55.289734 11.69011 60.675602 0
-47.313755 11.746895 60.649681 0
-41.251167 13.380947 60.678291 0
-43.666428 14.020924 60.608932 0
-52.016651 15.53841 60.690712 0
-40.878487 20.189009 60.685089 0
-7.6477985 22.733425 60.680687 0
-9.5620852 23.024303 60.604858 0
-7.8165107 23.576658 60.688305 0
5.3125052 23.863518 60.671837 0
5.4665194 23.9025 60.619823 0
-2.8889132 25.525509 60.688034 0
7.4965229 26.603973 60.698235 0
8.5131245 26.635473 60.624065 0
-0.97397041 34.552666 60.663448 0
-63.00996 6.8833842 60.910694 0
-63.882515 8.0996475 60.839046 0
-57.301128 8.2111082 60.953098 0
-63.56414 8.4400396 60.82238 0
-63.347073 8.668539 60.809464 0
-63.133186 8.9183064 60.804192 0
-45.027035 10.441956 60.92083 0
-47.738174 10.687168 60.957325 0
-59.887394 11.220501 60.953388 0
-55.115631 11.26815 60.967911 0
-55.094048 11.484168 60.918053 0
-47.789322 11.549273 60.896061 0
-46.9048 11.512903 60.827171 0
-40.858418 13.145164 60.992546 0
-53.809036 13.900571 60.985939 0
-41.029694 19.146711 60.960495 0
2.5870094 20.204937 60.859333 0
-14.103641 22.643469 60.898346 0
-14.840507 22.908497 60.911076 0
4.5363388 22.960039 60.918697 0
4.6710863 22.989979 60.836876 0
4.604136 23.068232 60.807907 0
-10.631323 23.327015 60.964714 0
-1.9189391 23.370115 60.999916 0
-6.6785889 23.453163 60.874634 0
7.67451 26.483971 60.862343 0
7.3136721 27.076767 60.948433 0
7.2380877 27.202883 60.809448 0
7.2023664 27.436693 60.92664 0
7.5267458 27.794804 60.915989 0
5.688818 36.12434 60.961056 0
-62.908604 6.7986202 61.075775 0
-57.169659 8.0941868 61.13343 0
-61.829742 9.9707785 61.045265 0
-61.748787 9.896122 61.160473 0
-54.959244 11.171127 61.14061 0
-59.965 11.226418 61.154156 0
-46.680614 11.274342 61.147781 0
-6.550128 11.508901 61.051987 0
-51.901676 15.420082 61.012978 0
-37.24754 15.803791 61.187981 0
4.7182951 22.942326 61.08073 0
-7.6808901 23.406637 61.114258 0
-7.58041 23.709118 61.199818 0
-1.2551723 24.427898 61.005951 0
7.5036645 26.944653 61.12587 0
-62.798832 6.6934481 61.231606 0
-57.000484 8.0097752 61.310143 0
-61.634674 9.7958965 61.309525 0
-61.608078 10.359002 61.36179 0
-61.662762 10.441791 61.229332 0
-61.329628 10.973244 61.302582 0
-47.696445 11.393902 61.334976 0
-42.007416 13.615874 61.378544 0
-44.824005 14.885908 61.278496 0
-51.854313 15.28521 61.360909 0
-36.541252 15.484648 61.218491 0
-40.229122 17.633879 61.261345 0
4.9984789 22.841438 61.333046 0
-9.5668449 23.015556 61.349445 0
-0.90409088 24.307043 61.351696 0
1.6289632 24.371004 61.386181 0
1.4416268 24.408438 61.395077 0
7.6699705 26.834684 61.275909 0
-5.322237 27.264149 61.203621 0
0.50241852 27.740191 61.335239 0
7.5452824 27.829653 61.202393 0
6.7714787 33.668724 61.24485 0
-59.896351 8.243289 61.52412 0
-61.488255 9.6581211 61.525215 0
-61.469765 10.266753 61.499512 0
-61.252789 10.985711 61.503029 0
-47.559898 11.687963 61.405426 0
-19.40797 22.006531 61.591194 0
5.1061025 22.75959 61.55629 0
-9.8583889 22.831734 61.488113 0
5.0051508 22.81926 61.4664 0
-7.3619075 23.524902 61.519722 0
-0.73387241 24.198473 61.501114 0
1.3304336 24.29039 61.432343 0
1.7258933 24.302494 61.460789 0
1.861706 24.22266 61.598785 0
-1.22949 24.479782 61.402534 0
-5.0484076 27.129536 61.525936 0
0.72206736 27.65929 61.446491 0
0.75616598 27.886198 61.557652 0
7.5240169 27.828804 61.500549 0
0.58337545 28.009977 61.427277 0
3.0943499 32.386288 61.57972 0
-59.822819 8.5204372 61.666916 0
-59.108284 9.3520966 61.716698 0
-58.997299 9.4478111 61.699409 0
-61.372021 10.165789 61.661621 0
-61.146645 10.98122 61.749805 0
-59.948654 11.384707 61.610661 0
-47.383358 11.500022 61.747906 0
-40.89093 13.187075 61.733116 0
-44.576477 14.737946 61.615456 0
-37.181587 15.560942 61.754822 0
-40.020691 18.58556 61.731178 0
-19.639925 21.763556 61.65873 0
-18.803524 21.749567 61.716778 0
7.9973121 22.203424 61.718933 0
-14.337029 22.450089 61.782467 0
-0.56558537 24.092464 61.656597 0
2.003705 24.130598 61.725273 0
0.8869071 27.682922 61.681259 0
7.5272436 27.841509 61.685856 0
6.8655272 34.598709 61.790062 0
-67.632957 5.2112904 61.89505 0
-65.233162 7.71772 61.956497 0
-65.622826 7.826086 61.872593 0
-64.44088 8.4250593 61.859478 0
-64.304741 8.4556866 61.874996 0
-64.197533 8.4332771 61.900841 0
-58.918705 9.3997669 61.86552 0
-62.015965 10.967931 61.870579 0
-61.934582 10.910616 61.961029 0
-61.046223 10.901893 61.873741 0
-41.206875 13.046808 61.869968 0
-58.954731 14.209786 61.997143 0
-50.518032 14.561447 61.867149 0
-32.30957 17.438147 61.907967 0
-33.016376 17.740356 61.876225 0
-40.961555 21.783365 61.837704 0
-40.116592 21.643839 61.876526 0
8.1436691 22.281849 61.848232 0
-9.7365904 22.634659 61.991661 0
-7.1794014 23.315735 61.853455 0
-12.188442 23.638723 61.91658 0
-35.804352 23.973793 61.93438 0
2.294323 23.943153 61.986164 0
-0.3653512 24.02459 61.807411 0
2.1466691 24.039667 61.856258 0
-8.8942585 26.384644 61.906284 0
1.0490022 27.523056 61.804951 0
7.5970516 27.925575 61.956287 0
1.6812897 30.43047 61.834366 0
3.2772059 32.273941 61.866638 0
-65.324127 7.6612821 62.079914 0
-65.17646 7.6677532 62.022228 0
-65.620979 7.853332 62.062157 0
-57.684795 8.5392551 62.167458 0
-58.725674 9.3401432 62.179932 0
-61.851395 10.824656 62.094574 0
-62.069954 11.399088 62.182594 0
-47.261425 11.309628 62.121719 0
-61.994396 11.530939 62.06472 0
-43.452213 14.141254 62.146324 0
-50.262707 14.496083 62.076824 0
-36.804214 15.348676 62.090897 0
-39.865402 16.49416 62.104942 0
-23.419769 20.57946 62.144733 0
-24.150459 20.866566 62.143959 0
-39.355938 21.555126 62.064365 0
-12.45356 22.511862 62.162479 0
-15.390891 22.759802 62.112495 0
-6.8757267 23.118982 62.095749 0
-12.626415 23.367607 62.176414 0
-11.739956 23.447557 62.054199 0
-6.6569676 25.802395 62.175629 0
2.670881 27.331104 62.097912 0
7.620265 33.126743 62.09481 0
-5.695241 34.273579 62.096153 0
-1.5664062 34.563599 62.140377 0
-2.4343987 34.623322 62.191872 0
-66.308853 7.2013559 62.258873 0
-65.137589 7.6243687 62.305859 0
-61.704483 10.70076 62.288521 0
-60.821243 10.702611 62.249191 0
-47.002243 11.094713 62.396961 0
-62.00629 11.333829 62.282299 0
-62.090549 11.683816 62.236355 0
-61.663246 12.025465 62.227783 0
-41.131577 12.876152 62.39431 0
-46.400848 13.712535 62.276131 0
-43.033333 13.910887 62.315277 0
-49.99601 14.397453 62.266891 0
-39.540733 17.048542 62.221207 0
-27.927063 19.138311 62.212227 0
-28.653263 19.437563 62.204773 0
-11.489252 23.234226 62.371384 0
3.8426843 24.047142 62.325428 0
4.3336101 24.794376 62.394928 0
4.5202684 25.054741 62.376972 0
4.6586037 25.250872 62.364662 0
4.7573028 25.405611 62.358219 0
2.8537848 27.208412 62.29002 0
2.7976589 27.762857 62.386684 0
2.7135506 27.845186 62.269188 0
7.6445069 27.989601 62.25032 0
2.9400756 28.417547 62.371887 0
3.3528757 32.103401 62.211281 0
-0.80913258 34.46434 62.231842 0
-69.754799 -1.3364935 62.548717 0
-64.9562 7.5178843 62.572144 0
-61.836304 11.162081 62.545509 0
-61.895443 11.229012 62.445312 0
-61.688896 12.079438 62.512825 0
-43.857246 13.076865 62.458553 0
-47.450367 13.759524 62.525784 0
-43.926479 13.937922 62.400864 0
-37.947414 15.784905 62.471355 0
-32.955498 17.504057 62.456833 0
-19.028605 21.560343 62.5821 0
-14.334812 22.442698 62.512238 0
-37.429729 23.010448 62.509647 0
-12.488088 23.194305 62.593704 0
-3.2044978 23.954119 62.458523 0
4.060554 24.41264 62.421741 0
-2.6420286 24.926043 62.54966 0
-2.5452085 25.029442 62.515884 0
-7.6948452 25.683208 62.492199 0
2.9963753 27.118656 62.420486 0
3.1005223 27.050297 62.522335 0
2.9606507 27.685146 62.503586 0
7.65729 28.016447 62.462048 0
3.0412867 28.429537 62.560455 0
-2.2499218 28.786337 62.579647 0
-64.96624 7.505228 62.699894 0
-59.910316 9.9560165 62.758823 0
-59.601616 9.9927816 62.75124 0
-59.780968 10.06658 62.739697 0
-61.743908 11.077774 62.677711 0
-42.817932 13.690767 62.652908 0
-41.013542 17.324883 62.762337 0
-32.562984 17.289188 62.778191 0
-39.338402 17.993263 62.702137 0
-37.573692 21.960985 62.790901 0
-14.624424 22.260422 62.645241 0
-12.384212 23.496048 62.674957 0
-1.0412049 24.335497 62.76598 0
-2.4443374 24.984776 62.672024 0
-10.108501 27.037733 62.676815 0
3.1112461 27.530731 62.703484 0
3.1887681 28.431686 62.785202 0
7.7070532 34.046574 62.652363 0
0.92411518 36.240517 62.760838 0
-64.897156 7.4433308 62.814968 0
-59.52903 9.9266853 62.849663 0
-55.254436 10.450232 62.853714 0
-54.417423 11.37249 62.812904 0
-61.762615 12.127472 62.895462 0
-43.814301 13.767919 62.819416 0
-43.683632 14.06551 62.890842 0
-37.126247 15.22399 62.947906 0
-36.823631 15.378887 62.820286 0
-20.100479 21.9007 62.92448 0
0.51154923 25.331493 62.960686 0
0.6163165 25.331266 62.964149 0
-9.8265591 26.90206 62.990898 0
7.6963511 28.08408 62.924297 0
3.3031514 28.355074 62.895947 0
-59.31477 9.7418432 63.15815 0
-59.423634 9.8387766 63.006687 0
-54.376495 11.446404 63.169029 0
-11.080379 12.346745 63.112522 0
-52.150532 14.388001 63.000965 0
-52.072769 14.659551 63.111668 0
-40.778896 17.187366 63.113808 0
-33.70433 17.695019 63.157677 0
-48.865734 18.567024 63.084026 0
-35.858948 18.700384 63.198341 0
-28.177246 18.980707 63.088272 0
-36.720844 20.467638 63.076904 0
-23.661732 20.408514 63.020206 0
-2.0688429 21.514311 63.025139 0
-14.508266 22.06794 63.152184 0
-16.497078 22.898933 63.178963 0
-16.957912 23.105179 63.056374 0
-12.259754 23.331228 63.08614 0
-6.7102928 23.949348 63.066193 0
-0.3084777 24.331038 63.153545 0
-0.10605651 24.388456 63.149479 0
-0.18041223 24.446707 63.111179 0
-6.04949 25.008959 63.080952 0
0.54901338 25.260096 63.045052 0
0.68997574 25.330994 63.002361 0
-13.618892 25.80929 63.023045 0
-31.93425 26.261581 63.03019 0
2.5000186 28.140495 63.140472 0
3.5666733 28.174763 63.165035 0
2.3421373 28.227755 63.009781 0
4.7612414 31.992582 63.141766 0
-10.333052 33.67178 63.142498 0
2.0120087 33.790546 63.071468 0
-66.051155 8.9576979 63.275902 0
-65.788284 9.3011608 63.378941 0
-65.469337 9.6325512 63.372467 0
-59.202312 9.6384878 63.308979 0
-65.255409 9.8592386 63.369999 0
-65.077164 10.034198 63.363533 0
-64.959579 10.170704 63.362747 0
-53.994358 11.135014 63.393776 0
-54.131802 11.253078 63.220085 0
-61.73484 12.240092 63.259735 0
-58.121536 12.770247 63.389965 0
-58.207832 12.842901 63.277931 0
-43.600731 13.923176 63.325096 0
-52.030018 14.330778 63.219131 0
-51.876797 14.239732 63.393215 0
-51.919239 14.521228 63.255074 0
-38.961483 16.044128 63.399384 0
-39.385544 16.266422 63.232468 0
-50.622383 16.89576 63.394741 0
-29.231827 19.355604 63.3992 0
-24.713251 20.757528 63.331875 0
-19.048008 21.573689 63.33046 0
-17.240095 21.987431 63.317978 0
-17.409 22.849533 63.328381 0
-11.998815 23.111368 63.345314 0
-0.15065508 24.323298 63.31303 0
-37.275105 24.445627 63.398472 0
2.6702392 28.022758 63.309441 0
2.2768495 28.691965 63.306282 0
-59.095085 9.5512743 63.472614 0
-53.864498 11.028402 63.580093 0
-61.775402 12.286847 63.552326 0
-58.010223 12.673676 63.542236 0
-58.040096 13.318577 63.451637 0
-57.986595 13.237041 63.585819 0
-57.734543 13.853568 63.532707 0
-51.709114 14.143896 63.55867 0
-51.797688 14.389822 63.427666 0
-39.769188 15.192451 63.543861 0
-37.065269 15.069736 63.492012 0
-39.861885 16.059654 63.499271 0
-32.580849 17.315105 63.510117 0
-48.744492 18.452698 63.404682 0
-19.328949 21.388855 63.451134 0
-36.544044 21.42057 63.552773 0
-16.25316 22.68824 63.504322 0
-11.702813 22.917612 63.596855 0
-1.1010611 23.675415 63.45121 0
-35.70118 24.050539 63.52623 0
-36.426838 24.280506 63.407658 0
0.060766876 24.241907 63.508469 0
-5.5367532 24.782795 63.585579 0
-5.6897664 24.875204 63.410992 0
-6.0308962 25.063046 63.478611 0
2.8000512 27.950541 63.417461 0
-4.2877035 28.32209 63.4095 0
-4.0813494 28.242151 63.536911 0
-4.2173691 28.59268 63.511333 0
2.350081 28.563372 63.446774 0
2.4929876 28.463232 63.587257 0
2.2196393 28.912582 63.431091 0
-6.2918262 34.310593 63.560333 0
-53.706593 10.966915 63.771503 0
-61.744583 12.363379 63.762218 0
-57.890171 12.575407 63.690491 0
-57.876591 13.140568 63.739429 0
-43.376633 13.694273 63.609535 0
-57.651455 13.869802 63.729095 0
-38.74474 15.831307 63.741459 0
-42.574535 16.122986 63.778442 0
-46.954212 17.185875 63.738171 0
-32.884575 17.157326 63.643166 0
-48.696045 18.318813 63.754307 0
-23.67746 20.424248 63.759014 0
-17.262516 22.66827 63.729218 0
2.5303822 23.769773 63.716007 0
0.20588586 24.219921 63.715729 0
-5.3725076 24.679218 63.745945 0
-3.4273188 25.273293 63.706463 0
-3.3144782 25.385223 63.662674 0
-3.0837262 25.330025 63.710724 0
-11.460706 25.598948 63.648422 0
-14.835568 26.486853 63.779186 0
-3.9573054 28.188181 63.760269 0
-27.89028 28.288033 63.774368 0
-3.877593 28.345455 63.782955 0
2.7090654 28.33279 63.781082 0
-4.0562406 28.469458 63.654507 0
2.5911827 28.412767 63.667526 0
2.5261075 29.30748 63.734352 0
-1.7130461 32.975876 63.687592 0
-5.5291338 34.208729 63.655449 0
-7.139926 34.479946 63.645363 0
2.0979328 34.723774 63.611721 0
-56.585972 11.101114 63.967838 0
-61.736496 12.429154 63.987885 0
-57.809227 12.502007 63.809837 0
-57.743629 13.049035 63.885452 0
-43.113167 13.485477 63.884907 0
-58.331085 13.926384 63.95232 0
-57.537807 13.869929 63.97176 0
-39.755615 15.902422 63.932507 0
-39.617661 16.188692 63.987083 0
-46.691124 17.124489 63.941967 0
-35.168991 18.163158 63.958622 0
-28.488483 18.83371 63.951004 0
-28.192801 19.001297 63.822163 0
-37.018581 19.504646 63.865017 0
-23.971039 20.251669 63.889446 0
-31.667105 20.649261 63.900093 0
-19.236084 21.214201 63.979664 0
-21.206123 22.063927 63.974007 0
-21.658918 22.270451 63.83939 0
-17.153381 22.967976 63.804207 0
2.6690912 23.858011 63.854527 0
0.3061952 24.144297 63.873402 0
-5.1731415 24.6106 63.897926 0
-18.303371 24.937529 63.808617 0
-2.898869 25.212753 63.883186 0
-33.777237 25.599724 63.981903 0
-12.48982 25.486635 63.941704 0
-3.7641888 28.107904 63.904701 0
-3.1383615 31.013399 63.934856 0
-14.907825 32.754951 63.831093 0
-1.5584478 32.850754 63.992477 0
2.8401546 33.25016 63.940426 0
-63.87466 7.9615293 64.170364 0
-60.691425 11.256511 64.117493 0
-60.560654 11.259841 64.127106 0
-56.520195 11.40202 64.127075 0
-55.823975 12.251428 64.17408 0
-55.715542 12.349908 64.156693 0
-58.323669 13.780261 64.189308 0
-57.456383 13.786838 64.103706 0
-58.399654 13.838812 64.095123 0
-43.608864 16.138355 64.017944 0
-32.793766 16.980919 64.161415 0
-46.427578 17.032007 64.135422 0
-34.735905 17.943626 64.115334 0
-36.033157 19.892885 64.038574 0
-21.957249 21.160551 64.115013 0
-22.113237 22.022469 64.109146 0
-22.862766 23.775177 64.190186 0
-2.6895027 25.081478 64.081978 0
-14.570052 26.354618 64.109436 0
-7.3581996 29.025164 64.198746 0
2.4998159 29.301195 64.023933 0
-23.700447 30.052864 64.151772 0
-19.368948 31.540237 64.178894 0
-3.7818995 35.976879 64.179214 0
-67.564529 8.9819384 64.250465 0
-61.685623 10.457978 64.268097 0
-61.512463 10.492895 64.245667 0
-55.632008 12.29715 64.315414 0
-61.823502 12.421608 64.203484 0
-58.240032 13.695608 64.323303 0
-58.403191 14.394839 64.295761 0
-39.447392 16.022959 64.349045 0
-55.417881 17.153477 64.200851 0
-35.521908 17.071714 64.251244 0
-35.630497 17.936993 64.213036 0
-36.778133 19.369841 64.213371 0
-30.786053 19.792471 64.283752 0
-25.83987 20.962505 64.394478 0
-26.277403 21.165771 64.24012 0
-20.969803 21.856907 64.306854 0
-27.332066 22.345596 64.230049 0
-17.032419 22.805632 64.216911 0
-8.0412378 24.285885 64.341484 0
-33.917595 24.541294 64.269218 0
-2.4739773 24.944859 64.283295 0
-2.2254038 28.361889 64.375313 0
-7.0670733 28.957726 64.362198 0
2.5040331 29.320829 64.208252 0
-1.4648991 32.694931 64.325089 0
-67.570778 8.9967489 64.442024 0
-61.527309 10.437656 64.460159 0
-58.033546 13.536045 64.579933 0
-58.141335 13.615811 64.451263 0
-57.192436 13.6015 64.466629 0
-58.469292 14.265245 64.411568 0
-58.397644 14.2052 64.508598 0
-58.484261 14.559221 64.46019 0
-34.506191 17.725899 64.445473 0
-31.127159 18.702026 64.583 0
-28.390169 18.65366 64.46611 0
-31.247318 19.560673 64.546623 0
-30.349106 19.580494 64.437866 0
-26.595901 20.063538 64.52581 0
-23.870897 20.071136 64.406097 0
-35.836979 20.842009 64.516701 0
-26.739298 20.929388 64.512115 0
-21.97644 21.84919 64.520111 0
-21.865915 22.149857 64.594101 0
-16.783741 22.592617 64.490738 0
-33.040092 23.064507 64.548279 0
-8.0037622 24.545668 64.491608 0
-7.4575672 25.505678 64.593277 0
-19.496052 25.634544 64.527328 0
-7.3654623 25.617428 64.572388 0
-32.569855 26.496574 64.490013 0
-33.417465 26.647999 64.485168 0
-2.104238 28.3001 64.458923 0
-2.1170769 28.848431 64.571754 0
2.5436974 29.386019 64.487213 0
-2.7271519 33.517345 64.531609 0
2.9189854 34.173336 64.492157 0
-67.520905 9.0417786 64.622368 0
-54.379574 11.462613 64.61274 0
-51.600086 12.975239 64.740967 0
-50.790939 13.929041 64.713181 0
-58.259361 14.064533 64.721901 0
-58.089191 14.940748 64.643402 0
-39.306061 15.827124 64.710655 0
-35.515018 17.774479 64.639023 0
-35.388943 18.069727 64.704292 0
-30.118998 19.368902 64.771782 0
-25.596764 20.745087 64.715385 0
-32.862476 21.435236 64.601952 0
-16.489944 22.397148 64.744812 0
-16.222509 25.078547 64.769501 0
-1.0473974 25.353413 64.621712 0
-7.2657452 25.571297 64.726906 0
-0.82202834 25.747623 64.727486 0
-0.57534343 26.131174 64.722343 0
-31.823896 26.382944 64.652153 0
-0.41137582 26.392504 64.721703 0
-0.28191912 26.594809 64.719666 0
-0.1853314 26.739433 64.708679 0
-1.8252878 28.124165 64.729118 0
-1.9742818 28.210691 64.601982 0
-2.0222108 28.776812 64.683609 0
-1.9077771 29.42227 64.685677 0
2.5954883 29.463501 64.780907 0
-10.183739 33.623032 64.707619 0
-11.804678 33.814228 64.634949 0
-10.939265 33.830639 64.659035 0
-61.266922 10.310886 64.890594 0
-58.141022 13.945144 64.902771 0
-58.156925 14.942675 64.848305 0
-39.02879 15.61414 64.974457 0
-48.584023 16.979792 64.88739 0
-48.478836 17.245855 64.96859 0
-38.544216 18.264732 64.878601 0
-31.126436 19.396786 64.970596 0
-26.61459 20.764519 64.935059 0
-45.379032 21.22134 64.95372 0
-32.59866 21.296444 64.930023 0
-28.527809 23.101244 64.936218 0
-11.561336 24.120461 64.835213 0
-24.070911 24.505186 64.915207 0
-5.8598037 24.919344 64.839066 0
-10.880977 25.201708 64.848213 0
-19.238449 25.504492 64.865173 0
-0.51680237 26.726864 64.899277 0
-1.7259238 28.056826 64.836143 0
-1.9247127 28.663984 64.845131 0
-1.7343209 28.601435 64.950783 0
-1.8094947 29.436584 64.875542 0
2.5902925 29.474489 64.990913 0
-66.242523 1.3595037 65.097847 0
-56.499657 12.939502 65.184059 0
-56.319572 12.873607 65.19873 0
-15.881187 12.936116 65.075111 0
-50.480984 13.786142 65.088043 0
-50.740166 13.989097 65.053246 0
-58.160015 14.989332 65.029396 0
-48.460747 16.924618 65.103958 0
-48.339653 17.113873 65.127518 0
-35.29285 17.922672 65.132111 0
-39.594315 18.269516 65.142967 0
-31.012859 19.700632 65.047653 0
-26.497078 21.061466 65.003014 0
-21.75618 21.997231 65.017479 0
-32.866684 24.021242 65.02076 0
-17.256824 24.982578 65.058548 0
-10.533958 25.078241 65.196045 0
-4.2353826 26.34683 65.188507 0
-29.952324 27.910728 65.08728 0
-29.392086 28.537245 65.198586 0
-9.1273651 28.511757 65.186028 0
-1.7247789 28.472805 65.088638 0
-2.4658313 29.343237 65.16098 0
-1.683713 29.430344 65.113457 0
-2.6482658 34.452034 65.066223 0
-56.632439 12.851995 65.226616 0
-56.248428 12.819652 65.305748 0
-50.359749 13.697979 65.288017 0
-58.137211 15.048922 65.203613 0
-48.252464 16.908649 65.282295 0
-47.091221 19.516605 65.2658 0
-30.819805 19.523895 65.388237 0
-43.214409 19.611397 65.29364 0
-26.303448 20.888281 65.346207 0
-45.260216 21.106903 65.276787 0
-21.508465 21.781881 65.290756 0
-6.8102732 22.438091 65.212219 0
-28.267193 22.966642 65.269302 0
-23.808052 24.371988 65.247101 0
-10.36655 24.96954 65.349709 0
-10.865589 25.258419 65.243919 0
-5.1014328 25.287605 65.389725 0
-4.9410787 25.364691 65.364777 0
-4.3103628 26.232254 65.269714 0
-4.1588836 26.295475 65.243134 0
-30.05481 26.853491 65.363495 0
-27.787899 28.345577 65.376198 0
-28.516129 28.551189 65.263916 0
-8.8986902 28.43116 65.29174 0
-9.0315914 28.782442 65.259819 0
-12.37257 28.833246 65.352737 0
-2.4228592 29.170256 65.389626 0
-2.5082011 29.227907 65.303017 0
-1.5594971 29.36249 65.220139 0
-14.772177 32.724648 65.398888 0
-16.396496 32.931461 65.317108 0
-15.516069 32.895924 65.308716 0
-8.4258127 35.376308 65.226219 0
-62.384148 11.730255 65.534508 0
-56.137665 12.726491 65.456223 0
-50.216373 13.579416 65.460045 0
-58.190079 15.083857 65.48793 0
-48.137402 16.744743 65.443069 0
-35.055515 17.697752 65.409874 0
-42.954281 19.55583 65.497772 0
-21.260952 21.567028 65.570183 0
-32.316303 22.503708 65.496964 0
-20.908409 24.256523 65.528244 0
-10.210267 24.87261 65.520966 0
-4.9844298 25.290758 65.517838 0
-8.7829819 28.379089 65.522415 0
-8.7129669 28.536516 65.553551 0
-12.091524 28.793787 65.539635 0
-8.8855419 28.659809 65.418625 0
-2.3030672 29.098438 65.500427 0
-1.295846 29.192614 65.49678 0
2.5550377 29.472448 65.436852 0
-1.9178524 32.978092 65.416359 0
-6.5233693 33.151295 65.433952 0
-0.16067791 33.033909 65.503891 0
-62.128658 12.080209 65.635559 0
-61.800377 12.425754 65.622475 0
-55.915939 12.545057 65.76635 0
-61.607227 12.65168 65.622017 0
-56.024384 12.628209 65.60482 0
-61.453655 12.828833 65.620781 0
-61.315643 12.979291 65.616402 0
-50.046658 13.508383 65.640198 0
-58.183784 15.162986 65.77858 0
-54.970722 15.758296 65.704155 0
-34.793545 17.507879 65.693535 0
-30.663162 19.323921 65.740471 0
-42.651657 19.432976 65.642265 0
-34.354908 20.160637 65.610336 0
-26.144014 20.689625 65.698242 0
-45.20797 20.973438 65.625908 0
-5.8924446 24.60844 65.663338 0
-10.018148 24.809734 65.682243 0
-4.7415929 25.197472 65.749413 0
-29.139402 25.394234 65.628021 0
-4.8708634 25.277548 65.625916 0
-8.263339 25.859579 65.740891 0
-8.1483526 25.967308 65.693634 0
-7.9170103 25.910608 65.743637 0
-8.5986385 28.299839 65.67556 0
-11.850836 28.781828 65.785019 0
-2.0606387 28.951897 65.726089 0
-2.1918867 29.020531 65.616577 0
-2.542954 29.533318 65.753975 0
-2.6210513 29.60355 65.666603 0
-2.6645427 29.898417 65.73143 0
-23.576508 30.152826 65.774734 0
-25.19051 30.35804 65.635689 0
-24.325809 30.290636 65.649269 0
-2.3555012 30.283764 65.745567 0
-7.9567752 31.200636 65.68187 0
-19.985352 31.753662 65.679466 0
-20.838543 31.904749 65.717461 0
-7.4043865 32.908428 65.619026 0
-6.3484435 33.042503 65.726898 0
-55.797165 12.439365 65.917496 0
-58.167919 15.225814 65.984016 0
-54.776932 15.593848 65.976013 0
-54.887947 15.687667 65.82135 0
-54.732059 16.1672 65.998749 0
-54.826916 16.237064 65.888832 0
-54.53582 16.775887 65.96875 0
-35.402824 20.144482 65.880486 0
-25.854731 20.488087 65.955605 0
-30.00391 21.795111 65.955193 0
-25.508968 23.159679 65.918404 0
-32.139549 23.454866 65.977852 0
-21.949886 24.179113 65.815903 0
-2.3864512 24.999613 65.949394 0
-4.6025023 25.178915 65.890396 0
-7.7377505 25.800255 65.926033 0
-2.3339562 29.433992 65.932045 0
-25.934368 29.956648 65.837021 0
-19.244591 31.622936 65.805573 0
-1.8118134 33.913769 65.950027 0
-13.006812 34.458309 65.910637 0
-52.909588 13.870157 66.027542 0
-52.201725 14.770302 66.074593 0
-52.0928 14.864933 66.050529 0
-54.662502 15.499385 66.129219 0
-54.65416 16.064018 66.172897 0
-54.436993 16.79973 66.154945 0
-30.440029 19.119963 66.043007 0
-4.6024013 25.155474 66.023918 0
-4.503655 25.099346 66.118599 0
-2.3260801 25.035995 66.129753 0
-7.6001797 25.712566 66.059105 0
-7.4563618 25.616756 66.18869 0
-28.981812 26.352703 66.104073 0
-26.016253 28.895725 66.106155 0
-2.1739266 29.327162 66.090897 0
-2.3756423 30.292864 66.043015 0
-6.281642 32.877029 66.075005 0
-7.3078156 33.852688 66.138 0
-52.014908 14.829498 66.224617 0
-47.739792 15.271269 66.265495 0
-54.578682 15.427978 66.247581 0
-54.52087 15.975466 66.319534 0
-46.947006 16.236629 66.230728 0
-55.119812 16.842539 66.384308 0
-39.219566 21.701883 66.373703 0
-31.036232 21.749504 66.215775 0
-26.553362 23.101973 66.200134 0
-16.38596 24.012772 66.277382 0
-12.854172 24.761353 66.24176 0
-15.708501 25.062 66.280113 0
-7.3182569 25.533161 66.332489 0
-12.306043 25.7225 66.343681 0
-12.214306 25.835236 66.325111 0
-25.075481 27.45142 66.356293 0
-2.3991828 30.297674 66.329712 0
-21.750378 31.744034 66.2108 0
-11.992456 31.993231 66.331657 0
-17.4307 33.243183 66.240601 0
-57.504524 14.114756 66.570938 0
-57.297657 14.117525 66.572182 0
-50.741287 14.011314 66.503891 0
-57.365677 14.212324 66.541634 0
-58.181576 15.336863 66.443069 0
-46.896755 16.29855 66.573029 0
-55.181065 16.756184 66.525085 0
-54.28199 16.761269 66.465118 0
-44.805748 19.33573 66.408875 0
-44.722794 19.606586 66.506035 0
-38.958641 21.650385 66.579643 0
-41.672588 23.64518 66.461754 0
-28.41004 24.84182 66.574295 0
-12.115339 25.788145 66.478294 0
-13.919593 28.362963 66.590065 0
-7.0699549 28.952646 66.41011 0
-6.9611235 28.888723 66.50705 0
-2.3648584 30.351885 66.505035 0
-21.814018 30.67804 66.472702 0
-17.482231 32.171474 66.49501 0
-6.6089344 32.371147 66.517113 0
-60.551605 10.757593 66.652641 0
-63.898956 11.733453 66.713089 0
-58.408218 13.3014 66.729446 0
-58.230965 13.350133 66.710526 0
-57.415733 14.091051 66.642548 0
-46.635136 16.1033 66.608582 0
-55.066933 16.654865 66.690094 0
-55.196781 17.312878 66.725967 0
-44.50206 19.192184 66.779968 0
-44.673481 19.280834 66.618584 0
-44.567825 19.474936 66.652245 0
-52.264851 20.132986 66.605568 0
-38.675018 21.565331 66.757805 0
-43.35743 21.901342 66.783066 0
-41.556057 23.529671 66.787788 0
-15.363864 24.937603 66.630615 0
-15.698288 25.125473 66.678963 0
-10.718833 25.135983 66.617645 0
-16.850889 28.331562 66.648994 0
-13.70347 28.282143 66.709961 0
-13.850584 28.634325 66.690315 0
-6.6980724 28.713362 66.789597 0
-6.8216586 28.802265 66.641785 0
-20.843918 29.248615 66.704567 0
-6.8709488 29.370338 66.720589 0
-6.9768696 29.435961 66.617783 0
-6.7687254 30.010338 66.731102 0
-2.3466084 30.404455 66.791771 0
-16.479231 30.758905 66.702599 0
-63.780079 11.814395 66.867973 0
-59.318977 12.79335 66.989326 0
-20.817829 13.134547 66.834846 0
-58.298634 13.299361 66.864143 0
-46.36393 15.900334 66.978027 0
-46.51252 16.018997 66.80957 0
-54.915554 16.538525 66.88176 0
-53.980797 16.539227 66.895912 0
-55.265938 17.177694 66.845665 0
-55.191963 17.119934 66.941994 0
-55.25206 17.491615 66.873451 0
-54.883324 17.823687 66.881973 0
-44.356716 19.109493 66.965187 0
-44.429722 19.345768 66.815292 0
-15.049658 24.73773 66.967613 0
-15.214193 24.84524 66.807976 0
-5.8976827 26.281136 66.838623 0
-5.6907988 26.66618 66.948883 0
-5.4572277 27.05735 66.957191 0
-5.2951035 27.32572 66.960869 0
-5.1541777 27.537725 66.956741 0
-5.0588675 27.658546 66.931511 0
-16.592381 28.290956 66.861542 0
-13.553666 28.31004 66.956268 0
-24.929588 28.409777 66.837059 0
-13.681237 28.511936 66.826775 0
-6.5817699 28.64856 66.885071 0
-6.7342958 29.281475 66.860504 0
-6.6708035 30.027283 66.920174 0
-11.904331 32.938511 66.845451 0
-11.290878 32.980438 66.823402 0
-62.401073 3.648983 67.030739 0
-58.06348 13.183971 67.164566 0
-58.162758 13.271699 67.020256 0
-53.011181 15.333094 67.114555 0
-52.665092 15.347682 67.149612 0
-52.884693 15.441895 67.087601 0
-46.195683 15.837141 67.161339 0
-54.813843 16.458857 67.012802 0
-55.07029 17.022673 67.103119 0
-54.90871 17.876659 67.167641 0
-11.670362 23.013781 67.199341 0
-41.491013 23.398956 67.132507 0
-35.101078 23.600765 67.164597 0
-14.862669 24.678053 67.134895 0
-28.256416 25.792728 67.060661 0
-5.4056368 27.664034 67.136269 0
-13.410347 28.152719 67.099976 0
-6.6275725 29.174797 67.013412 0
-6.5809975 29.066744 67.13385 0
-7.3335781 29.932009 67.197327 0
-6.5417085 30.026373 67.156143 0
-20.725645 30.202307 67.197952 0
-2.3229008 30.46101 67.090561 0
-12.734615 31.049959 67.073418 0
-11.117007 32.874962 67.117477 0
-6.5032139 33.310238 67.042046 0
-57.970459 13.183529 67.286583 0
-52.587448 15.317209 67.356384 0
-55.006088 16.958866 67.20298 0
-54.9058 16.879919 67.334335 0
-43.6838 17.307924 67.39991 0
-42.917397 18.29595 67.375168 0
-34.810238 23.520645 67.326263 0
-21.180847 23.576107 67.372604 0
-20.492937 24.620392 67.370445 0
-9.9026785 25.927116 67.373672 0
-9.7671452 25.920832 67.391998 0
-24.33564 26.90522 67.295906 0
-9.2205887 26.829613 67.254021 0
-9.0906029 26.878386 67.252769 0
-8.9815226 26.883247 67.276039 0
-21.504337 27.543087 67.355392 0
-7.3742356 29.820286 67.336182 0
-6.4309969 29.952183 67.271034 0
-2.3749971 30.425592 67.296173 0
-11.221094 31.455517 67.247208 0
-16.365728 31.711582 67.201981 0
-57.881943 13.077415 67.563484 0
-52.400066 15.136479 67.50248 0
-52.478649 15.203434 67.40564 0
-49.044376 16.149651 67.558678 0
-48.260925 17.142218 67.578583 0
-54.978237 17.899223 67.460381 0
-40.829254 21.422848 67.54142 0
-34.536884 23.440842 67.512535 0
-30.779226 25.176922 67.503906 0
-9.8497887 25.876091 67.524254 0
-13.118004 26.077185 67.462936 0
-12.816207 26.158339 67.426834 0
-12.731303 26.110874 67.52771 0
-13.009567 26.20455 67.438744 0
-7.2880397 29.764683 67.422913 0
-7.1728983 29.691261 67.537743 0
-6.1222496 29.773382 67.594292 0
-6.1956396 29.806774 67.500069 0
-7.4520125 30.347982 67.579056 0
-11.05159 32.714626 67.466248 0
-5.0403924 33.623825 67.561867 0
-52.289223 15.055483 67.663254 0
-48.372326 17.055285 67.613472 0
-48.174984 17.095238 67.739609 0
-54.936615 17.97756 67.632347 0
-42.599873 18.164932 67.746643 0
-51.417801 18.287189 67.608803 0
-51.330063 18.218319 67.722145 0
-42.857845 18.345137 67.702827 0
-51.269886 18.769415 67.782303 0
-40.682663 21.367069 67.739273 0
-40.596149 21.566158 67.786865 0
-40.743797 21.693628 67.632553 0
-20.150593 24.494606 67.722679 0
-20.491724 24.696365 67.778877 0
-17.717264 24.650421 67.675827 0
-30.517355 25.132057 67.708717 0
-10.758121 25.196754 67.659584 0
-37.79475 25.78701 67.603966 0
-17.096092 25.666786 67.745346 0
-9.5771484 25.768713 67.793701 0
-9.7392225 25.856979 67.632126 0
-12.597499 26.026442 67.664589 0
-26.069687 26.474318 67.713814 0
-21.290384 27.532509 67.621651 0
-24.173519 27.859684 67.78093 0
-18.674957 27.905745 67.658958 0
-18.460712 27.824102 67.781235 0
-18.588421 28.176889 67.741302 0
-20.092749 28.706951 67.63723 0
-6.9409013 29.542387 67.770233 0
-7.0503654 29.621443 67.650002 0
-7.4012241 30.146881 67.780655 0
-15.712753 30.220398 67.624802 0
-7.4816966 30.20966 67.690346 0
-7.535223 30.496117 67.758148 0
-2.3352802 30.516596 67.760391 0
-7.2305908 30.877251 67.777626 0
-11.101608 32.401825 67.758308 0
-52.166519 14.949893 67.812592 0
-55.052933 17.936607 67.831223 0
-51.211353 18.126368 67.872047 0
-42.461067 18.064728 67.928238 0
-51.181416 18.699793 67.897766 0
-50.979477 19.318472 67.855354 0
-40.527874 21.285301 67.915886 0
-40.453266 21.438864 67.947189 0
-39.42794 24.01465 67.917618 0
-20.007509 24.40733 67.908035 0
-30.228914 25.05475 67.882248 0
-37.655716 25.679798 67.918137 0
-16.953192 25.677996 67.89267 0
-9.4716425 25.776634 67.906715 0
-12.464119 25.943768 67.804443 0
-12.326932 25.856438 67.943031 0
-7.2591248 25.913906 67.93679 0
-25.794754 26.400772 67.897934 0
-18.425549 28.054312 67.884895 0
-7.2607584 30.050915 67.926102 0
-15.993132 32.494804 67.851242 0
-59.132576 14.562515 68.000526 0
-58.858303 14.932541 68.094582 0
-58.570328 15.269445 68.086304 0
-58.357777 15.508005 68.077827 0
-58.207806 15.687515 68.074966 0
-58.092434 15.764352 68.034882 0
-58.089584 15.810398 68.059235 0
-46.880348 16.302664 68.014183 0
-51.008194 17.96417 68.142097 0
-42.316654 17.957767 68.10466 0
-55.001244 18.025118 68.012436 0
-51.089241 18.03352 68.021393 0
-51.068935 18.606464 68.054695 0
-39.448566 19.074286 68.130676 0
-50.8904 19.340046 68.048477 0
-38.698994 20.078922 68.109291 0
-40.351967 21.198301 68.077774 0
-25.903624 22.848585 68.116837 0
-25.206007 23.888964 68.111115 0
-19.846996 24.301626 68.071999 0
-15.562321 25.014277 68.052727 0
-12.186237 25.765741 68.082558 0
-9.4424801 25.725624 68.070107 0
-7.2561989 25.905199 68.133202 0
-18.337694 27.774107 68.00399 0
-18.161772 27.695282 68.166039 0
-18.272278 27.931568 68.038979 0
-11.87582 29.184925 68.074951 0
-19.957136 29.657574 68.133362 0
-7.1259899 29.945717 68.07119 0
-17.457985 30.585039 68.112457 0
-7.2289844 30.916021 68.062958 0
-15.595394 31.166546 68.131691 0
-15.833694 32.385433 68.154213 0
-25.744656 13.181172 68.332306 0
-58.440002 15.870587 68.214706 0
-42.130032 17.877279 68.268875 0
-54.938522 18.125496 68.208565 0
-50.952751 18.513241 68.210106 0
-50.775551 19.344494 68.291702 0
-36.67617 23.252234 68.300385 0
-36.583195 23.522276 68.381836 0
-19.656511 24.236277 68.235046 0
-37.60574 25.54154 68.271751 0
-7.1962318 25.944992 68.312294 0
-23.346752 27.153234 68.363808 0
-33.710617 27.675501 68.371689 0
-11.738691 29.076111 68.287857 0
-11.877217 29.637938 68.370125 0
-7.2868271 30.888783 68.361237 0
-58.335377 5.7267351 68.587372 0
-56.881237 13.176374 68.572578 0
-54.641045 15.846195 68.593559 0
-53.859894 16.578022 68.512871 0
-53.719803 16.626635 68.46476 0
-54.959923 18.163244 68.416489 0
-51.639454 19.277424 68.42717 0
-51.561279 19.221493 68.521355 0
-50.68721 19.26535 68.422409 0
-38.376247 19.950634 68.478798 0
-38.643703 20.133783 68.445732 0
-35.061871 20.596062 68.496552 0
-34.33226 21.615799 68.481552 0
-30.543962 21.86187 68.492249 0
-48.787048 22.714577 68.494438 0
-29.83556 22.897053 68.489578 0
-36.530251 23.198265 68.49942 0
-36.447075 23.398394 68.547852 0
-24.866568 23.762455 68.465416 0
-25.144461 23.93368 68.443604 0
-23.196869 27.10141 68.560326 0
-23.104334 27.302364 68.59613 0
-23.265316 27.424866 68.450706 0
-11.544129 28.947268 68.506676 0
-11.590488 29.515057 68.579948 0
-11.732457 29.600164 68.443687 0
-11.622565 30.240967 68.445221 0
-7.2442098 30.958546 68.536263 0
-20.604034 31.715469 68.509682 0
-15.751952 32.239456 68.49382 0
-54.735252 15.76134 68.708611 0
-54.585064 15.788536 68.65287 0
-49.18103 17.57748 68.640251 0
-48.799603 17.583366 68.735474 0
-49.0611 17.706127 68.628082 0
-48.879223 17.649233 68.641953 0
-44.996586 18.153164 68.702576 0
-51.468285 19.142292 68.65239 0
-51.373638 19.063303 68.783325 0
-50.44463 19.082331 68.79287 0
-44.286072 19.109806 68.734619 0
-51.725689 19.699621 68.745735 0
-51.6497 19.835485 68.615746 0
-38.243912 19.863323 68.671692 0
-51.718536 20.013422 68.774185 0
-51.360111 20.349634 68.782639 0
-36.375446 23.118608 68.676407 0
-36.287205 23.270372 68.694954 0
-24.722757 23.672548 68.64888 0
-22.51754 24.250084 68.756805 0
-32.370117 24.821966 68.690315 0
-32.284103 25.092886 68.775703 0
-35.317833 25.866962 68.685822 0
-27.920555 26.124521 68.711212 0
-27.830706 26.395199 68.791428 0
-23.023422 27.023384 68.721703 0
-22.946615 27.179325 68.746635 0
-33.581997 27.562569 68.692558 0
-11.44149 28.88168 68.612755 0
-29.48037 29.296013 68.777077 0
-11.482441 29.410334 68.733047 0
-11.525718 30.259996 68.6343 0
-55.685925 15.239222 68.906586 0
-54.569977 15.755207 68.895271 0
-48.686333 17.501715 68.890694 0
-55.03875 18.216175 68.856949 0
-51.278027 18.983433 68.91571 0
-44.147846 19.11689 68.886124 0
-51.647026 19.645191 68.840446 0
-38.097862 19.759264 68.847923 0
-51.366871 20.393345 68.971237 0
-34.007881 21.493574 68.851494 0
-34.277126 21.670219 68.819626 0
-29.503561 22.771774 68.849724 0
-29.771259 22.938892 68.814697 0
-36.209148 23.036255 68.845802 0
-16.562162 23.266047 68.921005 0
-24.558792 23.560776 68.808563 0
-24.386141 23.512354 68.992043 0
-32.220898 24.768829 68.886589 0
-32.126549 24.968048 68.923302 0
-21.88652 25.261692 68.820465 0
-21.741875 25.268448 68.962975 0
-17.962662 25.985207 68.863327 0
-27.760672 26.07066 68.897972 0
-17.857054 26.122751 68.851021 0
-17.665512 26.077085 68.843971 0
-17.573189 26.011698 68.926758 0
-27.68762 26.273041 68.952629 0
-22.838165 26.943176 68.876266 0
-10.782706 26.875284 68.828568 0
-14.091607 27.089514 68.977699 0
-13.914817 27.147522 68.953766 0
-10.570453 27.272762 68.942856 0
-10.342712 27.653769 68.950348 0
-10.17802 27.923252 68.954361 0
-10.043663 28.132292 68.953934 0
-9.9525719 28.301975 68.962158 0
-11.450495 29.300058 68.86232 0
-22.121616 29.816597 68.805717 0
-12.187871 30.173491 68.901711 0
-11.285491 30.190012 68.985954 0
-11.397277 30.262238 68.870186 0
-25.10351 30.642822 68.826241 0
-7.2650051 30.971561 68.825302 0
-20.460196 31.602036 68.822548 0
-54.462254 15.677022 69.037376 0
-54.349514 15.643892 69.194572 0
-48.448265 17.315193 69.189514 0
-48.569733 17.41272 69.041389 0
-42.838959 18.350433 69.149132 0
-51.501793 19.511271 69.054596 0
-37.911797 19.684338 69.013443 0
-51.438999 20.386633 69.178612 0
-47.636707 20.577719 69.137589 0
-33.859764 21.391413 69.025551 0
-33.706657 21.283875 69.195946 0
-29.195948 22.562325 69.188431 0
-29.346161 22.662649 69.013016 0
-32.060692 24.690056 69.059227 0
-20.367462 24.600693 69.15181 0
-31.987629 24.844959 69.088905 0
-27.607527 25.994087 69.077232 0
-17.447498 25.940134 69.078804 0
-27.512026 26.146841 69.087219 0
-14.842743 26.124912 69.109154 0
-14.643985 26.175295 69.109978 0
-14.713344 26.245924 69.074028 0
-13.995463 27.076569 69.043083 0
-33.524529 27.423988 69.043182 0
-31.048485 27.457443 69.082397 0
-26.640678 28.775795 69.122711 0
-29.358473 29.178051 69.102097 0
-12.235453 30.0595 69.04467 0
-12.144083 30.0089 69.128929 0
-24.951826 30.535788 69.13456 0
-7.2184043 31.060839 69.122375 0
-20.379051 31.461447 69.162575 0
-60.534077 14.607193 69.252136 0
-54.36364 15.63169 69.328529 0
-48.329716 17.227285 69.347466 0
-51.358509 19.407492 69.232552 0
-51.443508 20.431799 69.359596 0
-47.55938 20.509884 69.261902 0
-47.506748 21.062592 69.320541 0
-33.530239 21.224953 69.373947 0
-47.227299 21.61755 69.394119 0
-29.017782 22.504677 69.364838 0
-31.874039 24.606071 69.2127 0
-17.178619 25.766378 69.357491 0
-27.423313 25.912386 69.232323 0
-17.317696 25.86035 69.22258 0
-14.67569 26.114979 69.293228 0
-12.027258 29.937925 69.244339 0
-11.915318 29.863136 69.36322 0
-11.051936 30.04619 69.218887 0
-10.97682 30.014578 69.313499 0
-12.338213 30.511095 69.342171 0
-7.2353745 31.067287 69.3312 0
-9.8904076 33.848782 69.260078 0
-30.678352 12.878552 69.492569 0
-54.284073 15.56245 69.435341 0
-40.77335 19.889858 69.451317 0
-47.324757 20.330053 69.56636 0
-51.463978 20.46114 69.542641 0
-47.437191 20.419939 69.41008 0
-47.424576 20.992708 69.441521 0
-47.306332 20.901875 69.595192 0
-40.079704 20.861942 69.487869 0
-47.141167 21.638878 69.589256 0
-27.24159 23.556366 69.481918 0
-26.643539 24.502485 69.540993 0
-26.551172 24.618246 69.528404 0
-17.034252 25.666714 69.492767 0
-14.458603 26.030853 69.51638 0
-29.280632 29.044493 69.442566 0
-16.739174 29.095581 69.503448 0
-11.798005 29.789541 69.481964 0
-24.883728 30.393299 69.481514 0
-12.262603 30.393564 69.483292 0
-12.396899 30.740479 69.45713 0
-12.090027 31.121325 69.47599 0
-54.066082 7.548254 69.730988 0
-45.15773 19.580803 69.798607 0
-45.036774 19.697681 69.773735 0
-44.853432 19.643684 69.785751 0
-47.222294 20.260445 69.674347 0
-47.186832 20.810837 69.748894 0
-39.943874 20.87657 69.64537 0
-31.906519 22.342745 69.690842 0
-26.45933 24.577196 69.689819 0
-14.357248 26.022663 69.695389 0
-16.507828 28.944822 69.753296 0
-16.646469 29.029686 69.616852 0
-16.657991 29.577518 69.716377 0
-12.081758 30.269882 69.676041 0
-7.2426848 31.117092 69.791199 0
-55.523209 17.011589 69.916565 0
-54.635788 18.147211 69.990677 0
-54.50803 18.29493 69.981758 0
-49.956364 18.91823 69.980804 0
-44.776432 19.590479 69.888504 0
-38.61541 20.12665 69.89093 0
-51.419441 20.568815 69.814873 0
-36.394855 21.383923 69.838448 0
-47.902527 21.551624 69.981682 0
-46.925636 21.570389 69.957787 0
-47.027672 21.643963 69.832779 0
-35.768684 22.310854 69.887093 0
-35.665115 22.40922 69.857246 0
-31.864244 22.62141 69.839096 0
-31.26712 23.543955 69.897369 0
-31.172068 23.656322 69.882309 0
-25.091557 23.890244 69.890968 0
-22.704395 25.673237 69.921814 0
-22.455406 25.682972 69.89933 0
-22.370802 25.63121 69.997635 0
-14.264085 25.948488 69.858696 0
-12.161356 26.509409 69.906242 0
-16.37965 28.858326 69.898918 0
-16.482275 29.471611 69.889267 0
-16.428249 30.160034 69.808952 0
-16.380413 30.156914 69.943443 0
-11.918694 30.171038 69.838181 0
-12.178926 31.087379 69.888474 0
-53.004982 15.350418 70.126007 0
-55.273212 17.376015 70.012642 0
-54.992844 17.719332 70.003777 0
-54.803532 17.958059 70.000275 0
-50.963867 17.98053 70.192047 0
-50.819347 18.061203 70.14019 0
-50.050995 18.815468 70.059738 0
-49.889275 18.843317 70.028061 0
-44.655476 19.497238 70.031708 0
-44.538063 19.414021 70.184441 0
-51.459793 20.611452 70.108223 0
-47.81435 21.501894 70.06929 0
-47.706478 21.429672 70.19339 0
-35.570892 22.358755 70.010307 0
-31.077209 23.607332 70.035286 0
-45.110806 25.046421 70.035049 0
-22.243677 25.5529 70.144165 0
-12.099508 26.548683 70.179321 0
-16.271828 28.793604 70.001938 0
-16.319048 29.321701 70.12178 0
-16.32506 30.179445 70.08226 0
-12.144533 31.149734 70.05764 0
-35.548679 12.296365 70.31649 0
-50.853207 17.981392 70.325134 0
-50.759357 18.011019 70.201897 0
-44.414692 19.319954 70.332451 0
-51.438343 20.681475 70.315147 0
-47.622986 21.347225 70.328888 0
-46.67115 21.392269 70.325745 0
-34.241302 21.652992 70.264343 0
-47.919678 21.907295 70.392433 0
-47.95187 22.041008 70.231529 0
-47.982159 22.289341 70.322983 0
-43.674755 22.595146 70.296753 0
-47.623318 22.639439 70.327278 0
-29.724886 22.905518 70.257782 0
-21.442726 23.237734 70.329971 0
-22.112989 25.468273 70.285767 0
-18.879856 27.067373 70.327988 0
-18.739365 27.062607 70.354385 0
-16.273392 29.216438 70.243561 0
-17.014696 30.092012 70.273293 0
-16.220524 30.175722 70.245697 0
-16.106941 30.105646 70.361725 0
-12.103983 31.220568 70.233215 0
-49.645283 9.1135197 70.454704 0
-50.739201 17.986227 70.446945 0
-44.28896 19.224327 70.483749 0
-47.515965 21.272196 70.457024 0
-40.95422 21.305021 70.557098 0
-40.654606 21.385065 70.553589 0
-40.838055 21.433388 70.54071 0
-47.819794 21.795223 70.555855 0
-43.526428 22.484596 70.487595 0
-43.500534 23.048412 70.531784 0
-43.274483 23.643225 70.546974 0
-21.911592 25.33638 70.500732 0
-19.700945 26.082302 70.503189 0
-19.539778 26.154333 70.481094 0
-18.847244 27.000895 70.41848 0
-15.660263 27.157307 70.522942 0
-21.507383 28.705215 70.539497 0
-17.049229 29.99168 70.406288 0
-16.975901 29.928919 70.503296 0
-12.13631 31.225319 70.52047 0
-45.065781 10.423354 70.792618 0
-40.373764 11.478745 70.73233 0
-50.608978 17.878983 70.623528 0
-50.51466 17.882484 70.744438 0
-51.461155 20.78175 70.770523 0
-40.511436 21.279303 70.720093 0
-47.658096 21.727667 70.710159 0
-43.341812 22.351887 70.711487 0
-47.675171 22.669128 70.625031 0
-43.3395 22.92432 70.746132 0
-43.189159 23.664713 70.7425 0
-27.473827 24.932016 70.635376 0
-27.091442 24.964849 70.717117 0
-27.360229 25.054138 70.60817 0
-27.176895 25.021648 70.623489 0
-20.512228 25.413307 70.761993 0
-19.522728 26.056789 70.701866 0
-15.469356 27.53013 70.635872 0
-15.225709 27.926632 70.642715 0
-15.061493 28.193972 70.646385 0
-21.276381 28.555687 70.789665 0
-14.854421 28.504333 70.638229 0
-21.408857 28.641014 70.647255 0
-21.448685 29.168602 70.763702 0
-16.752274 29.783934 70.740768 0
-16.867228 29.855019 70.623032 0
-15.850959 29.941772 70.650337 0
-17.158108 30.443148 70.703354 0
-14.676016 33.762497 70.60627 0
-50.526882 17.873135 70.878288 0
-40.328384 21.14819 70.940971 0
-43.257782 22.285187 70.830948 0
-47.773132 22.6604 70.921722 0
-36.594749 22.784901 70.956444 0
-43.222282 22.834185 70.901756 0
-36.478596 22.907227 70.932747 0
-36.293228 22.859802 70.94191 0
-43.865021 23.667425 70.980034 0
-43.112743 23.693096 70.946823 0
-32.097763 24.003284 70.986046 0
-31.982307 24.122393 70.957985 0
-31.794289 24.073137 70.9608 0
-26.961958 24.877474 70.856209 0
-19.324926 25.977564 70.910095 0
-21.146549 28.469934 70.93454 0
-21.316256 29.125559 70.849831 0
-21.18083 29.040112 70.992378 0
-21.19912 29.761034 70.842278 0
-16.630917 29.713821 70.858864 0
-17.082542 30.328281 70.845894 0
-16.954641 30.225807 70.999924 0
-17.220203 30.669592 70.817558 0
-16.911911 31.045601 70.83564 0
-12.099775 31.307755 70.816566 0
-57.022743 16.956652 71.11232 0
-50.419853 17.775095 71.019043 0
-46.087109 20.784986 71.177605 0
-45.931721 20.849598 71.149078 0
-40.207024 21.065004 71.094666 0
-47.688187 22.773689 71.07959 0
-36.20911 22.798409 71.034431 0
-36.090172 22.723373 71.188782 0
-43.94302 23.562584 71.136841 0
-42.981911 23.594347 71.115067 0
-43.02832 23.651585 71.021812 0
-31.706032 24.006449 71.046928 0
-39.48101 24.318865 71.134247 0
-26.836594 24.799704 71.005379 0
-26.701704 24.705967 71.144516 0
-19.225582 25.967289 71.089996 0
-41.226646 27.108152 71.19426 0
-21.046692 28.404953 71.043541 0
-21.082951 28.935783 71.152763 0
-21.09774 29.786987 71.027443 0
-16.880356 30.159594 71.089363 0
-16.933529 31.073851 71.128891 0
-12.101028 31.341202 71.031296 0
-56.906597 17.042122 71.266304 0
-48.922379 17.262684 71.284111 0
-46.931519 19.93931 71.354767 0
-46.731388 19.964956 71.360077 0
-46.790298 20.020647 71.301826 0
-45.994541 20.776739 71.255119 0
-45.844887 20.814011 71.208954 0
-40.080074 20.973057 71.245872 0
-35.966782 22.639212 71.336266 0
-47.68961 22.845785 71.361031 0
-43.868439 23.506315 71.232651 0
-43.761414 23.43523 71.355957 0
-31.522722 23.891933 71.27533 0
-43.968567 24.118849 71.326111 0
-39.304901 24.199059 71.33461 0
-39.31773 24.771997 71.375671 0
-26.570608 24.622005 71.294899 0
-39.409111 24.838652 71.260612 0
-39.139267 25.407635 71.329781 0
-19.133137 25.907269 71.256897 0
-23.673162 26.711456 71.367966 0
-23.568396 26.702866 71.372078 0
-26.099611 27.961294 71.330475 0
-26.194246 28.025459 71.219231 0
-20.900787 29.744728 71.3451 0
-21.017559 29.811516 71.230385 0
-16.73937 30.108482 71.206848 0
-51.723022 19.206394 71.476265 0
-51.46249 19.586792 71.568848 0
-51.184341 19.936598 71.557861 0
-46.823498 19.933786 71.4841 0
-46.71619 19.91819 71.598198 0
-50.996292 20.178276 71.552399 0
-50.836918 20.367567 71.543282 0
-50.728355 20.498167 71.530373 0
-35.837818 22.546219 71.48037 0
-26.272675 22.92432 71.40126 0
-43.658688 23.361113 71.482948 0
-42.704086 23.425831 71.474167 0
-31.330505 23.761801 71.49408 0
-44.031494 23.984348 71.452461 0
-43.95483 23.928585 71.54805 0
-39.183308 24.111427 71.48645 0
-44.075798 24.26877 71.506744 0
-39.199905 24.682865 71.530579 0
-39.089432 25.411589 71.461815 0
-24.510086 25.72809 71.544991 0
-24.310438 25.77387 71.547752 0
-35.215313 25.845261 71.485626 0
-24.373186 25.83625 71.497986 0
-23.642012 26.656605 71.467461 0
-23.496967 26.703684 71.415428 0
-30.763987 27.071968 71.531998 0
-25.965134 27.877172 71.470345 0
-26.087257 28.515497 71.404785 0
-25.998844 28.447397 71.523094 0
-25.848675 29.094582 71.489334 0
-21.736347 29.55619 71.521248 0
-21.818674 29.610826 71.430328 0
-16.960579 31.105747 71.503838 0
-12.116871 31.390911 71.490944 0
-19.395712 33.364075 71.595955 0
-47.806061 19.370356 71.621407 0
-46.58292 19.823059 71.780342 0
-35.707657 22.454166 71.62941 0
-47.676811 22.932148 71.655365 0
-43.554092 23.285881 71.611908 0
-31.195822 23.666599 71.639069 0
-43.827087 23.836302 71.706619 0
-39.09346 24.045155 71.602829 0
-39.067284 24.595901 71.677505 0
-43.711559 24.700787 71.775459 0
-39.739429 25.41143 71.774208 0
-39.048664 25.432262 71.608521 0
-38.946289 25.431662 71.773537 0
-35.128822 25.779964 71.603615 0
-34.997253 25.694233 71.746353 0
-24.340776 25.732929 71.735474 0
-35.078583 26.289448 71.743195 0
-17.075792 26.785696 71.790756 0
-34.853935 26.902609 71.751015 0
-30.539227 26.922071 71.787697 0
-30.667597 27.007683 71.641663 0
-30.658308 27.560417 71.720657 0
-25.833038 27.791937 71.614456 0
-25.73814 27.72711 71.727257 0
-25.888371 28.351814 71.679733 0
-25.77766 29.10528 71.6959 0
-21.624014 29.485086 71.640846 0
-21.519512 29.409336 71.764549 0
-20.656006 29.569864 71.632217 0
-20.576883 29.541847 71.726349 0
-21.93668 30.004303 71.773682 0
-46.48444 19.825203 71.897659 0
-41.901348 22.484703 71.953461 0
-41.71748 22.550598 71.951408 0
-47.699654 22.965569 71.862892 0
-43.705154 23.73852 71.86898 0
-25.324591 25.087229 71.811752 0
-39.79668 25.314734 71.918747 0
-38.857422 25.353767 71.903839 0
-34.869968 25.607723 71.894089 0
-34.912056 26.169855 71.950378 0
-34.801403 26.907389 71.881081 0
-30.41503 26.836056 71.937401 0
-17.005362 26.837168 71.962883 0
-20.533321 27.121384 71.894684 0
-30.503469 27.450211 71.910965 0
-30.425287 28.128193 71.810959 0
-25.756687 28.261925 71.822235 0
-37.154137 28.906088 71.994713 0
-25.644989 29.117662 71.928879 0
-21.395725 29.341408 71.882828 0
-21.851383 29.951653 71.863571 0
-21.972734 30.306599 71.823997 0
-16.942108 31.188541 71.876137 0
-44.673603 18.909687 72.051956 0
-46.411716 19.75172 72.137711 0
-46.496803 19.810373 72.031502 0
-42.730396 21.623554 72.131233 0
-42.562038 21.675297 72.104889 0
-31.037441 22.304012 72.118515 0
-41.80761 22.48209 72.033752 0
-47.690208 23.033482 72.088661 0
-43.777046 24.716921 72.069145 0
-39.611073 25.187979 72.13781 0
-29.10067 25.193708 72.186516 0
-39.721317 25.258129 72.015091 0
-34.771282 25.541954 72.005112 0
-39.877556 25.789875 72.185196 0
-24.033268 25.639286 72.075157 0
-34.7924 26.08181 72.103531 0
-28.450798 26.020538 72.079956 0
-28.291574 26.067221 72.089737 0
-30.306725 26.770815 72.04216 0
-34.715317 26.94455 72.08342 0
-30.308798 27.3204 72.13298 0
-20.314331 27.520708 72.003754 0
-20.078697 27.899336 72.00679 0
-30.333496 28.151506 72.002312 0
-19.909838 28.16535 72.007881 0
-19.782768 28.367809 72.009293 0
-19.692335 28.535961 72.017052 0
-26.452442 28.922302 72.135437 0
-25.538139 29.046095 72.050323 0
-21.669048 29.835361 72.059387 0
-21.66127 30.714725 72.029343 0
-17.006882 31.170616 72.171913 0
-43.59914 21.02771 72.396843 0
-42.618252 21.628244 72.263351 0
-42.511578 21.609344 72.375305 0
-47.721725 23.064405 72.319328 0
-37.551716 23.938086 72.368782 0
-37.345688 23.968739 72.370468 0
-37.417835 24.035582 72.321693 0
-43.747856 24.784868 72.241821 0
-39.522846 25.1075 72.271042 0
-39.39798 25.040173 72.392586 0
-38.578396 25.187435 72.259941 0
-33.063313 25.106878 72.399681 0
-32.892342 25.149685 72.384758 0
-29.23447 25.103092 72.240936 0
-29.078819 25.121998 72.305283 0
-32.930485 25.212849 72.356735 0
-23.947109 25.561319 72.309235 0
-39.821159 25.67362 72.338493 0
-24.04014 25.61692 72.208374 0
-39.923084 26.029041 72.283188 0
-39.575928 26.394533 72.286644 0
-35.50264 26.794193 72.340393 0
-34.622276 26.903669 72.232483 0
-34.541195 26.860979 72.30941 0
-30.216898 28.156681 72.244072 0
-30.104565 28.088438 72.363029 0
-26.303127 28.823057 72.304031 0
-25.291174 28.883278 72.347549 0
-26.593544 29.411343 72.371162 0
-21.527725 29.725039 72.23098 0
-21.715469 30.696949 72.236099 0
-16.982697 31.230316 72.379089 0
-24.033138 32.667305 72.224556 0
-40.264042 20.292912 72.443604 0
-42.376717 21.510672 72.555 0
-35.709381 21.438038 72.463043 0
-38.296772 23.092081 72.509323 0
-38.16806 23.07406 72.536385 0
-37.457973 23.930466 72.443993 0
-33.861259 24.211788 72.569855 0
-33.697323 24.262329 72.539032 0
-30.058079 24.475571 72.509979 0
-43.77739 24.830616 72.527473 0
-32.895317 25.131855 72.457047 0
-29.016613 25.09606 72.488785 0
-39.656395 25.551266 72.545326 0
-39.590065 26.450272 72.570641 0
-35.428493 26.736618 72.43737 0
-35.322639 26.664629 72.561455 0
-34.338451 26.711452 72.563904 0
-31.074104 27.998646 72.406059 0
-30.973431 27.956905 72.486298 0
-26.140316 28.713207 72.490036 0
-26.532827 29.289787 72.522095 0
-26.67433 29.625345 72.494537 0
-32.922657 30.433636 72.429718 0
-21.710831 30.752071 72.507935 0
-28.538639 31.688978 72.508629 0
-53.117584 19.18611 72.74575 0
-47.711853 21.132996 72.644234 0
-47.460655 21.516632 72.73764 0
-42.276981 21.516293 72.672501 0
-47.181026 21.86754 72.71891 0
-47.007595 22.11747 72.721901 0
-46.847237 22.311245 72.71122 0
-46.741398 22.446533 72.699738 0
-38.253036 23.052691 72.667053 0
-38.139034 23.05661 72.785156 0
-33.751095 24.206795 72.696762 0
-28.763416 25.013083 72.774269 0
-39.514233 25.447269 72.722038 0
-35.207405 26.596186 72.682549 0
-34.27227 26.689697 72.669998 0
-35.535175 27.144964 72.764687 0
-35.600941 27.211443 72.663933 0
-35.626156 27.516207 72.704437 0
-30.868603 27.883293 72.611237 0
-30.765867 27.808151 72.737793 0
-29.856964 27.931923 72.66452 0
-31.143566 28.483957 72.667107 0
-31.230268 28.69272 72.792282 0
-26.351742 29.175703 72.719612 0
-26.335403 30.050018 72.678589 0
-42.24527 21.46899 72.859024 0
-39.213169 22.450397 72.805695 0
-38.034019 22.9674 72.924751 0
-33.610867 24.189537 72.85112 0
-43.78373 24.899216 72.818703 0
-39.655396 26.462059 72.865692 0
-35.099411 26.522207 72.809891 0
-21.943628 26.792933 72.952072 0
-25.337345 26.804905 72.921349 0
-35.404278 27.053919 72.920647 0
-30.652699 27.736256 72.862274 0
-31.084328 28.363459 72.819809 0
-30.952511 28.270628 72.975876 0
-26.200766 29.074474 72.890503 0
-26.386497 30.041203 72.883492 0
-21.720612 30.811659 72.883377 0
-17.000675 31.285912 72.829071 0
-37.904194 22.958017 73.076515 0
-33.39621 24.116266 73.105759 0
-43.816551 24.917938 73.019707 0
-39.662716 26.500607 73.048531 0
-21.946774 26.789818 73.148102 0
-35.265739 26.965496 73.077141 0
-25.127634 27.193312 73.030205 0
-24.874243 27.579308 73.027023 0
-35.314396 27.924564 73.00016 0
-24.707483 27.841002 73.027763 0
-30.767883 28.138113 73.197075 0
-24.519199 28.11972 73.020607 0
-30.876432 28.212339 73.070885 0
-30.888983 29.131508 73.067802 0
-26.394857 30.071169 73.067101 0
-21.686193 30.901861 73.177345 0
-37.872093 22.901711 73.260612 0
-33.405281 24.098106 73.239456 0
-33.285511 24.019371 73.377075 0
-39.666515 26.559732 73.324295 0
-21.880909 26.840527 73.321602 0
-35.370499 27.941216 73.293915 0
-30.952183 29.134064 73.363106 0
-26.451477 30.052456 73.260498 0
-21.745836 30.878376 73.382072 0
-43.517319 22.803244 73.434471 0
-43.290493 23.178484 73.532997 0
-43.017349 23.545084 73.521431 0
-42.83139 23.797064 73.514755 0
-42.686733 23.990526 73.50872 0
-42.582443 24.116337 73.490906 0
-43.841175 25.007799 73.465271 0
-30.065701 26.199137 73.596504 0
-35.345875 28.002932 73.468124 0
-30.920349 29.202816 73.536469 0
-26.392525 30.166855 73.526863 0
-49.186489 21.000904 73.663513 0
-29.837875 26.597605 73.698792 0
-39.61758 26.678688 73.61779 0
-29.583395 26.977169 73.692902 0
-29.425594 27.231136 73.69516 0
-29.286383 27.431431 73.689171 0
-29.174109 27.608559 73.691223 0
-35.347404 28.068413 73.752007 0
-49.193726 21.01199 73.857971 0
-39.163757 24.205706 73.854309 0
-38.93716 24.588045 73.953148 0
-38.673019 24.957342 73.94342 0
-38.492725 25.211563 73.937927 0
-34.670006 25.343798 73.905464 0
-38.301422 25.481083 73.92984 0
-34.188927 26.103664 73.998886 0
-34.017132 26.358847 73.996277 0
-33.883629 26.552937 73.991997 0
-26.757229 26.506596 73.970596 0
-39.690605 26.659389 73.820427 0
-33.777172 26.685509 73.97377 0
-30.969097 29.218445 73.824722 0
-26.353735 30.267817 73.823151 0
-21.713089 31.001598 73.850525 0
-49.138153 21.063694 74.035103 0
-34.455921 25.724009 74.008575 0
-26.765793 26.503744 74.168312 0
-35.341202 28.141317 74.046722 0
-30.955732 29.295528 74.115479 0
-26.372091 30.292196 74.032845 0
-26.716867 26.546627 74.350594 0
-39.715374 26.744823 74.267723 0
-35.364998 28.165867 74.254166 0
-30.923624 29.374796 74.327553 0
-44.81551 22.760111 74.593094 0
-26.444981 30.306635 74.473648 0
-35.432423 28.204706 74.697891 0
-30.956982 29.438499 74.780052 0
-44.932922 22.696371 74.828873 0
-36.114933 25.106506 74.941849 0
-31.424608 25.991131 74.807854 0
-40.630707 24.006975 75.081673 0
-35.998417 25.198568 75.09288 0
-31.439251 25.989418 75.012032 0
-40.501701 24.105602 75.22686 0
-36.078583 25.154278 75.321007 0
